{"type":"FeatureCollection", "features": [
{"type":"Feature","geometry":{"type":"Point","coordinates":[200347.3611,551880.377]},"properties":{"A0":"127.00393178132947","A1":"37.56646005571267","A2":"서울 중구 을지로 234(을지로5가)","A3":"서울 중구 을지로5가 72-1","A4":"1114015100100720001","A5":"1","A6":"서울청","A7":"서울중부","A8":"을지","A9":"지구대","A10":"02-2279-1908","A11":"서울특별시 중구  을지로 234"}},
{"type":"Feature","geometry":{"type":"Point","coordinates":[201182.5631,551745.3321]},"properties":{"A0":"127.01338521581211","A1":"37.56524261338819","A2":"서울 중구 퇴계로 375-1(신당동)","A3":"서울 중구 신당동 250-10","A4":"1114016200102500010","A5":"2","A6":"서울청","A7":"서울중부","A8":"광희","A9":"지구대","A10":"02-2233-1444","A11":"서울특별시 중구  퇴계로 375-1"}},
{"type":"Feature","geometry":{"type":"Point","coordinates":[196955.7915,556137.4161]},"properties":{"A0":"126.9655248553255","A1":"37.604810647467346","A2":"서울 종로구 평창문화로 46(평창동)","A3":"서울 종로구 평창동 273-3","A4":"1111018300102730003","A5":"11","A6":"서울청","A7":"서울종로","A8":"평창","A9":"파출소","A10":"02-3701-4308","A11":"서울특별시 종로구  평창문화로 46"}},
{"type":"Feature","geometry":{"type":"Point","coordinates":[209133.4214,549438.4166]},"properties":{"A0":"127.10335086772008","A1":"37.54441301589854","A2":"서울 광진구 아차산로 567(광장동)","A3":"서울 광진구 광장동 231-1","A4":"1121510400102310001","A5":"102","A6":"서울청","A7":"서울광진","A8":"광나루","A9":"지구대","A10":"02-2285-7820","A11":"서울특별시 광진구 아차산로 567"}},
{"type":"Feature","geometry":{"type":"Point","coordinates":[306423.9582,614727.1177]},"properties":{"A0":"128.2137337213889","A1":"38.12641018196874","A2":"강원 인제군 북면 원통로 278 북면파출소","A3":"강원 인제군 북면 원통리 1685-10","A4":"5181032021116850010","A5":"1041","A6":"강원청","A7":"인제","A8":"북면","A9":"파출소","A10":"033-461-3112","A11":"강원도 인제군 북면 원통로 278 북면파출소"}},
{"type":"Feature","geometry":{"type":"Point","coordinates":[305748.9874,625293.6215]},"properties":{"A0":"128.2076078629923","A1":"38.22166086152039","A2":"강원 인제군 서화면 천도로81번길 28","A3":"강원 인제군 서화면 천도리 590-5","A4":"5181034021105900005","A5":"1042","A6":"강원청","A7":"인제","A8":"서화","A9":"파출소","A10":"033-462-4112","A11":"강원도 인제군 서화면 천도로81번길 28"}},
{"type":"Feature","geometry":{"type":"Point","coordinates":[227472.5248,616518.8107]},"properties":{"A0":"127.31341563099498","A1":"38.14840252908269","A2":"강원 철원군 갈말읍 명성로174번길 51","A3":"강원 철원군 갈말읍 신철원리 563-62","A4":"5178025621105630062","A5":"1044","A6":"강원청","A7":"철원","A8":"갈말","A9":"파출소","A10":"033-452-3117","A11":"강원도 철원군 갈말읍 명성로174번길 51"}},
{"type":"Feature","geometry":{"type":"Point","coordinates":[238825.2034,627024.8195]},"properties":{"A0":"127.44350078572424","A1":"38.24263153765219","A2":"강원 철원군 서면 와수로 232 김화파출소","A3":"강원 철원군 서면 와수리 895-4","A4":"5178031022108950004","A5":"1045","A6":"강원청","A7":"철원","A8":"김화","A9":"파출소","A10":"033-458-3333","A11":"강원도 철원군 서면 와수로 232 김화파출소"}},
{"type":"Feature","geometry":{"type":"Point","coordinates":[271337.872,606364.9686]},"properties":{"A0":"127.81279742842281","A1":"38.05453317502092","A2":"강원 화천군 간동면 파로호로 1144 간동파출소","A3":"강원 화천군 간동면 오음리 2-53","A4":"5179031024100020053","A5":"1046","A6":"강원청","A7":"화천","A8":"간동","A9":"파출소","A10":"033-442-5112","A11":"강원도 화천군 간동면 파로호로 1144 간동파출소"}},
{"type":"Feature","geometry":{"type":"Point","coordinates":[257444.2157,617637.6216]},"properties":{"A0":"127.65541597796533","A1":"38.15707132460328","A2":"강원 화천군 상서면 다파로 1625 상서파출소","A3":"강원 화천군 상서면 파포리 147-1","A4":"5179033025101470001","A5":"1047","A6":"강원청","A7":"화천","A8":"상서","A9":"파출소","A10":"033-441-6112","A11":"강원도 화천군 상서면 다파로 1625 상서파출소"}},
{"type":"Feature","geometry":{"type":"Point","coordinates":[261843.6735,611640.4661]},"properties":{"A0":"127.70509036017879","A1":"38.102755898350615","A2":"강원 화천군 화천읍 중앙로6길 40 하리파출소","A3":"강원 화천군 화천읍 하리 53-44","A4":"5179025022100530044","A5":"1048","A6":"강원청","A7":"화천","A8":"하리","A9":"파출소","A10":"033-442-3112","A11":"강원도 화천군 화천읍 중앙로6길 40 하리파출소"}},
{"type":"Feature","geometry":{"type":"Point","coordinates":[258556.0789,606727.6166]},"properties":{"A0":"127.66720881201812","A1":"38.05871841570963","A2":"강원 화천군 하남면 원천새싹길 8 하남파출소","A3":"강원 화천군 하남면 원천리 445-3","A4":"5179032021104450003","A5":"1049","A6":"강원청","A7":"화천","A8":"하남","A9":"파출소","A10":"033-441-2112","A11":"강원도 화천군 하남면 원천새싹길 8 하남파출소"}},
{"type":"Feature","geometry":{"type":"Point","coordinates":[245854.7506,607901.1017]},"properties":{"A0":"127.52256594164855","A1":"38.070021371100665","A2":"강원 화천군 사내면 포화로 1156 사내파출소","A3":"강원 화천군 사내면 사창리 385-5","A4":"5179034021103850005","A5":"1050","A6":"강원청","A7":"화천","A8":"사내","A9":"파출소","A10":"033-441-4112","A11":"강원도 화천군 사내면 포화로 1156 사내파출소"}},
{"type":"Feature","geometry":{"type":"Point","coordinates":[286487.1807,612147.5294]},"properties":{"A0":"127.98608345787534","A1":"38.10530049193701","A2":"강원 양구군 양구읍 택지길 74-45","A3":"강원 양구군 양구읍 상리 537-6","A4":"5180025021105370006","A5":"1051","A6":"강원청","A7":"양구","A8":"상리","A9":"파출소","A10":"033-481-3112","A11":"강원도 양구군 양구읍 택지길 74-45"}},
{"type":"Feature","geometry":{"type":"Point","coordinates":[206304.7686,549675.7539]},"properties":{"A0":"127.07134470922854","A1":"37.54657505346939","A2":"서울 광진구 능동로17길 39(화양동) 화양지구대","A3":"서울 광진구 화양동 122","A4":"1121510700101220000","A5":"103","A6":"서울청","A7":"서울광진","A8":"화양","A9":"지구대","A10":"02-2285-7810","A11":"서울특별시 광진구  능동로17길 39 화양지구대"}},
{"type":"Feature","geometry":{"type":"Point","coordinates":[290677.5268,612502.1536]},"properties":{"A0":"128.0338977307177","A1":"38.10808508175164","A2":"강원 양구군 국토정중앙면 삼팔선로 10-3","A3":"강원 양구군 국토정중앙면 용하리 414-12","A4":"5180031524104140012","A5":"1052","A6":"강원청","A7":"양구","A8":"국토정중앙","A9":"파출소","A10":"033-482-4113","A11":"강원도 양구군 국토정중앙면 삼팔선로 10-3"}},
{"type":"Feature","geometry":{"type":"Point","coordinates":[291428.5575,622892.5156]},"properties":{"A0":"128.04379300239717","A1":"38.20160158450304","A2":"강원 양구군 동면 금강산로 1685","A3":"강원 양구군 동면 임당리 584-2","A4":"5180032025105840002","A5":"1053","A6":"강원청","A7":"양구","A8":"동면","A9":"파출소","A10":"033-482-7112","A11":"강원도 양구군 동면 금강산로 1685"}},
{"type":"Feature","geometry":{"type":"Point","coordinates":[283403.0205,623486.6914]},"properties":{"A0":"127.95225148746074","A1":"38.207732568259736","A2":"강원 양구군 방산면 평화로 5192","A3":"강원 양구군 방산면 장평리 344-3","A4":"5180033024103440003","A5":"1054","A6":"강원청","A7":"양구","A8":"방산","A9":"파출소","A10":"033-481-5112","A11":"강원도 양구군 방산면 평화로 5192"}},
{"type":"Feature","geometry":{"type":"Point","coordinates":[299520.6887,632311.2618]},"properties":{"A0":"128.13747856007444","A1":"38.285579931008925","A2":"강원 양구군 해안면 펀치볼로 1313","A3":"강원 양구군 해안면 현리 160-4","A4":"5180034021101600004","A5":"1055","A6":"강원청","A7":"양구","A8":"해안","A9":"파출소","A10":"033-481-0712","A11":"강원도 양구군 해안면 펀치볼로 1313"}},
{"type":"Feature","geometry":{"type":"Point","coordinates":[238467.3828,448312.1249]},"properties":{"A0":"127.43009877623605","A1":"36.63246467428878","A2":"충북 청주시 흥덕구 진재로 16(복대동) 복대지구대","A3":"충북 청주시 흥덕구 복대동 3019","A4":"4311311400130190000","A5":"1056","A6":"충북청","A7":"청주흥덕","A8":"복대","A9":"지구대","A10":"043-270-3702","A11":"충청북도 청주시 흥덕구  진재로 16 복대지구대"}},
{"type":"Feature","geometry":{"type":"Point","coordinates":[238048.1318,447659.2882]},"properties":{"A0":"127.42537869794009","A1":"36.626599077529164","A2":"충북 청주시 흥덕구 가로수로 1158(강서동)","A3":"충북 청주시 흥덕구 강서동 34-1","A4":"4311311700100340001","A5":"1057","A6":"충북청","A7":"청주흥덕","A8":"강서","A9":"지구대","A10":"043-270-3703","A11":"충청북도 청주시 흥덕구  가로수로 1158"}},
{"type":"Feature","geometry":{"type":"Point","coordinates":[240803.6814,451160.6069]},"properties":{"A0":"127.45637121806146","A1":"36.65803503291195","A2":"충북 청주시 흥덕구 송절로64번길 13(봉명동)","A3":"충북 청주시 흥덕구 봉명동 2296-6","A4":"4311311500122960006","A5":"1058","A6":"충북청","A7":"청주흥덕","A8":"봉명","A9":"지구대","A10":"043-270-3705","A11":"충청북도 청주시 흥덕구 송절로 64번길 13"}},
{"type":"Feature","geometry":{"type":"Point","coordinates":[233385.667,452012.5141]},"properties":{"A0":"127.37344293749203","A1":"36.66600063002636","A2":"충북 청주시 흥덕구 옥산면 청주역로 662 옥산파출소","A3":"충북 청주시 흥덕구 옥산면 가락리 764-47","A4":"4311332025107640047","A5":"1059","A6":"충북청","A7":"청주흥덕","A8":"옥산","A9":"파출소","A10":"043-270-3708","A11":"충청북도 청주시 흥덕구 옥산면 청주역로 662 옥산파출소"}},
{"type":"Feature","geometry":{"type":"Point","coordinates":[229228.1001,445871.4098]},"properties":{"A0":"127.32670399414772","A1":"36.6107983096093","A2":"충북 청주시 흥덕구 오송읍 가로수로 197","A3":"충북 청주시 흥덕구 오송읍 오송리 141","A4":"4311325028101410000","A5":"1060","A6":"충북청","A7":"청주흥덕","A8":"오송","A9":"파출소","A10":"043-270-3707","A11":"충청북도 청주시 흥덕구 오송읍 가로수로 197"}},
{"type":"Feature","geometry":{"type":"Point","coordinates":[207080.403,552144.2167]},"properties":{"A0":"127.0801456234806","A1":"37.56881009904186","A2":"서울 광진구 동일로76가길 28(중곡동)","A3":"서울 광진구 중곡동 684","A4":"1121510100106840000","A5":"106","A6":"서울청","A7":"서울광진","A8":"중곡3","A9":"파출소","A10":"02-2285-7850","A11":"서울특별시 광진구 동일로76가길 28"}},
{"type":"Feature","geometry":{"type":"Point","coordinates":[232453.2175,447332.2657]},"properties":{"A0":"127.36281525130325","A1":"36.62385798120882","A2":"충북 청주시 흥덕구 강내면 가로수로 566 강내파출소","A3":"충북 청주시 흥덕구 강내면 탑연리 156-1","A4":"4311331031101560001","A5":"1061","A6":"충북청","A7":"청주흥덕","A8":"강내","A9":"파출소","A10":"043-270-3704","A11":"충청북도 청주시 흥덕구 강내면 가로수로 566 강내파출소"}},
{"type":"Feature","geometry":{"type":"Point","coordinates":[207310.1429,551584.2438]},"properties":{"A0":"127.08274048860432","A1":"37.56376293154433","A2":"서울 광진구 능동로 385(중곡동)","A3":"서울 광진구 중곡동 165-6","A4":"1121510100101650006","A5":"104","A6":"서울청","A7":"서울광진","A8":"중곡1","A9":"파출소","A10":"02-2285-7830","A11":"서울특별시 광진구 능동로 385"}},
{"type":"Feature","geometry":{"type":"Point","coordinates":[238822.4777,440212.0298]},"properties":{"A0":"127.43365945763748","A1":"36.559457670629214","A2":"충북 청주시 서원구 남이면 청남로 1205 남이파출소","A3":"충북 청주시 서원구 남이면 외천리 63-1","A4":"4311231022100630001","A5":"1062","A6":"충북청","A7":"청주흥덕","A8":"남이","A9":"파출소","A10":"043-270-3709","A11":"충청북도 청주시 서원구 남이면 청남로 1205 남이파출소"}},
{"type":"Feature","geometry":{"type":"Point","coordinates":[238006.0418,432152.3216]},"properties":{"A0":"127.42414368998305","A1":"36.486862811630374","A2":"충북 청주시 서원구 현도면 청남로 358 현도파출소","A3":"충북 청주시 서원구 현도면 선동리 499-2","A4":"4311232026104990002","A5":"1063","A6":"충북청","A7":"청주흥덕","A8":"현도","A9":"파출소","A10":"043-270-3710","A11":"충청북도 청주시 서원구 현도면 청남로 358 현도파출소"}},
{"type":"Feature","geometry":{"type":"Point","coordinates":[246056.3274,447250.8277]},"properties":{"A0":"127.51488320315497","A1":"36.62256441162192","A2":"충북 청주시 상당구 용암북로160번길 7(용암동) 용암지구대","A3":"충북 청주시 상당구 용암동 2663","A4":"4311112400126630000","A5":"1064","A6":"충북청","A7":"청주상당","A8":"용암","A9":"지구대","A10":"043-280-1701","A11":"충청북도 청주시 상당구  용암북로160번길 7 용암지구대"}},
{"type":"Feature","geometry":{"type":"Point","coordinates":[243787.5918,445707.4276]},"properties":{"A0":"127.48943298731419","A1":"36.60876330653806","A2":"충북 청주시 서원구 분평로 37(분평동) 분평지구대","A3":"충북 청주시 서원구 분평동 1254","A4":"4311210600112540000","A5":"1065","A6":"충북청","A7":"청주상당","A8":"분평","A9":"지구대","A10":"043-280-1703","A11":"충청북도 청주시 서원구  분평로 37 분평지구대"}},
{"type":"Feature","geometry":{"type":"Point","coordinates":[243892.5745,448801.8297]},"properties":{"A0":"127.49078263186108","A1":"36.63664198551031","A2":"충북 청주시 상당구 상당로 94(문화동) 성안지구대","A3":"충북 청주시 상당구 문화동 89-6","A4":"4311110700100890006","A5":"1066","A6":"충북청","A7":"청주상당","A8":"성안","A9":"지구대","A10":"043-280-1711","A11":"충청북도 청주시 상당구  상당로 94 성안지구대"}},
{"type":"Feature","geometry":{"type":"Point","coordinates":[258575.2173,448651.2353]},"properties":{"A0":"127.65493791760449","A1":"36.63449790584898","A2":"충북 청주시 상당구 미원면 미원시내2길 43","A3":"충북 청주시 상당구 미원면 미원리 536-1","A4":"4311132021105360001","A5":"1067","A6":"충북청","A7":"청주상당","A8":"미원","A9":"파출소","A10":"043-280-1708","A11":"충청북도 청주시 상당구 미원면 미원시내2길 43"}},
{"type":"Feature","geometry":{"type":"Point","coordinates":[245821.9018,441741.8195]},"properties":{"A0":"127.51193397755428","A1":"36.57293450276019","A2":"충북 청주시 상당구 남일면 단재로 657","A3":"충북 청주시 상당구 남일면 고은리 550-1","A4":"4311134028105500001","A5":"1068","A6":"충북청","A7":"청주상당","A8":"남일","A9":"파출소","A10":"043-280-1706","A11":"충청북도 청주시 상당구 남일면 단재로 657"}},
{"type":"Feature","geometry":{"type":"Point","coordinates":[244568.7655,435149.1841]},"properties":{"A0":"127.49755376001647","A1":"36.51358552439314","A2":"충북 청주시 상당구 문의면 문의시내로 1","A3":"충북 청주시 상당구 문의면 미천리 211-10","A4":"4311135022102110010","A5":"1069","A6":"충북청","A7":"청주상당","A8":"문의","A9":"파출소","A10":"043-280-1707","A11":"충청북도 청주시 상당구 문의면 문의시내로 1"}},
{"type":"Feature","geometry":{"type":"Point","coordinates":[248467.022,440488.2419]},"properties":{"A0":"127.54140623280057","A1":"36.56150686553083","A2":"충북 청주시 상당구 남일면 보청대로 4761","A3":"충북 청주시 상당구 남일면 두산리 42","A4":"4311134026100420000","A5":"1070","A6":"충북청","A7":"청주상당","A8":"가덕","A9":"파출소","A10":"043-280-1705","A11":"충청북도 청주시 상당구  남일면 보청대로 4761"}},
{"type":"Feature","geometry":{"type":"Point","coordinates":[243635.0314,450856.3005]},"properties":{"A0":"127.48802030783855","A1":"36.655167381058824","A2":"충북 청주시 청원구 중앙로 202(내덕동) 내덕지구대","A3":"충북 청주시 청원구 내덕동 216-13","A4":"4311410200102160013","A5":"1071","A6":"충북청","A7":"청주청원","A8":"내덕","A9":"지구대","A10":"043-251-1701","A11":"충청북도 청주시 청원구  중앙로 202 내덕지구대"}},
{"type":"Feature","geometry":{"type":"Point","coordinates":[207199.8471,551195.165]},"properties":{"A0":"127.08148826236881","A1":"37.560258160202565","A2":"서울 광진구 능동로 346(중곡동)","A3":"서울 광진구 중곡동 47-33","A4":"1121510100100470033","A5":"105","A6":"서울청","A7":"서울광진","A8":"중곡2","A9":"파출소","A10":"02-2285-7840","A11":"서울특별시 광진구  능동로 346"}},
{"type":"Feature","geometry":{"type":"Point","coordinates":[241220.4602,448267.3138]},"properties":{"A0":"127.46087707944646","A1":"36.63194577377678","A2":"충북 청주시 서원구 1순환로 690(사창동) 사창지구대","A3":"충북 청주시 서원구 사창동 494","A4":"4311210200104940000","A5":"1072","A6":"충북청","A7":"청주청원","A8":"사창","A9":"지구대","A10":"043-251-1703","A11":"충청북도 청주시 서원구  1순환로 690 사창지구대"}},
{"type":"Feature","geometry":{"type":"Point","coordinates":[243420.4575,452756.8919]},"properties":{"A0":"127.48572818823644","A1":"36.67230429245568","A2":"충북 청주시 청원구 율량로3번길 41(주중동) 율량지구대","A3":"충북 청주시 청원구 주중동 886","A4":"4311410600108860000","A5":"1073","A6":"충북청","A7":"청주청원","A8":"율량","A9":"지구대","A10":"043-251-1705","A11":"충청북도 청주시 청원구  율량로3번길 41 율량지구대"}},
{"type":"Feature","geometry":{"type":"Point","coordinates":[237973.8133,457443.6693]},"properties":{"A0":"127.42503166330931","A1":"36.71477730617643","A2":"충북 청주시 청원구 오창공원로 311","A3":"충북 청주시 청원구 오창읍 양청리 753번지","A4":"4311425345107530000","A5":"1074","A6":"충북청","A7":"청주청원","A8":"서오창","A9":"지구대","A10":"043-251-1715","A11":"충청북도 청주시 청원구 오창읍 양청리 753"}},
{"type":"Feature","geometry":{"type":"Point","coordinates":[240134.5606,459413.2928]},"properties":{"A0":"127.44932014524667","A1":"36.73242850224028","A2":"충북 청주시 청원구 오창읍 2산단로 113 오창지구대","A3":"충북 청주시 청원구 오창읍 주성리 574","A4":"4311425332105740000","A5":"1075","A6":"충북청","A7":"청주청원","A8":"오창","A9":"지구대","A10":"043-251-1707","A11":"충청북도 청주시 청원구 오창읍 2산단로 113 오창지구대"}},
{"type":"Feature","geometry":{"type":"Point","coordinates":[248278.1164,458587.9748]},"properties":{"A0":"127.54043455369822","A1":"36.72461122769587","A2":"충북 청주시 청원구 내수읍 청암로 100-6 내수파출소","A3":"충북 청주시 청원구 내수읍 학평리 149-27","A4":"4311425041101490027","A5":"1076","A6":"충북청","A7":"청주청원","A8":"내수","A9":"파출소","A10":"043-251-1709","A11":"충청북도 청주시 청원구 내수읍 청암로 100-6 내수파출소"}},
{"type":"Feature","geometry":{"type":"Point","coordinates":[282817.628,488258.0353]},"properties":{"A0":"127.93027557223573","A1":"36.989551037465915","A2":"충북 충주시 연수서편2길 8(연수동)","A3":"충북 충주시 연수동 708-8","A4":"4313011800107080008","A5":"1077","A6":"충북청","A7":"충주","A8":"연수","A9":"지구대","A10":"043-852-1113","A11":"충청북도 충주시  연수서편2길 8"}},
{"type":"Feature","geometry":{"type":"Point","coordinates":[283310.262,486320.6445]},"properties":{"A0":"127.93559313716024","A1":"36.97205245458793","A2":"충북 충주시 중앙로 109(성내동) 중앙지구대","A3":"충북 충주시 성내동 138","A4":"4313010100101380000","A5":"1078","A6":"충북청","A7":"충주","A8":"중앙","A9":"지구대","A10":"043-843-0021","A11":"충청북도 충주시  중앙로 109 중앙지구대"}},
{"type":"Feature","geometry":{"type":"Point","coordinates":[272977.8937,486539.4783]},"properties":{"A0":"127.81959228298311","A1":"36.97488174611618","A2":"충북 충주시 대소원면 대소원로 134","A3":"충북 충주시 대소원면 대소리 153-2","A4":"4313033521101530002","A5":"1079","A6":"충북청","A7":"충주","A8":"서충주","A9":"지구대","A10":"043-846-0112","A11":"충청북도 충주시 대소원면 대소원로 134"}},
{"type":"Feature","geometry":{"type":"Point","coordinates":[282237.7414,486088.4359]},"properties":{"A0":"127.923525181484","A1":"36.970055463740465","A2":"충북 충주시 중원대로 3394(문화동) 호암지구대","A3":"충북 충주시 문화동 2049","A4":"4313012700120490000","A5":"1080","A6":"충북청","A7":"충주","A8":"호암","A9":"지구대","A10":"043-843-0024","A11":"충청북도 충주시  중원대로 3394 호암지구대"}},
{"type":"Feature","geometry":{"type":"Point","coordinates":[281295.0725,498971.7599]},"properties":{"A0":"127.914331394594","A1":"37.086209244934565","A2":"충북 충주시 엄정면 내창로 179","A3":"충북 충주시 엄정면 용산리 472-4","A4":"4313042021104720004","A5":"1081","A6":"충북청","A7":"충주","A8":"엄정","A9":"지구대","A10":"043-852-7112","A11":"충청북도 충주시 엄정면 내창로 179"}},
{"type":"Feature","geometry":{"type":"Point","coordinates":[266954.7897,501281.0696]},"properties":{"A0":"127.75326456655175","A1":"37.10815203225516","A2":"충북 충주시 앙성면 가곡로 1029","A3":"충북 충주시 앙성면 용포리 479-26","A4":"4313037021104790026","A5":"1082","A6":"충북청","A7":"충주","A8":"앙성","A9":"파출소","A10":"043-855-7112","A11":"충청북도 충주시 앙성면 가곡로 1029"}},
{"type":"Feature","geometry":{"type":"Point","coordinates":[282476.8317,494220.2087]},"properties":{"A0":"127.92709987981458","A1":"37.04329813674626","A2":"충북 충주시 금가면 강수로 351","A3":"충북 충주시 금가면 도촌리 133-11","A4":"4313039030101330011","A5":"1083","A6":"충북청","A7":"충주","A8":"금가","A9":"파출소","A10":"043-853-6112","A11":"충청북도 충주시 금가면 강수로 351"}},
{"type":"Feature","geometry":{"type":"Point","coordinates":[288299.2665,472588.0853]},"properties":{"A0":"127.99002394339746","A1":"36.84783078829066","A2":"충북 충주시 수안보면 온천중앙길 6","A3":"충북 충주시 수안보면 온천리 295-5","A4":"4313032521102950005","A5":"1084","A6":"충북청","A7":"충주","A8":"수안보","A9":"파출소","A10":"043-846-0030","A11":"충청북도 충주시 수안보면 온천중앙길 6"}},
{"type":"Feature","geometry":{"type":"Point","coordinates":[276235.3472,492604.874]},"properties":{"A0":"127.85678380453284","A1":"37.02927267916371","A2":"충북 충주시 중앙탑면 중앙탑길 251","A3":"충북 충주시 중앙탑면 탑평리 179-8","A4":"4313038521101790008","A5":"1085","A6":"충북청","A7":"충주","A8":"중앙탑","A9":"파출소","A10":"043-855-3212","A11":"충청북도 충주시 중앙탑면 중앙탑길 251"}},
{"type":"Feature","geometry":{"type":"Point","coordinates":[308209.3873,506708.7088]},"properties":{"A0":"128.2180991263319","A1":"37.153190452109","A2":"충북 제천시 용두천로 318(청전동)","A3":"충북 제천시 청전동 644-1","A4":"4315011300106440001","A5":"1086","A6":"충북청","A7":"제천","A8":"청전","A9":"지구대","A10":"043-641-8730","A11":"충청북도 제천시  용두천로 318"}},
{"type":"Feature","geometry":{"type":"Point","coordinates":[307664.5074,505126.8655]},"properties":{"A0":"128.21173972575815","A1":"37.1390039170344","A2":"충북 제천시 독순로 77(중앙로2가)","A3":"충북 제천시 중앙로2가 88-7","A4":"4315010700100880007","A5":"1087","A6":"충북청","A7":"제천","A8":"중앙","A9":"지구대","A10":"043-641-8720","A11":"충청북도 제천시  독순로 77"}},
{"type":"Feature","geometry":{"type":"Point","coordinates":[306841.2443,503447.6755]},"properties":{"A0":"128.20223718652886","A1":"37.12397259042294","A2":"충북 제천시 청풍호로 79(영천동)","A3":"충북 제천시 영천동 2173","A4":"4315011000121730000","A5":"1088","A6":"충북청","A7":"제천","A8":"강저","A9":"지구대","A10":"043-641-8710","A11":"충청북도 제천시  청풍호로 79"}},
{"type":"Feature","geometry":{"type":"Point","coordinates":[303933.3803,489708.1546]},"properties":{"A0":"128.16762363316582","A1":"37.00052069974895","A2":"충북 제천시 청풍면 청풍호로 2119","A3":"충북 제천시 청풍면 물태리 133-5","A4":"4315032041101330005","A5":"1089","A6":"충북청","A7":"제천","A8":"청풍","A9":"파출소","A10":"043-641-8760","A11":"충청북도 제천시 청풍면 청풍호로 2119"}},
{"type":"Feature","geometry":{"type":"Point","coordinates":[303876.2351,479638.0267]},"properties":{"A0":"128.1655981555218","A1":"36.90980412956256","A2":"충북 제천시 덕산면 약초로 85","A3":"충북 제천시 덕산면 도전리 363-1","A4":"4315034021103630001","A5":"1090","A6":"충북청","A7":"제천","A8":"덕산","A9":"파출소","A10":"043-641-8770","A11":"충청북도 제천시 덕산면 약초로 85"}},
{"type":"Feature","geometry":{"type":"Point","coordinates":[306473.51,504542.5563]},"properties":{"A0":"128.1982625831675","A1":"37.13386877686463","A2":"충북 제천시 용두대로 33(하소동)","A3":"충북 제천시 하소동 194","A4":"4315011100101940000","A5":"1091","A6":"충북청","A7":"제천","A8":"용두","A9":"파출소","A10":"043-641-8740","A11":"충청북도 제천시  용두대로 33"}},
{"type":"Feature","geometry":{"type":"Point","coordinates":[207705.0357,551761.9489]},"properties":{"A0":"127.08721199571053","A1":"37.565361001719026","A2":"서울 광진구 용마산로24길 7(중곡동)","A3":"서울 광진구 중곡동 18-144","A4":"1121510100100180144","A5":"107","A6":"서울청","A7":"서울광진","A8":"중곡4","A9":"파출소","A10":"02-2285-7860","A11":"서울특별시 광진구  용마산로24길 7"}},
{"type":"Feature","geometry":{"type":"Point","coordinates":[300505.6677,504167.165]},"properties":{"A0":"128.13103946130582","A1":"37.13110777757355","A2":"충북 제천시 봉양읍 북부로 1455","A3":"충북 제천시 봉양읍 장평리 799-1","A4":"4315025022107990001","A5":"1092","A6":"충북청","A7":"제천","A8":"봉양","A9":"파출소","A10":"043-641-8750","A11":"충청북도 제천시 봉양읍 북부로 1455"}},
{"type":"Feature","geometry":{"type":"Point","coordinates":[261610.5924,482587.1132]},"properties":{"A0":"127.69161610242702","A1":"36.94008342576893","A2":"충북 음성군 음성읍 중앙로 181","A3":"충북 음성군 음성읍 읍내리 203-12","A4":"4377025021102030012","A5":"1093","A6":"충북청","A7":"음성","A8":"설성","A9":"지구대","A10":"043-872-1517","A11":"충청북도 음성군 음성읍 중앙로 181"}},
{"type":"Feature","geometry":{"type":"Point","coordinates":[253190.6431,488270.9356]},"properties":{"A0":"127.59750208898899","A1":"36.99180902577068","A2":"충북 음성군 금왕읍 금석로 73","A3":"충북 음성군 금왕읍 무극리 80-9","A4":"4377025321100800009","A5":"1094","A6":"충북청","A7":"음성","A8":"금왕","A9":"지구대","A10":"043-878-2112","A11":"충청북도 음성군 금왕읍 금석로 73"}},
{"type":"Feature","geometry":{"type":"Point","coordinates":[243203.1597,485492.928]},"properties":{"A0":"127.48515575992963","A1":"36.96729038383022","A2":"충북 음성군 대소면 오산로 43","A3":"충북 음성군 대소면 오산리 188-15","A4":"4377034021101880015","A5":"1095","A6":"충북청","A7":"음성","A8":"대소","A9":"파출소","A10":"043-881-7112","A11":"충청북도 음성군 대소면 오산로 43"}},
{"type":"Feature","geometry":{"type":"Point","coordinates":[256566.6667,502407.2179]},"properties":{"A0":"127.63648699519214","A1":"37.118982539657466","A2":"충북 음성군 감곡면 장감로 127","A3":"충북 음성군 감곡면 왕장리 436-3","A4":"4377037031104360003","A5":"1096","A6":"충북청","A7":"음성","A8":"감곡","A9":"파출소","A10":"043-881-2113","A11":"충청북도 음성군 감곡면 장감로 127"}},
{"type":"Feature","geometry":{"type":"Point","coordinates":[244856.3851,491482.6956]},"properties":{"A0":"127.5040759250158","A1":"37.02118380883336","A2":"충북 음성군 삼성면 덕정로 111","A3":"충북 음성군 삼성면 덕정리 600-12","A4":"4377035021106000012","A5":"1097","A6":"충북청","A7":"음성","A8":"삼성","A9":"파출소","A10":"043-878-5112","A11":"충청북도 음성군 삼성면 덕정로 111"}},
{"type":"Feature","geometry":{"type":"Point","coordinates":[250345.9684,481040.845]},"properties":{"A0":"127.56506817521873","A1":"36.9268190533523","A2":"충북 음성군 맹동면 덕금로 408","A3":"충북 음성군 맹동면 쌍정리 96-4","A4":"4377033021100960004","A5":"1098","A6":"충북청","A7":"음성","A8":"맹동","A9":"파출소","A10":"043-878-9112","A11":"충청북도 음성군 맹동면 덕금로 408"}},
{"type":"Feature","geometry":{"type":"Point","coordinates":[248703.8485,478554.2597]},"properties":{"A0":"127.5464780829141","A1":"36.90450176153852","A2":"충북 음성군 맹동면 장성로 115","A3":"충북 음성군 맹동면 두성리 1503","A4":"4377033028115030000","A5":"1099","A6":"충북청","A7":"음성","A8":"혁신","A9":"파출소","A10":"043-883-9112","A11":"충청북도 음성군 맹동면 장성로 115"}},
{"type":"Feature","geometry":{"type":"Point","coordinates":[270500.9833,397472.7012]},"properties":{"A0":"127.78362453236022","A1":"36.172524996702634","A2":"충북 영동군 영동읍 계산로 63","A3":"충북 영동군 영동읍 계산리 663-1","A4":"4374025021106630001","A5":"1100","A6":"충북청","A7":"영동","A8":"중앙","A9":"지구대","A10":"043-745-3112","A11":"충청북도 영동군 영동읍 계산로 63"}},
{"type":"Feature","geometry":{"type":"Point","coordinates":[281776.7659,403393.1701]},"properties":{"A0":"127.90956000918906","A1":"36.224987955133706","A2":"충북 영동군 황간면 영동황간로 1661","A3":"충북 영동군 황간면 마산리 42-47","A4":"4374032023100420047","A5":"1101","A6":"충북청","A7":"영동","A8":"황간","A9":"파출소","A10":"043-742-4112","A11":"충청북도 영동군 황간면 영동황간로 1661"}},
{"type":"Feature","geometry":{"type":"Point","coordinates":[206332.5621,548265.3752]},"properties":{"A0":"127.07164702245589","A1":"37.53386717056373","A2":"서울 광진구 뚝섬로36길 9(자양동)","A3":"서울 광진구 자양동 553-632","A4":"1121510500105530632","A5":"108","A6":"서울청","A7":"서울광진","A8":"자양","A9":"파출소","A10":"02-2285-7870","A11":"서울특별시 광진구 뚝섬로36길 9"}},
{"type":"Feature","geometry":{"type":"Point","coordinates":[282297.2146,395048.3626]},"properties":{"A0":"127.91447929817326","A1":"36.14974299795017","A2":"충북 영동군 상촌면 민주지산로 3027","A3":"충북 영동군 상촌면 임산리 326-3","A4":"4374035021103260003","A5":"1102","A6":"충북청","A7":"영동","A8":"상촌","A9":"파출소","A10":"043-743-4112","A11":"충청북도 영동군 상촌면 민주지산로 3027"}},
{"type":"Feature","geometry":{"type":"Point","coordinates":[261572.4819,389262.067]},"properties":{"A0":"127.68374650388583","A1":"36.09914290960978","A2":"충북 영동군 학산면 서산로 72","A3":"충북 영동군 학산면 서산리 896-3","A4":"4374038021108960003","A5":"1103","A6":"충북청","A7":"영동","A8":"학산","A9":"파출소","A10":"043-743-6112","A11":"충청북도 영동군 학산면 서산로 72"}},
{"type":"Feature","geometry":{"type":"Point","coordinates":[267330.7008,394621.2841]},"properties":{"A0":"127.74814578659294","A1":"36.14705542755223","A2":"충북 영동군 양강면 학산영동로 835","A3":"충북 영동군 양강면 괴목리 683-3","A4":"4374036021106830003","A5":"1104","A6":"충북청","A7":"영동","A8":"양강","A9":"파출소","A10":"043-742-1112","A11":"충청북도 영동군 양강면 학산영동로 835"}},
{"type":"Feature","geometry":{"type":"Point","coordinates":[274296.0968,407902.3886]},"properties":{"A0":"127.82679275221122","A1":"36.26622556325698","A2":"충북 영동군 용산면 용산로 400","A3":"충북 영동군 용산면 구촌리 156-1","A4":"4374031021101560001","A5":"1105","A6":"충북청","A7":"영동","A8":"용산","A9":"파출소","A10":"043-742-9112","A11":"충청북도 영동군 용산면 용산로 400"}},
{"type":"Feature","geometry":{"type":"Point","coordinates":[270732.6177,467702.3982]},"properties":{"A0":"127.79262067251096","A1":"36.80532923061844","A2":"충북 괴산군 괴산읍 읍내로 246","A3":"충북 괴산군 괴산읍 동부리 706-7","A4":"4376025021107060007","A5":"1106","A6":"충북청","A7":"괴산","A8":"괴산","A9":"지구대","A10":"043-834-3112","A11":"충청북도 괴산군 괴산읍 읍내로 246"}},
{"type":"Feature","geometry":{"type":"Point","coordinates":[252112.6131,465394.4312]},"properties":{"A0":"127.58382223585937","A1":"36.78574035691367","A2":"충북 증평군 증평읍 중앙로 232","A3":"충북 증평군 증평읍 교동리 63","A4":"4374525022100630000","A5":"1107","A6":"충북청","A7":"괴산","A8":"증평","A9":"지구대","A10":"043-836-2112","A11":"충청북도 증평군 증평읍 중앙로 232"}},
{"type":"Feature","geometry":{"type":"Point","coordinates":[277029.2397,465806.6857]},"properties":{"A0":"127.86298205240838","A1":"36.787756358804714","A2":"충북 괴산군 칠성면 도정로 53","A3":"충북 괴산군 칠성면 도정리 238-5","A4":"4376034021102380005","A5":"1108","A6":"충북청","A7":"괴산","A8":"칠성","A9":"파출소","A10":"043-832-5112","A11":"충청북도 괴산군 칠성면 도정로 53"}},
{"type":"Feature","geometry":{"type":"Point","coordinates":[257051.1397,463885.9559]},"properties":{"A0":"127.63903196340644","A1":"36.77186523707272","A2":"충북 괴산군 청안면 청안읍내로 22","A3":"충북 괴산군 청안면 읍내리 520-3","A4":"4376037021105200003","A5":"1109","A6":"충북청","A7":"괴산","A8":"청안","A9":"파출소","A10":"043-836-9112","A11":"충청북도 괴산군 청안면 청안읍내로 22"}},
{"type":"Feature","geometry":{"type":"Point","coordinates":[265755.4759,451569.7823]},"properties":{"A0":"127.73546422415774","A1":"36.660325791005306","A2":"충북 괴산군 청천면 괴산로 1357","A3":"충북 괴산군 청천면 청천리 123-4","A4":"4376036021101230004","A5":"1110","A6":"충북청","A7":"괴산","A8":"청천","A9":"파출소","A10":"043-832-4112","A11":"충청북도 괴산군 청천면 괴산로 1357"}},
{"type":"Feature","geometry":{"type":"Point","coordinates":[276209.6806,475175.6015]},"properties":{"A0":"127.8547392988486","A1":"36.872239591815315","A2":"충북 괴산군 불정면 목도로 24","A3":"충북 괴산군 불정면 목도리 272-7","A4":"4376041021102720007","A5":"1111","A6":"충북청","A7":"괴산","A8":"불정","A9":"파출소","A10":"043-833-7112","A11":"충청북도 괴산군 불정면 목도로 24"}},
{"type":"Feature","geometry":{"type":"Point","coordinates":[206798.4605,548572.4682]},"properties":{"A0":"127.07692111850704","A1":"37.53663086916431","A2":"서울 광진구 자양번영로 80(자양동)","A3":"서울 광진구 자양동 799-2","A4":"1121510500107990002","A5":"109","A6":"서울청","A7":"서울광진","A8":"자양1","A9":"파출소","A10":"02-2285-7880","A11":"서울특별시 광진구  자양번영로 80"}},
{"type":"Feature","geometry":{"type":"Point","coordinates":[289108.5484,463433.831]},"properties":{"A0":"127.99801602728637","A1":"36.765320213396876","A2":"충북 괴산군 연풍면 향교로 43","A3":"충북 괴산군 연풍면 행촌리 579-3","A4":"4376033022105790003","A5":"1112","A6":"충북청","A7":"괴산","A8":"연풍","A9":"파출소","A10":"043-833-5112","A11":"충청북도 괴산군 연풍면 향교로 43"}},
{"type":"Feature","geometry":{"type":"Point","coordinates":[321783.5897,487686.8716]},"properties":{"A0":"128.36778311637892","A1":"36.98017091335626","A2":"충북 단양군 단양읍 삼봉로 259","A3":"충북 단양군 단양읍 도전리 199","A4":"4380025026101990000","A5":"1113","A6":"충북청","A7":"단양","A8":"중앙","A9":"지구대","A10":"043-641-9710","A11":"충청북도 단양군 단양읍 삼봉로 259"}},
{"type":"Feature","geometry":{"type":"Point","coordinates":[331910.0191,498861.425]},"properties":{"A0":"128.48344087817972","A1":"37.07946035616504","A2":"충북 단양군 영춘면 온달평강로 67","A3":"충북 단양군 영춘면 상리 411","A4":"4380033021104110000","A5":"1114","A6":"충북청","A7":"단양","A8":"영춘","A9":"파출소","A10":"043-641-9750","A11":"충청북도 단양군 영춘면 온달평강로 67"}},
{"type":"Feature","geometry":{"type":"Point","coordinates":[320533.016,481239.0274]},"properties":{"A0":"128.35271380622578","A1":"36.922247019428966","A2":"충북 단양군 대강면 대강로 68","A3":"충북 단양군 대강면 장림리 153-1","A4":"4380031021101530001","A5":"1115","A6":"충북청","A7":"단양","A8":"대강","A9":"파출소","A10":"043-641-9730","A11":"충청북도 단양군 대강면 대강로 68"}},
{"type":"Feature","geometry":{"type":"Point","coordinates":[323196.6264,492859.742]},"properties":{"A0":"128.38449450490873","A1":"37.0265830585417","A2":"충북 단양군 가곡면 남한강로 530","A3":"충북 단양군 가곡면 사평리 432-5","A4":"4380032021104320005","A5":"1116","A6":"충북청","A7":"단양","A8":"가곡","A9":"파출소","A10":"043-641-9740","A11":"충청북도 단양군 가곡면 남한강로 530"}},
{"type":"Feature","geometry":{"type":"Point","coordinates":[315735.121,493424.0038]},"properties":{"A0":"128.30074813341088","A1":"37.03261544802475","A2":"충북 단양군 매포읍 평동로 114","A3":"충북 단양군 매포읍 평동리 1256","A4":"4380025327112560000","A5":"1117","A6":"충북청","A7":"단양","A8":"매포","A9":"파출소","A10":"043-641-9720","A11":"충청북도 단양군 매포읍 평동로 114"}},
{"type":"Feature","geometry":{"type":"Point","coordinates":[264876.5154,432512.2675]},"properties":{"A0":"127.72402896335423","A1":"36.48866363540919","A2":"충북 보은군 보은읍 뱃들4길 11-6","A3":"충북 보은군 보은읍 이평리 103-2","A4":"4372025031101030002","A5":"1118","A6":"충북청","A7":"보은","A8":"읍내","A9":"지구대","A10":"043-542-1112","A11":"충청북도 보은군 보은읍 뱃들4길 11-6"}},
{"type":"Feature","geometry":{"type":"Point","coordinates":[273786.5868,437363.9322]},"properties":{"A0":"127.823920733467","A1":"36.53173544851488","A2":"충북 보은군 속리산면 법주사로 276","A3":"충북 보은군 속리산면 사내리 275-1","A4":"4372031527102750001","A5":"1119","A6":"충북청","A7":"보은","A8":"속리산","A9":"파출소","A10":"043-543-3112","A11":"충청북도 보은군 속리산면 법주사로 276"}},
{"type":"Feature","geometry":{"type":"Point","coordinates":[259466.7545,442472.4945]},"properties":{"A0":"127.66442658465448","A1":"36.578765568298444","A2":"충북 보은군 내북면 남부로 6277","A3":"충북 보은군 내북면 창리 35-10","A4":"4372039024100350010","A5":"1120","A6":"충북청","A7":"보은","A8":"내북","A9":"파출소","A10":"043-542-0112","A11":"충청북도 보은군 내북면 남부로 6277"}},
{"type":"Feature","geometry":{"type":"Point","coordinates":[253477.8689,433184.0029]},"properties":{"A0":"127.59687257406371","A1":"36.49542000886038","A2":"충북 보은군 회인면 회인로 88","A3":"충북 보은군 회인면 중앙리 2-9","A4":"4372038521100020009","A5":"1121","A6":"충북청","A7":"보은","A8":"회인","A9":"파출소","A10":"043-542-9112","A11":"충청북도 보은군 회인면 회인로 88"}},
{"type":"Feature","geometry":{"type":"Point","coordinates":[205625.4842,548410.9938]},"properties":{"A0":"127.06364826114886","A1":"37.53518388372351","A2":"서울 광진구 뚝섬로22가길 43(자양동) 자양4파출소","A3":"서울 광진구 자양동 55-12","A4":"1121510500100550012","A5":"110","A6":"서울청","A7":"서울광진","A8":"자양4","A9":"파출소","A10":"02-2285-7890","A11":"서울특별시 광진구  뚝섬로22가길 43번지 자양4파출소"}},
{"type":"Feature","geometry":{"type":"Point","coordinates":[265617.3392,422513.6824]},"properties":{"A0":"127.73145142563114","A1":"36.398515219430834","A2":"충북 보은군 삼승면 원남로 56-1","A3":"충북 보은군 삼승면 원남리 143-13","A4":"4372035021101430013","A5":"1122","A6":"충북청","A7":"보은","A8":"삼승","A9":"파출소","A10":"043-542-7112","A11":"충청북도 보은군 삼승면 원남로 56-1"}},
{"type":"Feature","geometry":{"type":"Point","coordinates":[273066.1542,426797.6874]},"properties":{"A0":"127.81487757381268","A1":"36.43658119523272","A2":"충북 보은군 마로면 관기송현로 54","A3":"충북 보은군 마로면 관기리 603-96","A4":"4372033021106030096","A5":"1123","A6":"충북청","A7":"보은","A8":"마로","A9":"파출소","A10":"043-542-3112","A11":"충청북도 보은군 마로면 관기송현로 54"}},
{"type":"Feature","geometry":{"type":"Point","coordinates":[251916.3813,412854.4622]},"properties":{"A0":"127.57808720303572","A1":"36.31231063824832","A2":"충북 옥천군 옥천읍 지용로 21 중앙지구대","A3":"충북 옥천군 옥천읍 문정리 506","A4":"4373025022105060000","A5":"1124","A6":"충북청","A7":"옥천","A8":"중앙","A9":"지구대","A10":"043-733-4112","A11":"충청북도 옥천군 옥천읍 지용로 21 중앙지구대"}},
{"type":"Feature","geometry":{"type":"Point","coordinates":[271087.801,416714.2447]},"properties":{"A0":"127.79189509683145","A1":"36.34586935524195","A2":"충북 옥천군 청산면 지전길 48","A3":"충북 옥천군 청산면 지전리 75-1","A4":"4373035021100750001","A5":"1125","A6":"충북청","A7":"옥천","A8":"청산","A9":"파출소","A10":"043-732-8112","A11":"충청북도 옥천군 청산면 지전길 48"}},
{"type":"Feature","geometry":{"type":"Point","coordinates":[268286.032,415059.1064]},"properties":{"A0":"127.76054345771638","A1":"36.33115898811984","A2":"충북 옥천군 청성면 산계길 97","A3":"충북 옥천군 청성면 산계리 101-3","A4":"4373034021101010003","A5":"1126","A6":"충북청","A7":"옥천","A8":"청성","A9":"파출소","A10":"043-732-9112","A11":"충청북도 옥천군 청성면 산계길 97"}},
{"type":"Feature","geometry":{"type":"Point","coordinates":[255682.1886,405485.2212]},"properties":{"A0":"127.61949144851692","A1":"36.2456946024208","A2":"충북 옥천군 이원면 신흥1길 18","A3":"충북 옥천군 이원면 강청리 46-4","A4":"4373036023100460004","A5":"1127","A6":"충북청","A7":"옥천","A8":"이원","A9":"파출소","A10":"043-732-2112","A11":"충청북도 옥천군 이원면 신흥1길 18"}},
{"type":"Feature","geometry":{"type":"Point","coordinates":[247955.9719,414878.5746]},"properties":{"A0":"127.53411276322906","A1":"36.33075607978739","A2":"충북 옥천군 군북면 옥천로 1114","A3":"충북 옥천군 군북면 이백리 346-48","A4":"4373038021103460048","A5":"1128","A6":"충북청","A7":"옥천","A8":"군북","A9":"파출소","A10":"043-732-5112","A11":"충청북도 옥천군 군북면 옥천로 1114"}},
{"type":"Feature","geometry":{"type":"Point","coordinates":[260049.1282,422287.2068]},"properties":{"A0":"127.66936642493599","A1":"36.39683904476472","A2":"충북 옥천군 안내면 안내보은로 114","A3":"충북 옥천군 안내면 정방리 344-2","A4":"4373033022103440002","A5":"1129","A6":"충북청","A7":"옥천","A8":"안내","A9":"파출소","A10":"043-730-9726","A11":"충청북도 옥천군 안내면 안내보은로 114"}},
{"type":"Feature","geometry":{"type":"Point","coordinates":[255457.1413,409740.4763]},"properties":{"A0":"127.6172906973399","A1":"36.28405279100343","A2":"충북 옥천군 동이면 평산길 34","A3":"충북 옥천군 동이면 평산리 916-1","A4":"4373031021109160001","A5":"1130","A6":"충북청","A7":"옥천","A8":"동이","A9":"파출소","A10":"043-732-3112","A11":"충청북도 옥천군 동이면 평산길 34"}},
{"type":"Feature","geometry":{"type":"Point","coordinates":[239201.7414,472814.2239]},"properties":{"A0":"127.43956669633945","A1":"36.85322216740295","A2":"충북 진천군 진천읍 남산3길 10","A3":"충북 진천군 진천읍 교성리 235-4","A4":"4375025021102350004","A5":"1131","A6":"충북청","A7":"진천","A8":"상산","A9":"지구대","A10":"043-532-3112","A11":"충청북도 진천군 진천읍 남산3길 10"}},
{"type":"Feature","geometry":{"type":"Point","coordinates":[208099.7182,549601.6783]},"properties":{"A0":"127.09165551479953","A1":"37.54589352918073","A2":"서울 광진구 광나루로43길 26(구의동) 구의파출소","A3":"서울 광진구 구의동 668-2","A4":"1121510300106680002","A5":"111","A6":"서울청","A7":"서울광진","A8":"구의","A9":"파출소","A10":"02-2285-7800","A11":"서울특별시 광진구 광나루로 43길 26 구의파출소"}},
{"type":"Feature","geometry":{"type":"Point","coordinates":[245154.9432,479439.1287]},"properties":{"A0":"127.50671133099473","A1":"36.91265015169364","A2":"충북 진천군 덕산읍 덕금로 803","A3":"충북 진천군 덕산읍 용몽리 595-1","A4":"4375025330105950001","A5":"1132","A6":"충북청","A7":"진천","A8":"덕산","A9":"지구대","A10":"043-536-4112","A11":"충청북도 진천군 덕산읍 덕금로 803"}},
{"type":"Feature","geometry":{"type":"Point","coordinates":[238223.8742,481563.6724]},"properties":{"A0":"127.42904367908656","A1":"36.93210148470168","A2":"충북 진천군 이월면 진광로 803","A3":"충북 진천군 이월면 송림리 425-1","A4":"4375035025104250001","A5":"1133","A6":"충북청","A7":"진천","A8":"이월","A9":"파출소","A10":"043-537-8112","A11":"충청북도 진천군 이월면 진광로 803"}},
{"type":"Feature","geometry":{"type":"Point","coordinates":[239461.1707,487978.837]},"properties":{"A0":"127.44326609426716","A1":"36.98985422681207","A2":"충북 진천군 광혜원면 중리3길 18","A3":"충북 진천군 광혜원면 광혜원리 431-3","A4":"4375037027104310003","A5":"1134","A6":"충북청","A7":"진천","A8":"광혜원","A9":"파출소","A10":"043-535-3112","A11":"충청북도 진천군 광혜원면 중리3길 18"}},
{"type":"Feature","geometry":{"type":"Point","coordinates":[246686.2124,472003.5998]},"properties":{"A0":"127.52343657603518","A1":"36.84557736771737","A2":"충북 진천군 초평면 초동로 9","A3":"충북 진천군 초평면 용정리 592-5","A4":"4375032024105920005","A5":"1135","A6":"충북청","A7":"진천","A8":"초평","A9":"파출소","A10":"043-532-6112","A11":"충청북도 진천군 초평면 초동로 9"}},
{"type":"Feature","geometry":{"type":"Point","coordinates":[210638.2853,467213.7603]},"properties":{"A0":"127.11920955100341","A1":"36.80350828836224","A2":"충남 천안시 서북구 쌍용12길 3(쌍용동)","A3":"충남 천안시 서북구 쌍용동 1925","A4":"4413310700119250000","A5":"1136","A6":"충남청","A7":"천안서북","A8":"쌍용","A9":"지구대","A10":"041-536-1139","A11":"충청남도 천안시 서북구 쌍용12길 3"}},
{"type":"Feature","geometry":{"type":"Point","coordinates":[211765.3723,470507.6087]},"properties":{"A0":"127.13189025041896","A1":"36.83317607733336","A2":"충남 천안시 서북구 오성9길 40(두정동)","A3":"충남 천안시 서북구 두정동 707","A4":"4413310400107070000","A5":"1137","A6":"충남청","A7":"천안서북","A8":"두정","A9":"지구대","A10":"041-536-1141","A11":"충청남도 천안시 서북구  오성9길 40"}},
{"type":"Feature","geometry":{"type":"Point","coordinates":[212924.7586,467965.693]},"properties":{"A0":"127.14484412524806","A1":"36.810255349220505","A2":"충남 천안시 서북구 천안천4길 48(와촌동)","A3":"충남 천안시 서북구 와촌동 106-57","A4":"4413310100101060057","A5":"1138","A6":"충남청","A7":"천안서북","A8":"성정","A9":"지구대","A10":"041-536-1143","A11":"충청남도 천안시 서북구  천안천4길 48"}},
{"type":"Feature","geometry":{"type":"Point","coordinates":[209645.6692,468796.305]},"properties":{"A0":"127.10810664875243","A1":"36.81777937891886","A2":"충남 천안시 서북구 불당23로 66(불당동)","A3":"충남 천안시 서북구 불당동 1519","A4":"4413310800115190000","A5":"1139","A6":"충남청","A7":"천안서북","A8":"불당","A9":"지구대","A10":"041-536-1145","A11":"충청남도 천안시 서북구 불당23로 66"}},
{"type":"Feature","geometry":{"type":"Point","coordinates":[213174.5668,475528.2306]},"properties":{"A0":"127.14777441017247","A1":"36.878398393586146","A2":"충남 천안시 서북구 직산읍 삼은2길 27","A3":"충남 천안시 서북구 직산읍 삼은리 76-135","A4":"4413325626100760135","A5":"1140","A6":"충남청","A7":"천안서북","A8":"직산","A9":"파출소","A10":"041-536-1144","A11":"충청남도 서북구 직산읍 삼은2길 27"}},
{"type":"Feature","geometry":{"type":"Point","coordinates":[217933.4056,474862.9112]},"properties":{"A0":"127.20113659975169","A1":"36.87232487112462","A2":"충남 천안시 서북구 성거읍 성거길 80","A3":"충남 천안시 서북구 성거읍 천흥리 430-3","A4":"4413325322104300003","A5":"1141","A6":"충남청","A7":"천안서북","A8":"성거","A9":"파출소","A10":"041-536-1142","A11":"충청남도 천안시 서북구 성거읍 성거길 80"}},
{"type":"Feature","geometry":{"type":"Point","coordinates":[198333.5364,553539.6694]},"properties":{"A0":"126.98113352470727","A1":"37.581408752315575","A2":"서울 종로구 삼청로 66(소격동)","A3":"서울 종로구 소격동 1-1","A4":"1111014200100010001","A5":"12","A6":"서울청","A7":"서울종로","A8":"삼청","A9":"파출소","A10":"02-3701-4303","A11":"서울특별시 종로구  삼청로 66"}},
{"type":"Feature","geometry":{"type":"Point","coordinates":[193506.3643,555781.312]},"properties":{"A0":"126.92646398919418","A1":"37.60158437408985","A2":"서울 은평구 은평로 171(응암동)","A3":"서울 은평구 응암동 84-8","A4":"1138010700100840008","A5":"112","A6":"서울청","A7":"서울서부","A8":"응암","A9":"지구대","A10":"02-335-9800","A11":"서울특별시 은평구  은평로 171"}},
{"type":"Feature","geometry":{"type":"Point","coordinates":[211457.9165,479808.1856]},"properties":{"A0":"127.12858407393514","A1":"36.91698726785329","A2":"충남 천안시 서북구 성환읍 성환11길 5","A3":"충남 천안시 서북구 성환읍 성환리 449-77","A4":"4413325021104490077","A5":"1142","A6":"충남청","A7":"천안서북","A8":"성환","A9":"파출소","A10":"041-536-1140","A11":"충청남도 천안시 서북구 성환읍 성환11길 5"}},
{"type":"Feature","geometry":{"type":"Point","coordinates":[220216.7649,478714.2907]},"properties":{"A0":"127.22684881223782","A1":"36.90698341855598","A2":"충남 천안시 서북구 입장면 망향로 1088","A3":"충남 천안시 서북구 입장면 효계리 43-14","A4":"4413331029100430014","A5":"1143","A6":"충남청","A7":"천안서북","A8":"입장","A9":"파출소","A10":"041-536-1146","A11":"충청남도 천안시 서북구 입장면 망향로 1088"}},
{"type":"Feature","geometry":{"type":"Point","coordinates":[221041.9332,465238.6526]},"properties":{"A0":"127.23573466013647","A1":"36.78553632265368","A2":"충남 천안시 동남구 목천읍 서리1길 50","A3":"충남 천안시 동남구 목천읍 서리 105-2","A4":"4413125021101050002","A5":"1144","A6":"충남청","A7":"천안동남","A8":"목천북면","A9":"파출소","A10":"041-590-2688","A11":"충청남도 천안시 동남구 목천읍 서리1길 50"}},
{"type":"Feature","geometry":{"type":"Point","coordinates":[225122.8726,459208.7282]},"properties":{"A0":"127.28125482092831","A1":"36.73110095336673","A2":"충남 천안시 동남구 수신면 수신로 433","A3":"충남 천안시 동남구 수신면 속창리 127-5","A4":"4413135021101270005","A5":"1145","A6":"충남청","A7":"천안동남","A8":"수신성남","A9":"파출소","A10":"041-590--2692","A11":"충청남도 천안시 동남구 수신면 수신로 433"}},
{"type":"Feature","geometry":{"type":"Point","coordinates":[226558.0736,462799.6725]},"properties":{"A0":"127.29744740439895","A1":"36.76342027685567","A2":"충남 천안시 동남구 병천면 충절로 1729","A3":"충남 천안시 동남구 병천면 병천리 160-3","A4":"4413136022101600003","A5":"1146","A6":"충남청","A7":"천안동남","A8":"병천동면","A9":"파출소","A10":"041-590-2689","A11":"충청남도 천안시 병천면 충절로 1729"}},
{"type":"Feature","geometry":{"type":"Point","coordinates":[209987.0238,455575.8345]},"properties":{"A0":"127.11175952168277","A1":"36.6986438870327","A2":"충남 천안시 동남구 광덕면 신흥리4길 46","A3":"충남 천안시 동남구 광덕면 신흥리 297-2","A4":"4413132026102970002","A5":"1147","A6":"충남청","A7":"천안동남","A8":"광덕풍세","A9":"파출소","A10":"041-590-2690","A11":"충청남도 천안시 광덕면 신흥리4길 46"}},
{"type":"Feature","geometry":{"type":"Point","coordinates":[211919.1056,464099.6536]},"properties":{"A0":"127.13351310312419","A1":"36.77543126365513","A2":"충남 천안시 동남구 통정4로 38(신방동)","A3":"충남 천안시 동남구 신방동 1549","A4":"4413111600115490000","A5":"1148","A6":"충남청","A7":"천안동남","A8":"신방","A9":"파출소","A10":"041-590-2678","A11":"충청남도 천안시 동남구 통정4로 38"}},
{"type":"Feature","geometry":{"type":"Point","coordinates":[213341.179,467606.3626]},"properties":{"A0":"127.14950411777266","A1":"36.80701163950068","A2":"충남 천안시 동남구 옛시청길 21(문화동)","A3":"충남 천안시 동남구 문화동 165-2","A4":"4413110300101650002","A5":"1149","A6":"충남청","A7":"천안동남","A8":"문성","A9":"파출소","A10":"041-590-2676","A11":"충청남도 천안시 동남구 옛시청길 21"}},
{"type":"Feature","geometry":{"type":"Point","coordinates":[214255.2389,469588.7462]},"properties":{"A0":"127.15978443759346","A1":"36.82486192476154","A2":"","A3":"충남 천안시 동남구 신부동 431-6번지","A4":"4413111800104310006","A5":"1150","A6":"충남청","A7":"천안동남","A8":"신안","A9":"파출소","A10":"041-590-2674","A11":"충청남도 천안시 동남구 신부동 431-6"}},
{"type":"Feature","geometry":{"type":"Point","coordinates":[214199.1124,467336.2586]},"properties":{"A0":"127.15911332598736","A1":"36.80456527230384","A2":"충남 천안시 동남구 충절로 161(원성동)","A3":"충남 천안시 동남구 원성동 510-12","A4":"4413110700105100012","A5":"1152","A6":"충남청","A7":"천안동남","A8":"원성","A9":"파출소","A10":"041-590-2677","A11":"충청남도 천안시 동남구 충절로 161"}},
{"type":"Feature","geometry":{"type":"Point","coordinates":[191642.2783,554694.9358]},"properties":{"A0":"126.90536690583671","A1":"37.591781192416775","A2":"서울 은평구 은평터널로5길 6(신사동)","A3":"서울 은평구 신사동 184-56","A4":"1138010900101840056","A5":"113","A6":"서울청","A7":"서울서부","A8":"신사","A9":"지구대","A10":"02-335-9810","A11":"서울특별시 은평구  은평터널로5길 6호"}},
{"type":"Feature","geometry":{"type":"Point","coordinates":[212092.5166,466874.0057]},"properties":{"A0":"127.13549979778645","A1":"36.80042926978747","A2":"충남 천안시 동남구 차돌로 44(다가동)","A3":"충남 천안시 동남구 다가동 374-8","A4":"4413111400103740008","A5":"1153","A6":"충남청","A7":"천안동남","A8":"일봉","A9":"지구대","A10":"041-590-2672","A11":"충청남도 천안시 동남구 차돌로 44"}},
{"type":"Feature","geometry":{"type":"Point","coordinates":[214025.7704,465304.9226]},"properties":{"A0":"127.15713348101792","A1":"36.78626345214377","A2":"충남 천안시 동남구 청수14로 103(청당동)","A3":"충남 천안시 동남구 청당동 480","A4":"4413111100104800000","A5":"1154","A6":"충남청","A7":"천안동남","A8":"청수","A9":"파출소","A10":"041-590-2686","A11":"충청남도 천안시 동남구 청수 14로 103"}},
{"type":"Feature","geometry":{"type":"Point","coordinates":[149624.5803,482204.0512]},"properties":{"A0":"126.43452483031012","A1":"36.93729970582858","A2":"충남 서산시 대산읍 충의로 1932","A3":"충남 서산시 대산읍 대산리 125-1","A4":"4421025021101250001","A5":"1155","A6":"충남청","A7":"서산","A8":"대산","A9":"지구대","A10":"041-689-9805","A11":"충청남도 서산시 대산읍 충의로 1932"}},
{"type":"Feature","geometry":{"type":"Point","coordinates":[153700.9512,465765.9223]},"properties":{"A0":"126.4812834585114","A1":"36.78938954108816","A2":"충남 서산시 홍천로 20(잠홍동)","A3":"충남 서산시 잠홍동 248-2","A4":"4421010500102480002","A5":"1157","A6":"충남청","A7":"서산","A8":"동부","A9":"파출소","A10":"041-664-4112","A11":"충청남도 서산시  홍천로 20"}},
{"type":"Feature","geometry":{"type":"Point","coordinates":[159859.5063,456826.2779]},"properties":{"A0":"126.55074925973962","A1":"36.709116630305516","A2":"충남 서산시 해미면 남문2로 183","A3":"충남 서산시 해미면 황락리 371-1","A4":"4421039025103710001","A5":"1158","A6":"충남청","A7":"서산","A8":"해미","A9":"파출소","A10":"041-688-0112","A11":"충청남도 서산시 해미면 남문2로 183"}},
{"type":"Feature","geometry":{"type":"Point","coordinates":[151924.0007,471104.6472]},"properties":{"A0":"126.46103848236677","A1":"36.83740816791142","A2":"충남 서산시 성연면 성연로 202","A3":"충남 서산시 성연면 평리 299-12","A4":"4421036025102990012","A5":"1159","A6":"충남청","A7":"서산","A8":"성연","A9":"파출소","A10":"041-662-8112","A11":"충청남도 서산시 성연면 성연로 202"}},
{"type":"Feature","geometry":{"type":"Point","coordinates":[145767.8223,457599.1975]},"properties":{"A0":"126.39298850074388","A1":"36.71538179438777","A2":"충남 서산시 부석면 취평2길 36","A3":"충남 서산시 부석면 취평리 368-8","A4":"4421032026103680008","A5":"1160","A6":"충남청","A7":"서산","A8":"부석","A9":"파출소","A10":"041-662-4112","A11":"충청남도 서산시 부석면 취평2길 36"}},
{"type":"Feature","geometry":{"type":"Point","coordinates":[141907.9849,468462.084]},"properties":{"A0":"126.34896072009437","A1":"36.81303466312603","A2":"충남 서산시 팔봉면 팔봉1로 409","A3":"충남 서산시 팔봉면 어송리 1285-3","A4":"4421033028112850003","A5":"1161","A6":"충남청","A7":"서산","A8":"팔봉","A9":"파출소","A10":"041-662-6112","A11":"충청남도 서산시 팔봉면 팔봉1로 409"}},
{"type":"Feature","geometry":{"type":"Point","coordinates":[201019.2456,464854.1922]},"properties":{"A0":"127.01141822686047","A1":"36.7823050881113","A2":"충남 아산시 삼동로16번길 7-11(모종동)","A3":"충남 아산시 모종동 577-15","A4":"4420011300105770015","A5":"1162","A6":"충남청","A7":"아산","A8":"온천","A9":"지구대","A10":"041-538-0834","A11":"충청남도 아산시  삼동로16번길 7-11"}},
{"type":"Feature","geometry":{"type":"Point","coordinates":[199563.6903,463821.7873]},"properties":{"A0":"126.9951127776279","A1":"36.77300237083696","A2":"충남 아산시 시민로258번길 3-1(용화동)","A3":"충남 아산시 용화동 703","A4":"4420011200107030000","A5":"1163","A6":"충남청","A7":"아산","A8":"온양","A9":"지구대","A10":"041-538-0844","A11":"충청남도 아산시  시민로258번길 3-1"}},
{"type":"Feature","geometry":{"type":"Point","coordinates":[192717.3964,554555.7939]},"properties":{"A0":"126.91754167138104","A1":"37.59053672551159","A2":"서울 은평구 응암로 208(응암동)","A3":"서울 은평구 응암동 576-43","A4":"1138010700105760043","A5":"115","A6":"서울청","A7":"서울서부","A8":"응암3","A9":"파출소","A10":"02-335-9830","A11":"서울특별시 은평구  응암로 208"}},
{"type":"Feature","geometry":{"type":"Point","coordinates":[200094.114,464752.4844]},"properties":{"A0":"127.00105431182246","A1":"36.78138912735695","A2":"충남 아산시 시민로 370-12(온천동)","A3":"충남 아산시 온천동 223-1","A4":"4420010100102230001","A5":"1164","A6":"충남청","A7":"아산","A8":"충무","A9":"지구대","A10":"041-538-0842","A11":"충청남도 아산시  시민로 370-12"}},
{"type":"Feature","geometry":{"type":"Point","coordinates":[204215.2766,466732.1667]},"properties":{"A0":"127.0472325156922","A1":"36.79921896154638","A2":"충남 아산시 탕정면 탕정로23번길 7","A3":"충남 아산시 탕정면 용두리 487","A4":"4420033021104870000","A5":"1166","A6":"충남청","A7":"아산","A8":"탕정","A9":"파출소","A10":"041-538-0847","A11":"충청남도 아산시 탕정로23번길 7"}},
{"type":"Feature","geometry":{"type":"Point","coordinates":[192297.1502,475790.8303]},"properties":{"A0":"126.91359710647845","A1":"36.880825249816056","A2":"충남 아산시 인주면 공세길 54","A3":"충남 아산시 인주면 공세리 282-2","A4":"4420038021102820002","A5":"1167","A6":"충남청","A7":"아산","A8":"인주","A9":"파출소","A10":"041-538-0851","A11":"충청남도 아산시 인주면 공세길 54 공세리 282-2"}},
{"type":"Feature","geometry":{"type":"Point","coordinates":[188300.6758,462523.0619]},"properties":{"A0":"126.86897276869469","A1":"36.76122727516375","A2":"충남 아산시 도고면 아산만로198번길 10","A3":"충남 아산시 도고면 신언리 154-1","A4":"4420040021101540001","A5":"1168","A6":"충남청","A7":"아산","A8":"도고선장","A9":"파출소","A10":"041-538-0853","A11":"충청남도 아산시 도고면 아산만로198번길 10"}},
{"type":"Feature","geometry":{"type":"Point","coordinates":[201119.3956,472265.0955]},"properties":{"A0":"127.01255108118417","A1":"36.849085396225","A2":"충남 아산시 음봉면 음봉면로 19","A3":"충남 아산시 음봉면 삼거리 203-3","A4":"4420035021102030003","A5":"1169","A6":"충남청","A7":"아산","A8":"음봉","A9":"파출소","A10":"041-538-0850","A11":"충청남도 아산시 음봉면 음봉면로 19"}},
{"type":"Feature","geometry":{"type":"Point","coordinates":[203384.1485,481252.3506]},"properties":{"A0":"127.03798440689852","A1":"36.930064060749785","A2":"충남 아산시 둔포면 둔포면로 37","A3":"충남 아산시 둔포면 둔포리 461-6","A4":"4420036021104610006","A5":"1170","A6":"충남청","A7":"아산","A8":"둔포","A9":"파출소","A10":"041-538-0849","A11":"충청남도 아산시 둔포면 둔포면로 37"}},
{"type":"Feature","geometry":{"type":"Point","coordinates":[195904.0048,472978.6897]},"properties":{"A0":"126.95407038533561","A1":"36.85550741634396","A2":"충남 아산시 영인면 아산리길 23","A3":"충남 아산시 영인면 아산리 432-21","A4":"4420037021104320021","A5":"1171","A6":"충남청","A7":"아산","A8":"영인","A9":"파출소","A10":"041-538-0852","A11":"충청남도 아산시 영인면 아산리길 23"}},
{"type":"Feature","geometry":{"type":"Point","coordinates":[205292.4068,464088.7458]},"properties":{"A0":"127.05928349557509","A1":"36.77539325578471","A2":"충남 아산시 배방읍 모산로 151","A3":"충남 아산시 배방읍 공수리 92-9","A4":"4420025324100920009","A5":"1172","A6":"충남청","A7":"아산","A8":"배방","A9":"파출소","A10":"041-538-0846","A11":"충청남도 아산시 배방읍 모산로 151"}},
{"type":"Feature","geometry":{"type":"Point","coordinates":[208093.3032,465565.9726]},"properties":{"A0":"127.09067375153379","A1":"36.788685036268205","A2":"충남 아산시 배방읍 용연로 92","A3":"충남 아산시 배방읍 장재리 1520","A4":"4420025331115200000","A5":"1173","A6":"충남청","A7":"아산","A8":"장재","A9":"파출소","A10":"041-538-0843","A11":"충청남도 아산시 배방읍 용연로 92"}},
{"type":"Feature","geometry":{"type":"Point","coordinates":[221811.6459,409361.1352]},"properties":{"A0":"127.24277882046299","A1":"36.281981662398294","A2":"충남 계룡시 엄사면 계백로 3120","A3":"충남 계룡시 엄사면 엄사리 211-8","A4":"4425031521102110008","A5":"1174","A6":"충남청","A7":"논산","A8":"계룡","A9":"지구대","A10":"042-841-8112","A11":"충청남도 계룡시 엄사면 계백로 3120"}},
{"type":"Feature","geometry":{"type":"Point","coordinates":[192512.246,556100.493]},"properties":{"A0":"126.91520303742595","A1":"37.60445247543262","A2":"서울 은평구 연서로 61(역촌동)","A3":"서울 은평구 역촌동 62-26","A4":"1138010800100620026","A5":"116","A6":"서울청","A7":"서울서부","A8":"역촌","A9":"파출소","A10":"02-350-1934","A11":"서울특별시 은평구  연서로 61"}},
{"type":"Feature","geometry":{"type":"Point","coordinates":[207576.8127,400763.2179]},"properties":{"A0":"127.08425238093035","A1":"36.2047143947864","A2":"충남 논산시 해월로 157(반월동)","A3":"충남 논산시 반월동 105-3","A4":"4423010200101050003","A5":"1175","A6":"충남청","A7":"논산","A8":"논산","A9":"지구대","A10":"041-732-0112","A11":"충청남도 논산시  해월로 157"}},
{"type":"Feature","geometry":{"type":"Point","coordinates":[201343.489,395157.951]},"properties":{"A0":"127.01492965737232","A1":"36.15422790708133","A2":"충남 논산시 강경읍 대흥로 1-2","A3":"충남 논산시 강경읍 대흥리 32-88","A4":"4423025029100320088","A5":"1176","A6":"충남청","A7":"논산","A8":"강경","A9":"지구대","A10":"041-746-3305","A11":"충청남도 논산시 강경읍 대흥로 1-2"}},
{"type":"Feature","geometry":{"type":"Point","coordinates":[208848.6336,392119.3204]},"properties":{"A0":"127.09829728481199","A1":"36.12680431760947","A2":"충남 논산시 연무읍 안심로61번길 4","A3":"충남 논산시 연무읍 안심리 76-43","A4":"4423025331100760043","A5":"1177","A6":"충남청","A7":"논산","A8":"연무","A9":"지구대","A10":"041-746-3302","A11":"충청남도 논산시 연무읍 안심로61번길 4"}},
{"type":"Feature","geometry":{"type":"Point","coordinates":[212718.1644,410712.651]},"properties":{"A0":"127.14158429862464","A1":"36.294323969933316","A2":"충남 논산시 상월면 백일헌로 1035","A3":"충남 논산시 상월면 신충리 24-1","A4":"4423034021100240001","A5":"1178","A6":"충남청","A7":"논산","A8":"상월","A9":"파출소","A10":"041-732-4112","A11":"충청남도 논산시 상월면 백일헌로 1035"}},
{"type":"Feature","geometry":{"type":"Point","coordinates":[221515.1796,393197.8274]},"properties":{"A0":"127.23903573634198","A1":"36.136325421879846","A2":"충남 논산시 양촌면 황산벌로 428","A3":"충남 논산시 양촌면 인천리 245-4","A4":"4423039021102450004","A5":"1179","A6":"충남청","A7":"논산","A8":"양촌","A9":"파출소","A10":"041-741-2112","A11":"충청남도 논산시 양촌면 황산벌로 428"}},
{"type":"Feature","geometry":{"type":"Point","coordinates":[218010.2767,401663.0331]},"properties":{"A0":"127.20028994932224","A1":"36.21268544542561","A2":"충남 논산시 연산면 선비로275번길 28","A3":"충남 논산시 연산면 청동리 127-15","A4":"4423036026101270015","A5":"1180","A6":"충남청","A7":"논산","A8":"연산","A9":"파출소","A10":"041-735-0112","A11":"충청남도 논산시 연산면 선비로275번길 28"}},
{"type":"Feature","geometry":{"type":"Point","coordinates":[195594.4757,439627.9915]},"properties":{"A0":"126.9507915495054","A1":"36.55497386543833","A2":"충남 공주시 유구읍 중앙1길 115","A3":"충남 공주시 유구읍 석남리 201-2","A4":"4415025023102010002","A5":"1183","A6":"충남청","A7":"공주","A8":"유구","A9":"파출소","A10":"041-850-7317","A11":"충청남도 공주시 유구읍 중앙1길 115"}},
{"type":"Feature","geometry":{"type":"Point","coordinates":[205545.8189,418308.8852]},"properties":{"A0":"127.06179266766526","A1":"36.3628478824029","A2":"충남 공주시 이인면 은행길 34","A3":"충남 공주시 이인면 이인리 236","A4":"4415031021102360000","A5":"1184","A6":"충남청","A7":"공주","A8":"탄천이인","A9":"파출소","A10":"041-850-7305","A11":"충청남도 공주시 이인면 은행길 34"}},
{"type":"Feature","geometry":{"type":"Point","coordinates":[222532.8781,421990.069]},"properties":{"A0":"127.25117137539661","A1":"36.39577366743087","A2":"충남 공주시 반포면 반포초교길 15","A3":"충남 공주시 반포면 공암리 342-7","A4":"4415034021103420007","A5":"1185","A6":"충남청","A7":"공주","A8":"반포","A9":"파출소","A10":"041-850-7308","A11":"충청남도 공주시 반포면 반포초교길 15"}},
{"type":"Feature","geometry":{"type":"Point","coordinates":[210813.9669,445690.156]},"properties":{"A0":"127.12087405100446","A1":"36.60955172649667","A2":"충남 공주시 정안면 정안중앙길 169","A3":"충남 공주시 정안면 광정리 258-6","A4":"4415037021102580006","A5":"1186","A6":"충남청","A7":"공주","A8":"정안","A9":"파출소","A10":"041-850-7312","A11":"충청남도 공주시 정안면 정안중앙길 169"}},
{"type":"Feature","geometry":{"type":"Point","coordinates":[202498.0185,557841.0155]},"properties":{"A0":"127.02829540043072","A1":"37.620161596281434","A2":"서울 강북구 도봉로 127(미아동)","A3":"서울 강북구 미아동 327-1","A4":"1130510100103270001","A5":"117","A6":"서울청","A7":"서울강북","A8":"미아","A9":"지구대","A10":"02-944-4112","A11":"서울특별시 강북구 도봉로 127"}},
{"type":"Feature","geometry":{"type":"Point","coordinates":[212747.4654,418084.9053]},"properties":{"A0":"127.14203101351367","A1":"36.36076107897697","A2":"충남 공주시 계룡면 영규대사로 495","A3":"충남 공주시 계룡면 월암리 47-7","A4":"4415033022100470007","A5":"1187","A6":"충남청","A7":"공주","A8":"계룡","A9":"파출소","A10":"041-850-7307","A11":"충청남도 공주시 계룡면 영규대사로 495"}},
{"type":"Feature","geometry":{"type":"Point","coordinates":[204673.9292,430227.1351]},"properties":{"A0":"127.05214963485136","A1":"36.470256274805635","A2":"충남 공주시 우성면 동대리길 75","A3":"충남 공주시 우성면 동대리 173","A4":"4415038021101730000","A5":"1188","A6":"충남청","A7":"공주","A8":"우성사곡","A9":"파출소","A10":"041-850-7313","A11":"충청남도 공주시 우성면 동대리길 75"}},
{"type":"Feature","geometry":{"type":"Point","coordinates":[156417.3751,412740.9056]},"properties":{"A0":"126.51471230481087","A1":"36.31170169591653","A2":"충남 보령시 머드로 70(신흑동)","A3":"충남 보령시 신흑동 1809","A4":"4418011000118090000","A5":"1189","A6":"충남청","A7":"보령","A8":"해수욕장","A9":"지구대","A10":"041-933-7112","A11":"충청남도 보령시  머드로 70"}},
{"type":"Feature","geometry":{"type":"Point","coordinates":[164609.2581,417028.7866]},"properties":{"A0":"126.60573143391309","A1":"36.35067744552015","A2":"충남 보령시 신설1길 53(동대동)","A3":"충남 보령시 동대동 1160","A4":"4418010400111600000","A5":"1190","A6":"충남청","A7":"보령","A8":"동대","A9":"지구대","A10":"041-931-0112","A11":"충청남도 보령시  신설1길 53"}},
{"type":"Feature","geometry":{"type":"Point","coordinates":[170958.301,410602.8578]},"properties":{"A0":"126.67670075945561","A1":"36.29298167467138","A2":"충남 보령시 미산면 만수로 1129","A3":"충남 보령시 미산면 도화담리 127-1","A4":"4418039022101270001","A5":"1191","A6":"충남청","A7":"보령","A8":"미산","A9":"파출소","A10":"041-933-4112","A11":"충청남도 보령시 미산면 만수로 1129"}},
{"type":"Feature","geometry":{"type":"Point","coordinates":[157664.277,431469.627]},"properties":{"A0":"126.52757657548457","A1":"36.48053029659461","A2":"충남 보령시 천북면 하궁길 8","A3":"충남 보령시 천북면 하만리 146-1","A4":"4418033021101460001","A5":"1192","A6":"충남청","A7":"보령","A8":"천북","A9":"파출소","A10":"041-641-9112","A11":"충청남도 보령시 천북면 하궁길 8"}},
{"type":"Feature","geometry":{"type":"Point","coordinates":[163090.717,424217.1093]},"properties":{"A0":"126.58847322506725","A1":"36.415398233690524","A2":"충남 보령시 주포면 보령읍성길 80-32","A3":"충남 보령시 주포면 보령리 255","A4":"4418031021102550000","A5":"1193","A6":"충남청","A7":"보령","A8":"주포","A9":"파출소","A10":"041-932-7112","A11":"충청남도 보령시 주포면 보령읍성길 80-32"}},
{"type":"Feature","geometry":{"type":"Point","coordinates":[163377.0127,416891.7683]},"properties":{"A0":"126.59200984293079","A1":"36.34939707762156","A2":"충남 보령시 구시1길 38(대천동)","A3":"충남 보령시 대천동 337-16","A4":"4418010100103370016","A5":"1194","A6":"충남청","A7":"보령","A8":"대천","A9":"파출소","A10":"041-936-0112","A11":"충청남도 보령시  구시1길 38"}},
{"type":"Feature","geometry":{"type":"Point","coordinates":[163896.2642,404037.3681]},"properties":{"A0":"126.59838899795035","A1":"36.233576524233825","A2":"충남 보령시 웅천읍 충서로 928 길","A3":"충남 보령시 웅천읍 대창리 727-10","A4":"4418025021107270010","A5":"1195","A6":"충남청","A7":"보령","A8":"웅천","A9":"파출소","A10":"041-933-2112","A11":"충청남도 보령시 웅천읍 충서로 928길"}},
{"type":"Feature","geometry":{"type":"Point","coordinates":[157171.7381,426819.2974]},"properties":{"A0":"126.52233698027791","A1":"36.43860214403733","A2":"충남 보령시 오천면 소성안길 50","A3":"충남 보령시 오천면 소성리 657-8","A4":"4418032021106570008","A5":"1196","A6":"충남청","A7":"보령","A8":"오천","A9":"파출소","A10":"041-932-4112","A11":"충청남도 보령시 오천면 소성안길 50"}},
{"type":"Feature","geometry":{"type":"Point","coordinates":[202685.2253,557413.7159]},"properties":{"A0":"127.03041437263671","A1":"37.61631112208086","A2":"서울 강북구 오현로 4(미아동)","A3":"서울 강북구 미아동 860-146","A4":"1130510100108600146","A5":"118","A6":"서울청","A7":"서울강북","A8":"솔샘","A9":"지구대","A10":"02-944-4122-7","A11":"서울특별시 강북구 오현로 4"}},
{"type":"Feature","geometry":{"type":"Point","coordinates":[167266.6936,477493.6919]},"properties":{"A0":"126.63276033242934","A1":"36.895633514575316","A2":"충남 당진시 당진중앙2로 157(읍내동)","A3":"충남 당진시 읍내동 230-1","A4":"4427010100102300001","A5":"1197","A6":"충남청","A7":"당진","A8":"중앙","A9":"지구대","A10":"041-360-4301","A11":"충청남도 당진시 당진중앙2로157"}},
{"type":"Feature","geometry":{"type":"Point","coordinates":[179743.0945,476338.3067]},"properties":{"A0":"126.77276436843943","A1":"36.88557260630168","A2":"충남 당진시 신평면 신평로 840","A3":"충남 당진시 신평면 금천리 404","A4":"4427038021104040000","A5":"1198","A6":"충남청","A7":"당진","A8":"신평","A9":"파출소","A10":"041-360-4304","A11":"충청남도 당진시 신평면 신평로840"}},
{"type":"Feature","geometry":{"type":"Point","coordinates":[170326.9345,468651.8495]},"properties":{"A0":"126.66743852693148","A1":"36.816061442920436","A2":"충남 당진시 면천면 면천서문1길 82","A3":"충남 당진시 면천면 성상리 903-2","A4":"4427035021109030002","A5":"1199","A6":"충남청","A7":"당진","A8":"면천","A9":"파출소","A10":"041-360-4308","A11":"충청남도 당진시 면천면 면천서문1길 82"}},
{"type":"Feature","geometry":{"type":"Point","coordinates":[179924.7533,467710.3443]},"properties":{"A0":"126.77503006043203","A1":"36.807830004266265","A2":"충남 당진시 합덕읍 합우로 168","A3":"충남 당진시 합덕읍 운산리 262-5","A4":"4427025021102620005","A5":"1200","A6":"충남청","A7":"당진","A8":"합덕","A9":"파출소","A10":"041-360-4302","A11":"충청남도 당진시 합덕읍 합우로168"}},
{"type":"Feature","geometry":{"type":"Point","coordinates":[163719.26,486993.4709]},"properties":{"A0":"126.59250618130298","A1":"36.98110403695717","A2":"충남 당진시 석문면 통정3길 13","A3":"충남 당진시 석문면 통정리 382-3","A4":"4427032021103820003","A5":"1201","A6":"충남청","A7":"당진","A8":"석문","A9":"지구대","A10":"041-360-4303","A11":"충청남도 당진시 석문면 통정3길 13"}},
{"type":"Feature","geometry":{"type":"Point","coordinates":[171456.9985,481608.7657]},"properties":{"A0":"126.67961612842649","A1":"36.932849681543246","A2":"충남 당진시 송산면 상거중앙길 59","A3":"충남 당진시 송산면 상거리 326-5","A4":"4427039021103260005","A5":"1203","A6":"충남청","A7":"당진","A8":"송산","A9":"파출소","A10":"041-360-4306","A11":"충청남도 당진시 송산면 상거중앙길 59"}},
{"type":"Feature","geometry":{"type":"Point","coordinates":[172456.4521,478482.7185]},"properties":{"A0":"126.69094793107024","A1":"36.90471130582522","A2":"충남 당진시 송악읍 기지시1길 42","A3":"충남 당진시 송악읍 기지시리 326-13","A4":"4427025321103260013","A5":"1204","A6":"충남청","A7":"당진","A8":"기지시","A9":"파출소","A10":"041-360-4305","A11":"충청남도 당진시 송악읍 기지시1길 42"}},
{"type":"Feature","geometry":{"type":"Point","coordinates":[174523.1795,471678.6776]},"properties":{"A0":"126.71436605240888","A1":"36.84345863608833","A2":"충남 당진시 순성면 순성로 507-3","A3":"충남 당진시 순성면 봉소리 103","A4":"4427036021101030000","A5":"1205","A6":"충남청","A7":"당진","A8":"순성","A9":"파출소","A10":"041-360-4312","A11":"충청남도 당진시 순성면 순성로 507-3"}},
{"type":"Feature","geometry":{"type":"Point","coordinates":[170103.5799,444722.6209]},"properties":{"A0":"126.66586999232017","A1":"36.60042625828493","A2":"충남 홍성군 홍성읍 내포로 14","A3":"충남 홍성군 홍성읍 오관리 308-10","A4":"4480025021103080010","A5":"1206","A6":"충남청","A7":"홍성","A8":"오관","A9":"지구대","A10":"041-632-2038","A11":"충청남도 홍성군 홍성읍 내포로 14"}},
{"type":"Feature","geometry":{"type":"Point","coordinates":[170726.387,450080.0923]},"properties":{"A0":"126.67262695666938","A1":"36.648723072655216","A2":"충남 홍성군 홍북읍 홍학로 56","A3":"충남 홍성군 홍북읍 신경리 1366","A4":"4480025625113660000","A5":"1207","A6":"충남청","A7":"홍성","A8":"내포","A9":"지구대","A10":"041-632-9112","A11":"충청남도 홍성군 홍북읍 홍학로 56"}},
{"type":"Feature","geometry":{"type":"Point","coordinates":[201553.2385,559004.6099]},"properties":{"A0":"127.0175962202412","A1":"37.630647509758404","A2":"서울 강북구 삼양로 305(수유동)","A3":"서울 강북구 수유동 605-409","A4":"1130510300106050409","A5":"119","A6":"서울청","A7":"서울강북","A8":"수유1","A9":"파출소","A10":"02-944-4132","A11":"서울특별시 강북구  삼양로 305"}},
{"type":"Feature","geometry":{"type":"Point","coordinates":[166354.7839,434042.013]},"properties":{"A0":"126.62443878529162","A1":"36.50405548607857","A2":"충남 홍성군 광천읍 광천로 341-2","A3":"충남 홍성군 광천읍 신진리 456-1","A4":"4480025321104560001","A5":"1208","A6":"충남청","A7":"홍성","A8":"광천","A9":"지구대","A10":"041-641-0112","A11":"충청남도 홍성군 광천읍 광천로 341-2"}},
{"type":"Feature","geometry":{"type":"Point","coordinates":[156457.9532,442429.7192]},"properties":{"A0":"126.51349702141201","A1":"36.57923956996521","A2":"충남 홍성군 서부면 서부로 514","A3":"충남 홍성군 서부면 이호리 250","A4":"4480037021102500000","A5":"1209","A6":"충남청","A7":"홍성","A8":"서부결성","A9":"파출소","A10":"041-632-8112","A11":"충청남도 홍성군 서부면 서부로 514"}},
{"type":"Feature","geometry":{"type":"Point","coordinates":[172025.3345,440161.735]},"properties":{"A0":"126.68751335372968","A1":"36.559384850119656","A2":"충남 홍성군 홍동면 홍장남로 711","A3":"충남 홍성군 홍동면 운월리 355","A4":"4480033021103550000","A5":"1210","A6":"충남청","A7":"홍성","A8":"홍동장곡","A9":"파출소","A10":"041-633-3112","A11":"충청남도 홍성군 홍동면 홍장남로 711"}},
{"type":"Feature","geometry":{"type":"Point","coordinates":[159755.3737,445268.328]},"properties":{"A0":"126.55019070238218","A1":"36.60496278800103","A2":"충남 홍성군 갈산면 갈산로 95","A3":"충남 홍성군 갈산면 상촌리 235-3","A4":"4480038021102350003","A5":"1211","A6":"충남청","A7":"홍성","A8":"갈산","A9":"파출소","A10":"041-633-2112","A11":"충청남도 홍성군 갈산면 갈산로 95"}},
{"type":"Feature","geometry":{"type":"Point","coordinates":[174314.4591,447017.5667]},"properties":{"A0":"126.71285460155332","A1":"36.621228809443664","A2":"충남 홍성군 금마면 금북로 32","A3":"충남 홍성군 금마면 죽림리 115-7","A4":"4480032031101150007","A5":"1212","A6":"충남청","A7":"홍성","A8":"금마","A9":"파출소","A10":"041-633-7112","A11":"충청남도 홍성군 금마면 금북로 32"}},
{"type":"Feature","geometry":{"type":"Point","coordinates":[184974.6111,454188.9487]},"properties":{"A0":"126.83188619029829","A1":"36.686079926316836","A2":"충남 예산군 예산읍 아리랑로 22","A3":"충남 예산군 예산읍 주교리 215-5","A4":"4481025024102150005","A5":"1213","A6":"충남청","A7":"예산","A8":"예산","A9":"지구대","A10":"041-334-2118","A11":"충청남도 예산군 예산읍 아리랑로 22"}},
{"type":"Feature","geometry":{"type":"Point","coordinates":[176588.9888,454485.5212]},"properties":{"A0":"126.73805407697647","A1":"36.68858307411537","A2":"충남 예산군 삽교읍 삽교로1길 28","A3":"충남 예산군 삽교읍 두리 575-21","A4":"4481025321105750021","A5":"1214","A6":"충남청","A7":"예산","A8":"삽교","A9":"지구대","A10":"041-338-0112","A11":"충청남도 예산군 삽교읍 삽교로1길 28"}},
{"type":"Feature","geometry":{"type":"Point","coordinates":[170310.1708,456247.7938]},"properties":{"A0":"126.66773312624818","A1":"36.70428789789164","A2":"충남 예산군 덕산면 덕산온천로 427","A3":"충남 예산군 덕산면 읍내리 224-3","A4":"4481036021102240003","A5":"1215","A6":"충남청","A7":"예산","A8":"덕산","A9":"지구대","A10":"041-337-0112","A11":"충청남도 예산군 덕산면 덕산온천로 427"}},
{"type":"Feature","geometry":{"type":"Point","coordinates":[190386.7472,450984.3272]},"properties":{"A0":"126.89248079504883","A1":"36.65727248045012","A2":"충남 예산군 대술면 대술로 145-1","A3":"충남 예산군 대술면 화천리 873-4","A4":"4481031021108730004","A5":"1216","A6":"충남청","A7":"예산","A8":"대술신양","A9":"파출소","A10":"041-333-5112","A11":"충청남도 예산군 대술면 대술로 145-1"}},
{"type":"Feature","geometry":{"type":"Point","coordinates":[179853.3756,438943.8822]},"properties":{"A0":"126.774986334523","A1":"36.54860649415954","A2":"충남 예산군 광시면 예당로 157","A3":"충남 예산군 광시면 광시리 85-4","A4":"4481033021100850004","A5":"1217","A6":"충남청","A7":"예산","A8":"광시대흥","A9":"파출소","A10":"041-332-1112","A11":"충청남도 예산군 광시면 예당로 157"}},
{"type":"Feature","geometry":{"type":"Point","coordinates":[201509.7612,560142.4057]},"properties":{"A0":"127.01710602973739","A1":"37.640898957054816","A2":"서울 강북구 삼각산로 115(수유동)","A3":"서울 강북구 수유동 605-512","A4":"1130510300106050512","A5":"120","A6":"서울청","A7":"서울강북","A8":"수유2","A9":"파출소","A10":"02-944-4141","A11":"서울특별시 강북구 삼각산로 115"}},
{"type":"Feature","geometry":{"type":"Point","coordinates":[191938.2116,409221.9992]},"properties":{"A0":"126.9102678594449","A1":"36.28094048685728","A2":"충남 부여군 부여읍 사비로 93","A3":"충남 부여군 부여읍 구아리 328-2","A4":"4476025029103280002","A5":"1219","A6":"충남청","A7":"부여","A8":"백강","A9":"지구대","A10":"041-835-1132","A11":"충청남도 부여군 부여읍 사비로 93"}},
{"type":"Feature","geometry":{"type":"Point","coordinates":[173351.477,411427.3972]},"properties":{"A0":"126.70331369755137","A1":"36.300480903254126","A2":"충남 부여군 외산면 외산로 69","A3":"충남 부여군 외산면 만수리 39-3","A4":"4476033030100390003","A5":"1220","A6":"충남청","A7":"부여","A8":"외내산","A9":"파출소","A10":"041-836-5112","A11":"충청남도 부여군 외산면 외산로 69"}},
{"type":"Feature","geometry":{"type":"Point","coordinates":[190420.7092,398949.0841]},"properties":{"A0":"126.89350286610396","A1":"36.18834747446525","A2":"충남 부여군 임천면 성흥로 117","A3":"충남 부여군 임천면 군사리 66-3","A4":"4476041021100660003","A5":"1221","A6":"충남청","A7":"부여","A8":"임천","A9":"파출소","A10":"041-833-2112","A11":"충청남도 부여군 임천면 성흥로 117"}},
{"type":"Feature","geometry":{"type":"Point","coordinates":[195152.0488,396955.6919]},"properties":{"A0":"126.94611552312864","A1":"36.17041813928921","A2":"충남 부여군 세도면 세도중앙로 30","A3":"충남 부여군 세도면 청송리 426-1","A4":"4476043024104260001","A5":"1222","A6":"충남청","A7":"부여","A8":"세도","A9":"파출소","A10":"041-833-0112","A11":"충청남도 부여군 세도면 세도중앙로 30"}},
{"type":"Feature","geometry":{"type":"Point","coordinates":[178464.9483,401990.2103]},"properties":{"A0":"126.76050069167997","A1":"36.21556238950076","A2":"충남 부여군 홍산면 홍산로 70","A3":"충남 부여군 홍산면 북촌리 179-1","A4":"4476036023101790001","A5":"1223","A6":"충남청","A7":"부여","A8":"홍산","A9":"파출소","A10":"041-836-1112","A11":"충청남도 부여군 홍산면 홍산로 70"}},
{"type":"Feature","geometry":{"type":"Point","coordinates":[182875.9633,405737.0089]},"properties":{"A0":"126.80947672976747","A1":"36.2494159560303","A2":"충남 부여군 구룡면 흥수로 158","A3":"충남 부여군 구룡면 태양리 464-19","A4":"4476035024104640019","A5":"1224","A6":"충남청","A7":"부여","A8":"구룡","A9":"파출소","A10":"041-832-2112","A11":"충청남도 부여군 구룡면 흥수로 158"}},
{"type":"Feature","geometry":{"type":"Point","coordinates":[200156.8227,406168.7805]},"properties":{"A0":"127.0017449115536","A1":"36.25345876969808","A2":"충남 부여군 석성면 왕릉로 695","A3":"충남 부여군 석성면 증산리 1284-30","A4":"4476044024112840030","A5":"1225","A6":"충남청","A7":"부여","A8":"석성","A9":"파출소","A10":"041-836-9112","A11":"충청남도 부여군 석성면 왕릉로 695"}},
{"type":"Feature","geometry":{"type":"Point","coordinates":[190067.3432,408593.8999]},"properties":{"A0":"126.88945211646391","A1":"36.275262734262114","A2":"충남 부여군 규암면 수북로 73","A3":"충남 부여군 규암면 규암리 141-15","A4":"4476031032101410015","A5":"1226","A6":"충남청","A7":"부여","A8":"규암","A9":"파출소","A10":"041-836-3112","A11":"충청남도 부여군 규암면 수북로 73"}},
{"type":"Feature","geometry":{"type":"Point","coordinates":[186883.9056,412302.7065]},"properties":{"A0":"126.85395904838333","A1":"36.308647996434686","A2":"충남 부여군 은산면 충절로 2792","A3":"충남 부여군 은산면 신대리 390-4","A4":"4476032021103900004","A5":"1227","A6":"충남청","A7":"부여","A8":"은산","A9":"파출소","A10":"041-832-6112","A11":"충청남도 부여군 은산면 충절로 2792"}},
{"type":"Feature","geometry":{"type":"Point","coordinates":[172262.0667,379324.5596]},"properties":{"A0":"126.69231744202722","A1":"36.011140318583486","A2":"충남 서천군 장항읍 장항로 134","A3":"충남 서천군 장항읍 신창리 186-6","A4":"4477025024101860006","A5":"1228","A6":"충남청","A7":"서천","A8":"금강","A9":"지구대","A10":"041-955-5302","A11":"충청남도 서천군 장항읍 장항로 134"}},
{"type":"Feature","geometry":{"type":"Point","coordinates":[202345.9331,560520.6012]},"properties":{"A0":"127.02658132419752","A1":"37.64430467123338","A2":"서울 강북구 한천로150길 76(수유동)","A3":"서울 강북구 수유동 166-75","A4":"1130510300101660075","A5":"121","A6":"서울청","A7":"서울강북","A8":"수유3","A9":"파출소","A10":"02-944-4153","A11":"서울특별시 강북구  한천로150길 76"}},
{"type":"Feature","geometry":{"type":"Point","coordinates":[172246.411,386596.5427]},"properties":{"A0":"126.69188855968636","A1":"36.076675445692885","A2":"충남 서천군 서천읍 서천로 69","A3":"충남 서천군 서천읍 군사리 633","A4":"4477025321106330000","A5":"1229","A6":"충남청","A7":"서천","A8":"서림","A9":"지구대","A10":"041-952-1302","A11":"충청남도 서천군 서천읍 서천로 69"}},
{"type":"Feature","geometry":{"type":"Point","coordinates":[172285.8597,395135.6801]},"properties":{"A0":"126.69202627533409","A1":"36.1536317588826","A2":"충남 서천군 판교면 대백제로 1908","A3":"충남 서천군 판교면 현암리 109-5","A4":"4477038029101090005","A5":"1230","A6":"충남청","A7":"서천","A8":"판교","A9":"파출소","A10":"041-951-5112","A11":"충청남도 서천군 판교면 대백제로1908"}},
{"type":"Feature","geometry":{"type":"Point","coordinates":[182216.8751,387564.9636]},"properties":{"A0":"126.80255489511822","A1":"36.085636806274366","A2":"충남 서천군 한산면 한마로61번길 3-4","A3":"충남 서천군 한산면 지현리 255-1","A4":"4477034021102550001","A5":"1231","A6":"충남청","A7":"서천","A8":"한산","A9":"파출소","A10":"041-951-0112","A11":"충청남도 서천군 한산면 한마로61번길 3-4"}},
{"type":"Feature","geometry":{"type":"Point","coordinates":[164097.093,393842.0277]},"properties":{"A0":"126.60108956339761","A1":"36.14170531091925","A2":"충남 서천군 비인면 비인로 193","A3":"충남 서천군 비인면 성내리 312","A4":"4477040021103120000","A5":"1232","A6":"충남청","A7":"서천","A8":"비인","A9":"파출소","A10":"041-952-5112","A11":"충청남도 서천군 비인면 비인로 193"}},
{"type":"Feature","geometry":{"type":"Point","coordinates":[157351.7866,395008.965]},"properties":{"A0":"126.52608210651398","A1":"36.15194843263797","A2":"충남 서천군 서면 서인로 541","A3":"충남 서천군 서면 도둔리 83-1","A4":"4477041028100830001","A5":"1233","A6":"충남청","A7":"서천","A8":"서면","A9":"파출소","A10":"041-952-0112","A11":"충청남도 서천군 서면 서인로 541"}},
{"type":"Feature","geometry":{"type":"Point","coordinates":[173594.1851,385027.9365]},"properties":{"A0":"126.70690342123572","A1":"36.06257632362879","A2":"충남 서천군 마서면 장서로 691","A3":"충남 서천군 마서면 계동리 19-5","A4":"4477031021100190005","A5":"1234","A6":"충남청","A7":"서천","A8":"마서","A9":"파출소","A10":"041-953-2113","A11":"충청남도 서천군 마서면 장서로 691"}},
{"type":"Feature","geometry":{"type":"Point","coordinates":[249229.4361,390555.1763]},"properties":{"A0":"127.5467687670489","A1":"36.11149982643883","A2":"충남 금산군 제원면 금강로 113","A3":"충남 금산군 제원면 제원리 152-26","A4":"4471032021101520026","A5":"1235","A6":"충남청","A7":"금산","A8":"봉황","A9":"지구대","A10":"041-750-0306","A11":"충청남도 금산군 제원면 금강로 113"}},
{"type":"Feature","geometry":{"type":"Point","coordinates":[244011.1554,389567.6919]},"properties":{"A0":"127.48875829351964","A1":"36.10285094737391","A2":"충남 금산군 금산읍 금산로 1446","A3":"충남 금산군 금산읍 상리 137-3","A4":"4471025024101370003","A5":"1236","A6":"충남청","A7":"금산","A8":"진악","A9":"지구대","A10":"041-750-0301","A11":"충청남도 금산군 금산읍 금산로 1446"}},
{"type":"Feature","geometry":{"type":"Point","coordinates":[233381.665,394138.195]},"properties":{"A0":"127.37091085905043","A1":"36.144464364899896","A2":"충남 금산군 진산면 대둔산로 405","A3":"충남 금산군 진산면 읍내리 600-13","A4":"4471037028106000013","A5":"1237","A6":"충남청","A7":"금산","A8":"진산","A9":"파출소","A10":"041-750-0303","A11":"충청남도 금산군 진산면 대둔산로 405"}},
{"type":"Feature","geometry":{"type":"Point","coordinates":[235879.4069,396254.5748]},"properties":{"A0":"127.3987592029857","A1":"36.163448127241125","A2":"충남 금산군 복수면 복수로 114","A3":"충남 금산군 복수면 곡남리 461-5","A4":"4471038023104610005","A5":"1238","A6":"충남청","A7":"금산","A8":"복수","A9":"파출소","A10":"041-750-0304","A11":"충청남도 금산군 복수면 복수로 114"}},
{"type":"Feature","geometry":{"type":"Point","coordinates":[201093.6034,559979.3894]},"properties":{"A0":"127.01239064132301","A1":"37.63943079698264","A2":"서울 강북구 인수봉로 227(수유동)","A3":"서울 강북구 수유동 410-342","A4":"1130510300104100342","A5":"122","A6":"서울청","A7":"서울강북","A8":"인수","A9":"파출소","A10":"02-944-4163","A11":"서울특별시 강북구 인수봉로 227"}},
{"type":"Feature","geometry":{"type":"Point","coordinates":[241997.6969,399374.604]},"properties":{"A0":"127.46692273584905","A1":"36.191318994905515","A2":"충남 금산군 추부면 마전로 56-1","A3":"충남 금산군 추부면 마전리 571-2","A4":"4471039023105710002","A5":"1239","A6":"충남청","A7":"금산","A8":"추부","A9":"파출소","A10":"041-750-0305","A11":"충청남도 금산군 추부면 마전로 56-1"}},
{"type":"Feature","geometry":{"type":"Point","coordinates":[195749.818,423486.2122]},"properties":{"A0":"126.95261503047364","A1":"36.40951115089729","A2":"충남 청양군 정산면 칠갑산로 1948","A3":"충남 청양군 정산면 서정리 11-8","A4":"4479033021100110008","A5":"1240","A6":"충남청","A7":"청양","A8":"정산","A9":"파출소","A10":"041-940-0312","A11":"충청남도 청양군 정산면 칠갑산로 1948"}},
{"type":"Feature","geometry":{"type":"Point","coordinates":[182088.37,428157.8782]},"properties":{"A0":"126.80019833230483","A1":"36.45145304931483","A2":"충남 청양군 청양읍 칠갑산로 213","A3":"충남 청양군 청양읍 읍내리 189-4","A4":"4479025021101890004","A5":"1241","A6":"충남청","A7":"청양","A8":"칠갑","A9":"지구대","A10":"041-940-0311","A11":"충청남도 청양군 청양읍 칠갑산로 213"}},
{"type":"Feature","geometry":{"type":"Point","coordinates":[190429.3632,416030.9751]},"properties":{"A0":"126.89339003784282","A1":"36.3422883498514","A2":"충남 청양군 장평면 닭우리고개길 39","A3":"충남 청양군 장평면 중추리 523-21","A4":"4479036021105230021","A5":"1242","A6":"충남청","A7":"청양","A8":"장평청남","A9":"파출소","A10":"041-940-0313","A11":"충청남도 청양군 장평면 닭우리고개길 39"}},
{"type":"Feature","geometry":{"type":"Point","coordinates":[174591.5779,425632.682]},"properties":{"A0":"126.71665662899113","A1":"36.4285273513321","A2":"충남 청양군 화성면 무한로 130","A3":"충남 청양군 화성면 산정리 165-8","A4":"4479038021101650008","A5":"1243","A6":"충남청","A7":"청양","A8":"화성남양","A9":"파출소","A10":"041-940-0314","A11":"충청남도 청양군 화성면 무한로 130"}},
{"type":"Feature","geometry":{"type":"Point","coordinates":[180863.1734,435631.289]},"properties":{"A0":"126.7863465572951","A1":"36.51877682762209","A2":"충남 청양군 비봉면 충절로 1988","A3":"충남 청양군 비봉면 록평리 111","A4":"4479039021101110000","A5":"1244","A6":"충남청","A7":"청양","A8":"비봉","A9":"파출소","A10":"041-940-0316","A11":"충청남도 청양군 비봉면 충절로 1988"}},
{"type":"Feature","geometry":{"type":"Point","coordinates":[186154.1057,436183.9084]},"properties":{"A0":"126.84540722795182","A1":"36.5238474654826","A2":"충남 청양군 운곡면 청신로 878","A3":"충남 청양군 운곡면 신대리 607-1","A4":"4479031025106070001","A5":"1245","A6":"충남청","A7":"청양","A8":"운곡","A9":"파출소","A10":"041-940-0315","A11":"충청남도 청양군 운곡면 청신로 878"}},
{"type":"Feature","geometry":{"type":"Point","coordinates":[138148.3235,461428.4978]},"properties":{"A0":"126.30739899531818","A1":"36.74942054590576","A2":"충남 태안군 태안읍 중앙로 177","A3":"충남 태안군 태안읍 동문리 85-1","A4":"4482525021100850001","A5":"1246","A6":"충남청","A7":"태안","A8":"태안","A9":"지구대","A10":"041-671-9121","A11":"충청남도 태안군 태안읍 중앙로 177"}},
{"type":"Feature","geometry":{"type":"Point","coordinates":[141323.9456,435948.1041]},"properties":{"A0":"126.34490394776554","A1":"36.520022420870774","A2":"충남 태안군 안면읍 장터로 145","A3":"충남 태안군 안면읍 승언리 1064","A4":"4482525321110640000","A5":"1247","A6":"충남청","A7":"태안","A8":"안면","A9":"파출소","A10":"041-671-9122","A11":"충청남도 태안군 안면읍 장터로 145"}},
{"type":"Feature","geometry":{"type":"Point","coordinates":[133803.8533,469813.8638]},"properties":{"A0":"126.25802627353283","A1":"36.8246824392279","A2":"충남 태안군 원북면 상리길 31-4","A3":"충남 태안군 원북면 반계리 221-4","A4":"4482535021102210004","A5":"1248","A6":"충남청","A7":"태안","A8":"원북","A9":"파출소","A10":"041-671-9123","A11":"충청남도 태안군 원북면 상리길 31-4"}},
{"type":"Feature","geometry":{"type":"Point","coordinates":[197703.3342,553024.9948]},"properties":{"A0":"126.9740004518841","A1":"37.5767702087717","A2":"서울 종로구 효자로 9(통의동)","A3":"서울 종로구 통의동 35-66","A4":"1111010600100350066","A5":"13","A6":"서울청","A7":"서울종로","A8":"통의","A9":"파출소","A10":"02-3701-4304","A11":"서울특별시 종로구  효자로 9"}},
{"type":"Feature","geometry":{"type":"Point","coordinates":[202877.5068,559597.9465]},"properties":{"A0":"127.03260082996289","A1":"37.6359901963949","A2":"서울 강북구 한천로 969(번동)","A3":"서울 강북구 번동 410-23","A4":"1130510200104100023","A5":"123","A6":"서울청","A7":"서울강북","A8":"번동","A9":"파출소","A10":"02-944-4173","A11":"서울특별시 강북구  한천로 969"}},
{"type":"Feature","geometry":{"type":"Point","coordinates":[131019.4204,457454.9983]},"properties":{"A0":"126.22793624003114","A1":"36.71312626195795","A2":"충남 태안군 근흥면 근흥로 730","A3":"충남 태안군 근흥면 용신리 519-1","A4":"4482533025105190001","A5":"1249","A6":"충남청","A7":"태안","A8":"근흥","A9":"파출소","A10":"041-671-9124","A11":"충청남도 태안군 근흥면 근흥로 730"}},
{"type":"Feature","geometry":{"type":"Point","coordinates":[137159.2805,453108.846]},"properties":{"A0":"126.2970083722146","A1":"36.67438978312197","A2":"충남 태안군 남면 남면로 101","A3":"충남 태안군 남면 달산리 1183-1","A4":"4482532024111830001","A5":"1250","A6":"충남청","A7":"태안","A8":"남면","A9":"파출소","A10":"041-671-9125","A11":"충청남도 태안군 남면 남면로 101"}},
{"type":"Feature","geometry":{"type":"Point","coordinates":[128164.2251,462589.4694]},"properties":{"A0":"126.19549941885387","A1":"36.75917704982179","A2":"충남 태안군 소원면 신덕길 17-1","A3":"충남 태안군 소원면 신덕리 159","A4":"4482534023101590000","A5":"1251","A6":"충남청","A7":"태안","A8":"소원","A9":"파출소","A10":"041-671-9126","A11":"충청남도 태안군 소원면 신덕길 17-1"}},
{"type":"Feature","geometry":{"type":"Point","coordinates":[210065.7975,359790.3664]},"properties":{"A0":"127.1114081219331","A1":"35.835432322164294","A2":"전북 전주시 완산구 새터로 46(서신동) 서신지구대","A3":"전북 전주시 완산구 서신동 940-1","A4":"5211112900109400001","A5":"1252","A6":"전북청","A7":"전주완산","A8":"서신","A9":"지구대","A10":"063-280-0649","A11":"전라북도 전주시 완산구  새터로 46 서신지구대"}},
{"type":"Feature","geometry":{"type":"Point","coordinates":[213195.3116,358484.1818]},"properties":{"A0":"127.14602393024622","A1":"35.82362315009597","A2":"전북 전주시 완산구 대동로 95(서노송동) 남문지구대","A3":"전북 전주시 완산구 서노송동 635-1","A4":"5211114700106350001","A5":"1253","A6":"전북청","A7":"전주완산","A8":"남문","A9":"지구대","A10":"063-280-0619","A11":"전라북도 전주시 완산구  대동로 95 남문지구대"}},
{"type":"Feature","geometry":{"type":"Point","coordinates":[210955.9051,355842.2878]},"properties":{"A0":"127.12120570896136","A1":"35.79984036455026","A2":"전북 전주시 완산구 성지산로 24(삼천동1가) 삼천지구대","A3":"전북 전주시 완산구 삼천동1가 177-5","A4":"5211113700101770005","A5":"1254","A6":"전북청","A7":"전주완산","A8":"삼천","A9":"지구대","A10":"063-280-0629","A11":"전라북도 전주시 완산구  성지산로 24 삼천지구대"}},
{"type":"Feature","geometry":{"type":"Point","coordinates":[211458.8186,357189.8]},"properties":{"A0":"127.12678875887889","A1":"35.811979306560985","A2":"전북 전주시 완산구 서원로 295(중화산동2가) 화산지구대","A3":"전북 전주시 완산구 중화산동2가 106-5","A4":"5211112800101060005","A5":"1255","A6":"전북청","A7":"전주완산","A8":"화산","A9":"지구대","A10":"063-280-0639","A11":"전라북도 전주시 완산구  서원로 295 화산지구대"}},
{"type":"Feature","geometry":{"type":"Point","coordinates":[211198.5991,356543.6337]},"properties":{"A0":"127.12390068070951","A1":"35.806158370392424","A2":"전북 전주시 완산구 용머리로 125(효자동1가) 효자지구대","A3":"전북 전주시 완산구 효자동1가 639-1","A4":"5211114000106390001","A5":"1256","A6":"전북청","A7":"전주완산","A8":"효자","A9":"지구대","A10":"063-280-0659","A11":"전라북도 전주시 완산구  용머리로 125 효자지구대"}},
{"type":"Feature","geometry":{"type":"Point","coordinates":[208691.9109,358227.951]},"properties":{"A0":"127.0961849367772","A1":"35.82136407294069","A2":"전북 전주시 완산구 마전들로 1(효자동3가) 서부파출소","A3":"전북 전주시 완산구 효자동3가 1656-10","A4":"5211114200116560010","A5":"1257","A6":"전북청","A7":"전주완산","A8":"서부","A9":"지구대","A10":"063-280-0689","A11":"전라북도 전주시 완산구  마전들로 1 서부파출소"}},
{"type":"Feature","geometry":{"type":"Point","coordinates":[212266.8263,354860.5962]},"properties":{"A0":"127.13569341350087","A1":"35.790977256384636","A2":"전북 전주시 완산구 평화로 159(평화동2가) 평화파출소","A3":"전북 전주시 완산구 평화동2가 860-5","A4":"5211113300108600005","A5":"1258","A6":"전북청","A7":"전주완산","A8":"평화","A9":"지구대","A10":"063-280-0669","A11":"전라북도 전주시 완산구  평화로 159 평화파출소"}},
{"type":"Feature","geometry":{"type":"Point","coordinates":[204250.1307,558224.7108]},"properties":{"A0":"127.04814404192999","A1":"37.62361221385571","A2":"서울 강북구 월계로 227(번동)","A3":"서울 강북구 번동 242-6","A4":"1130510200102420006","A5":"124","A6":"서울청","A7":"서울강북","A8":"번3","A9":"파출소","A10":"02-944-4183","A11":"서울특별시 강북구  월계로 227"}},
{"type":"Feature","geometry":{"type":"Point","coordinates":[213697.6936,356685.2832]},"properties":{"A0":"127.1515526337351","A1":"35.807403749952606","A2":"전북 전주시 완산구 서학3길 45(서서학동) 서학파출소","A3":"전북 전주시 완산구 서서학동 3-6","A4":"5211112600100030006","A5":"1259","A6":"전북청","A7":"전주완산","A8":"서학","A9":"파출소","A10":"063-280-0679","A11":"전라북도 전주시 완산구  서학3길 45 서학파출소"}},
{"type":"Feature","geometry":{"type":"Point","coordinates":[211182.3268,360666.311]},"properties":{"A0":"127.12377810254651","A1":"35.84331472997695","A2":"전북 전주시 덕진구 사평로 76(덕진동1가) 덕진지구대","A3":"전북 전주시 덕진구 덕진동1가 1275-1","A4":"5211310500112750001","A5":"1260","A6":"전북청","A7":"전주덕진","A8":"덕진","A9":"지구대","A10":"063-277-0113","A11":"전라북도 전주시 덕진구  사평로 76 덕진지구대"}},
{"type":"Feature","geometry":{"type":"Point","coordinates":[214808.0969,359835.9894]},"properties":{"A0":"127.16389651796854","A1":"35.83578338396444","A2":"전북 전주시 덕진구 진버들4길 10(인후동1가) 아중지구대","A3":"전북 전주시 덕진구 인후동1가 807-1","A4":"5211310300108070001","A5":"1261","A6":"전북청","A7":"전주덕진","A8":"아중","A9":"지구대","A10":"063-244-1112","A11":"전라북도 전주시 덕진구  진버들4길 10 아중지구대"}},
{"type":"Feature","geometry":{"type":"Point","coordinates":[213232.8044,359688.9036]},"properties":{"A0":"127.14645874552176","A1":"35.834480278441426","A2":"전북 전주시 덕진구 안덕원로 173(인후동2가) 모래내지구대","A3":"전북 전주시 덕진구 인후동2가 226-25","A4":"5211310400102260025","A5":"1262","A6":"전북청","A7":"전주덕진","A8":"모래내","A9":"지구대","A10":"063-271-0112","A11":"전라북도 전주시 덕진구  안덕원로 173 모래내지구대"}},
{"type":"Feature","geometry":{"type":"Point","coordinates":[213488.1861,362948.7539]},"properties":{"A0":"127.14934038669355","A1":"35.863856309899404","A2":"전북 전주시 덕진구 동부대로 871(호성동1가) 호성파출소","A3":"전북 전주시 덕진구 호성동1가 838-5","A4":"5211311600108380005","A5":"1263","A6":"전북청","A7":"전주덕진","A8":"호성","A9":"파출소","A10":"063-241-0112","A11":"전라북도 전주시 덕진구  동부대로 871 호성파출소"}},
{"type":"Feature","geometry":{"type":"Point","coordinates":[214488.8704,361420.1734]},"properties":{"A0":"127.16039216336722","A1":"35.850065563280225","A2":"전북 전주시 덕진구 동부대로 688(우아동3가) 역전파출소","A3":"전북 전주시 덕진구 우아동3가 745-98","A4":"5211311500107450098","A5":"1264","A6":"전북청","A7":"전주덕진","A8":"역전","A9":"파출소","A10":"063-246-8112","A11":"전라북도 전주시 덕진구  동부대로 688 역전파출소"}},
{"type":"Feature","geometry":{"type":"Point","coordinates":[206871.4734,363940.0374]},"properties":{"A0":"127.07608910586751","A1":"35.872859062414136","A2":"전북 전주시 덕진구 쪽구름로 82(여의동2가) 여의파출소","A3":"전북 전주시 덕진구 여의동2가 689-3","A4":"5211313900106890003","A5":"1265","A6":"전북청","A7":"전주덕진","A8":"여의","A9":"파출소","A10":"063-211-1112","A11":"전라북도 전주시 덕진구  쪽구름로 82 여의파출소"}},
{"type":"Feature","geometry":{"type":"Point","coordinates":[209748.2109,362083.4228]},"properties":{"A0":"127.10792117899044","A1":"35.85610183263509","A2":"전북 전주시 덕진구 신복로 58(팔복동1가) 팔복파출소","A3":"전북 전주시 덕진구 팔복동1가 176-3","A4":"5211310800101760003","A5":"1266","A6":"전북청","A7":"전주덕진","A8":"팔복","A9":"파출소","A10":"063-211-4112","A11":"전라북도 전주시 덕진구  신복로 58 팔복파출소"}},
{"type":"Feature","geometry":{"type":"Point","coordinates":[211165.7926,362389.5449]},"properties":{"A0":"127.12361919078309","A1":"35.858845751319436","A2":"전북 전주시 덕진구 솔내6길 23(송천동1가) 솔내파출소","A3":"전북 전주시 덕진구 송천동1가 127-4","A4":"5211312100101270004","A5":"1267","A6":"전북청","A7":"전주덕진","A8":"솔내","A9":"파출소","A10":"063-277-0112","A11":"전라북도 전주시 덕진구  솔내6길 23 솔내파출소"}},
{"type":"Feature","geometry":{"type":"Point","coordinates":[210692.4511,362271.6922]},"properties":{"A0":"127.1183770254168","A1":"35.85778876923074","A2":"전북 전주시 덕진구 송천로 50(송천동1가) 송천2파출소","A3":"전북 전주시 덕진구 송천동1가 411-1","A4":"5211312100104110001","A5":"1268","A6":"전북청","A7":"전주덕진","A8":"송천2","A9":"파출소","A10":"063-272-1112","A11":"전라북도 전주시 덕진구  송천로 50 송천2파출소"}},
{"type":"Feature","geometry":{"type":"Point","coordinates":[201606.0232,558355.4846]},"properties":{"A0":"127.0181927898928","A1":"37.624798886642814","A2":"서울 강북구 삼양로 239-1(미아동)","A3":"서울 강북구 미아동 867-128","A4":"1130510100108670128","A5":"125","A6":"서울청","A7":"서울강북","A8":"삼양","A9":"파출소","A10":"02-944-4102","A11":"서울특별시 강북구  삼양로 239-1"}},
{"type":"Feature","geometry":{"type":"Point","coordinates":[211988.6085,358835.4904]},"properties":{"A0":"127.13267537869766","A1":"35.826804915522146","A2":"전북 전주시 덕진구 진북1길 19(진북동) 진북파출소","A3":"전북 전주시 덕진구 진북동 1045-1","A4":"5211310200110450001","A5":"1269","A6":"전북청","A7":"전주덕진","A8":"진북","A9":"파출소","A10":"063-275-0112","A11":"전라북도 전주시 덕진구  진북1길 19 진북파출소"}},
{"type":"Feature","geometry":{"type":"Point","coordinates":[205674.5411,360223.0892]},"properties":{"A0":"127.06280886052816","A1":"35.839367492248684","A2":"전북 전주시 덕진구 출판로 92(장동) 혁신파출소","A3":"전북 전주시 덕진구 장동 1088-2","A4":"5211313200110880002","A5":"1270","A6":"전북청","A7":"전주덕진","A8":"혁신","A9":"파출소","A10":"063-236-0113","A11":"전라북도 전주시 덕진구  출판로 92 혁신파출소"}},
{"type":"Feature","geometry":{"type":"Point","coordinates":[186590.3938,376287.8064]},"properties":{"A0":"126.85130939977606","A1":"35.984009723227004","A2":"전북 군산시 임피면 서원석곡로 610","A3":"전북 군산시 임피면 읍내리 99-5","A4":"5213033021100990005","A5":"1272","A6":"전북청","A7":"군산","A8":"임피","A9":"파출소","A10":"063-453-2112","A11":"전라북도 군산시 임피면 서원석곡로 610"}},
{"type":"Feature","geometry":{"type":"Point","coordinates":[180547.9855,377015.3324]},"properties":{"A0":"126.78428504112733","A1":"35.99052978943337","A2":"전북 군산시 성산면 동군산로 25","A3":"전북 군산시 성산면 고봉리 376-1","A4":"5213037023103760001","A5":"1273","A6":"전북청","A7":"군산","A8":"성산","A9":"파출소","A10":"063-453-0112","A11":"전라북도 군산시 성산면 동군산로 25"}},
{"type":"Feature","geometry":{"type":"Point","coordinates":[184824.0689,381506.3993]},"properties":{"A0":"126.83161877886224","A1":"36.03108014965163","A2":"전북 군산시 나포면 십자들로 644","A3":"전북 군산시 나포면 옥곤리 498","A4":"5213038023104980000","A5":"1274","A6":"전북청","A7":"군산","A8":"나포","A9":"파출소","A10":"063-453-1112","A11":"전라북도 군산시 나포면 십자들로 644"}},
{"type":"Feature","geometry":{"type":"Point","coordinates":[188758.082,376147.0551]},"properties":{"A0":"126.87534345755552","A1":"35.982833164028776","A2":"전북 군산시 서수면 항쟁로 191","A3":"전북 군산시 서수면 서수리 769-4","A4":"5213034021107690004","A5":"1275","A6":"전북청","A7":"군산","A8":"서수","A9":"파출소","A10":"063-453-3112","A11":"전라북도 군산시 서수면 항쟁로 191"}},
{"type":"Feature","geometry":{"type":"Point","coordinates":[182844.8806,372043.3154]},"properties":{"A0":"126.809863620533","A1":"35.945763321307886","A2":"전북 군산시 대야면 만자로 10","A3":"전북 군산시 대야면 지경리 763-9","A4":"5213035022107630009","A5":"1276","A6":"전북청","A7":"군산","A8":"대야","A9":"파출소","A10":"063-451-2112","A11":"전라북도 군산시 대야면 만자로 10"}},
{"type":"Feature","geometry":{"type":"Point","coordinates":[179041.9955,373939.6129]},"properties":{"A0":"126.7676653224825","A1":"35.96277900828164","A2":"전북 군산시 개정면 번영로 459","A3":"전북 군산시 개정면 아동리 248-2","A4":"5213036021102480002","A5":"1277","A6":"전북청","A7":"군산","A8":"개정","A9":"파출소","A10":"063-452-9812","A11":"전라북도 군산시  개정면 번영로 459"}},
{"type":"Feature","geometry":{"type":"Point","coordinates":[177992.3646,368484.6484]},"properties":{"A0":"126.75618062596257","A1":"35.913593820529755","A2":"전북 군산시 회현면 회현로 173","A3":"전북 군산시 회현면 대정리 28-7","A4":"5213032023100280007","A5":"1278","A6":"전북청","A7":"군산","A8":"회현","A9":"파출소","A10":"063-466-5112","A11":"전라북도 군산시 회현면 회현로 173"}},
{"type":"Feature","geometry":{"type":"Point","coordinates":[173367.6601,373569.5185]},"properties":{"A0":"126.70477432777457","A1":"35.95930534529137","A2":"전북 군산시 백토로 221(지곡동)","A3":"전북 군산시 지곡동 491-3","A4":"5213014300104910003","A5":"1279","A6":"전북청","A7":"군산","A8":"은파","A9":"지구대","A10":"063-468-0120","A11":"전라북도 군산시  백토로 221번지"}},
{"type":"Feature","geometry":{"type":"Point","coordinates":[191136.3404,539425.7529]},"properties":{"A0":"126.89982233465204","A1":"37.454201013702104","A2":"서울 금천구 시흥대로57길 45(시흥동)","A3":"서울 금천구 시흥동 995-2","A4":"1154510300109950002","A5":"126","A6":"서울청","A7":"서울금천","A8":"금천","A9":"파출소","A10":"02-802-0113","A11":"서울특별시 금천구 시흥대로57길 45"}},
{"type":"Feature","geometry":{"type":"Point","coordinates":[177318.5303,371640.3525]},"properties":{"A0":"126.74862529100326","A1":"35.94201880754359","A2":"전북 군산시 옥산면 옥산로 236","A3":"전북 군산시 옥산면 옥산리 78","A4":"5213031021100780000","A5":"1280","A6":"전북청","A7":"군산","A8":"옥산","A9":"파출소","A10":"063-464-4112","A11":"전라북도 군산시 옥산면 옥산로 236(옥산면)"}},
{"type":"Feature","geometry":{"type":"Point","coordinates":[171651.1911,369598.8476]},"properties":{"A0":"126.68588864142282","A1":"35.9234718632312","A2":"전북 군산시 옥구읍 대학로 806","A3":"전북 군산시 옥구읍 선제리 98-7","A4":"5213025026100980007","A5":"1281","A6":"전북청","A7":"군산","A8":"옥구","A9":"파출소","A10":"063-464-9112","A11":"전라북도 군산시  대학로 806"}},
{"type":"Feature","geometry":{"type":"Point","coordinates":[159911.3584,382006.7316]},"properties":{"A0":"126.5551846148515","A1":"36.03488242213142","A2":"전북 군산시 옥도면 개야도2길 19 개야도파출소","A3":"전북 군산시 옥도면 개야도리 23","A4":"5213039021100230000","A5":"1282","A6":"전북청","A7":"군산","A8":"개야도","A9":"파출소","A10":"063-466-0113","A11":"전라북도 군산시 옥도면 개야도2길 19 개야도파출소"}},
{"type":"Feature","geometry":{"type":"Point","coordinates":[108172.7239,391888.9674]},"properties":{"A0":"125.98001252512333","A1":"36.12042579368298","A2":"전북 군산시 옥도면 어청도길 93","A3":"전북 군산시 옥도면 어청도리 269-1","A4":"5213039023102690001","A5":"1283","A6":"전북청","A7":"군산","A8":"어청도","A9":"파출소","A10":"063-466-7112","A11":"전라북도 군산시 옥도면 어청도길 93"}},
{"type":"Feature","geometry":{"type":"Point","coordinates":[147066.8704,357532.4971]},"properties":{"A0":"126.41429937803993","A1":"35.81370729492489","A2":"전북 군산시 옥도면 선유북길 70-2","A3":"전북 군산시 옥도면 선유도리 333","A4":"5213039024103330000","A5":"1284","A6":"전북청","A7":"군산","A8":"선유도","A9":"파출소","A10":"063-465-5123","A11":"전라북도 군산시 옥도면 선유북길 70-2"}},
{"type":"Feature","geometry":{"type":"Point","coordinates":[168114.1314,369965.5694]},"properties":{"A0":"126.64668362587436","A1":"35.92666879234595","A2":"전북 군산시 옥서면 옥구저수지로 182","A3":"전북 군산시 옥서면 옥봉리 33-1","A4":"5213040021100330001","A5":"1285","A6":"전북청","A7":"군산","A8":"옥서","A9":"파출소","A10":"063-471-2112","A11":"전라북도 군산시 옥서면 옥구저수지로 182"}},
{"type":"Feature","geometry":{"type":"Point","coordinates":[160860.2179,374132.6206]},"properties":{"A0":"126.56610165153324","A1":"35.96395943075197","A2":"전북 군산시 요죽안2길 31(오식도동)","A3":"전북 군산시 오식도동 624-13","A4":"5213014700106240013","A5":"1286","A6":"전북청","A7":"군산","A8":"비응","A9":"파출소","A10":"063-462-1181","A11":"전라북도 군산시  요죽안2길 31"}},
{"type":"Feature","geometry":{"type":"Point","coordinates":[175332.2319,376256.6526]},"properties":{"A0":"126.7264683159855","A1":"35.98357413271478","A2":"전북 군산시 서래안2길 24(중동)","A3":"전북 군산시 중동 272-26","A4":"5213013000102720026","A5":"1287","A6":"전북청","A7":"군산","A8":"중앙","A9":"파출소","A10":"063-445-2372","A11":"전라북도 군산시  서래안2길 24"}},
{"type":"Feature","geometry":{"type":"Point","coordinates":[176084.3325,375278.9221]},"properties":{"A0":"126.73483746980804","A1":"35.974781505872436","A2":"전북 군산시 조촌2길 92-2(조촌동)","A3":"전북 군산시 조촌동 834","A4":"5213013400108340000","A5":"1289","A6":"전북청","A7":"군산","A8":"경장","A9":"지구대","A10":"063-452-0112","A11":"전라북도 군산시  조촌2길 92-02"}},
{"type":"Feature","geometry":{"type":"Point","coordinates":[169105.4837,373365.7249]},"properties":{"A0":"126.65753576562088","A1":"35.957343177582","A2":"전북 군산시 공항로 377(산북동)","A3":"전북 군산시 산북동 2479-10","A4":"5213015100124790010","A5":"1290","A6":"전북청","A7":"군산","A8":"서해","A9":"지구대","A10":"063-466-0112","A11":"전라북도 군산시  공항로 377"}},
{"type":"Feature","geometry":{"type":"Point","coordinates":[191457.8675,541125.7336]},"properties":{"A0":"126.90343659466419","A1":"37.46952096647406","A2":"서울 금천구 독산로76길 20(독산동)","A3":"서울 금천구 독산동 191-2","A4":"1154510200101910002","A5":"127","A6":"서울청","A7":"서울금천","A8":"문성","A9":"지구대","A10":"02-855-0112","A11":"서울특별시 금천구  독산로 76길 20"}},
{"type":"Feature","geometry":{"type":"Point","coordinates":[175371.2126,374168.7707]},"properties":{"A0":"126.72696536122322","A1":"35.964758160288916","A2":"전북 군산시 미장안3길 3(미장동)","A3":"전북 군산시 미장동 500-2","A4":"5213014200105000002","A5":"1291","A6":"전북청","A7":"군산","A8":"수송","A9":"지구대","A10":"063-446-2500","A11":"전라북도 군산시  미장안3길 3"}},
{"type":"Feature","geometry":{"type":"Point","coordinates":[195859.1257,374099.4288]},"properties":{"A0":"126.9540944114714","A1":"35.96443543385238","A2":"전북 익산시 익산대로64길 34(신동)","A3":"전북 익산시 신동 760-11","A4":"5214012100107600011","A5":"1292","A6":"전북청","A7":"익산","A8":"신동","A9":"지구대","A10":"063-855-6094","A11":"전라북도 익산시  익산대로64길 34"}},
{"type":"Feature","geometry":{"type":"Point","coordinates":[198613.6912,373473.2298]},"properties":{"A0":"126.9846325227322","A1":"35.95879967942699","A2":"전북 익산시 무왕로 1152(어양동)","A3":"전북 익산시 어양동 621-1","A4":"5214012300106210001","A5":"1293","A6":"전북청","A7":"익산","A8":"부송팔봉","A9":"지구대","A10":"063-836-1112","A11":"전라북도 익산시 무왕로 1152"}},
{"type":"Feature","geometry":{"type":"Point","coordinates":[195919.6434,371597.5013]},"properties":{"A0":"126.95477820542385","A1":"35.941887395656","A2":"전북 익산시 인북로 146(남중동)","A3":"전북 익산시 남중동 147-86","A4":"5214011300101470086","A5":"1294","A6":"전북청","A7":"익산","A8":"중앙","A9":"지구대","A10":"063-855-3591","A11":"전라북도 익산시  인북로 146"}},
{"type":"Feature","geometry":{"type":"Point","coordinates":[195195.8991,370357.1066]},"properties":{"A0":"126.94676449729894","A1":"35.930705106508974","A2":"전북 익산시 인북로1길 26(인화동1가)","A3":"전북 익산시 인화동1가 173-9","A4":"5214010900101730009","A5":"1295","A6":"전북청","A7":"익산","A8":"평화","A9":"지구대","A10":"063-855-4826","A11":"전라북도 익산시  인북로1길 26"}},
{"type":"Feature","geometry":{"type":"Point","coordinates":[204768.3388,377088.3764]},"properties":{"A0":"127.05287960387676","A1":"35.99137014607902","A2":"전북 익산시 금마면 금마길 56-1","A3":"전북 익산시 금마면 동고도리 874번지","A4":"5214040021108740000","A5":"1296","A6":"전북청","A7":"익산","A8":"금마","A9":"파출소","A10":"063-834-7112","A11":"전라북도 익산시 금마면 동고도리 874"}},
{"type":"Feature","geometry":{"type":"Point","coordinates":[207672.0081,384537.8976]},"properties":{"A0":"127.08515279569652","A1":"36.05848883625018","A2":"전북 익산시 여산면 가람로 376","A3":"전북 익산시 여산면 여산리 451-3","A4":"5214039021104510003","A5":"1297","A6":"전북청","A7":"익산","A8":"여산","A9":"파출소","A10":"063-836-5112","A11":"전라북도 익산시 여산면 가람로 376"}},
{"type":"Feature","geometry":{"type":"Point","coordinates":[208059.5951,374372.4398]},"properties":{"A0":"127.0893511376585","A1":"35.96687142818871","A2":"전북 익산시 왕궁면 왕궁로 537","A3":"전북 익산시 왕궁면 흥암리 507-2","A4":"5214041022105070002","A5":"1298","A6":"전북청","A7":"익산","A8":"왕궁","A9":"파출소","A10":"063-832-4112","A11":"전라북도 익산시 왕궁면 왕궁로 537"}},
{"type":"Feature","geometry":{"type":"Point","coordinates":[195853.5226,391085.283]},"properties":{"A0":"126.95394317883972","A1":"36.11751651250913","A2":"전북 익산시 용안면 현내1로 88","A3":"전북 익산시 용안면 교동리 423-1","A4":"5214036021104230001","A5":"1299","A6":"전북청","A7":"익산","A8":"용안","A9":"파출소","A10":"063-861-3112","A11":"전라북도 익산시 용안면 현내1로 88"}},
{"type":"Feature","geometry":{"type":"Point","coordinates":[201687.7675,393329.4561]},"properties":{"A0":"127.01875159199943","A1":"36.13774877103491","A2":"전북 익산시 망성면 무네미길 94","A3":"전북 익산시 망성면 신작리 528-11","A4":"5214038021105280011","A5":"1300","A6":"전북청","A7":"익산","A8":"망성","A9":"파출소","A10":"063-861-9112","A11":"전라북도 익산시 망성면 무네미길 94"}},
{"type":"Feature","geometry":{"type":"Point","coordinates":[192266.3324,539074.7768]},"properties":{"A0":"126.91259725943038","A1":"37.451048701321376","A2":"서울 금천구 탑골로2길 37(시흥동) 백산지구대","A3":"서울 금천구 시흥동 244-38","A4":"1154510300102440038","A5":"128","A6":"서울청","A7":"서울금천","A8":"백산","A9":"지구대","A10":"02-805-0112","A11":"서울특별시 금천구  탑골로2길 37 백산지구대"}},
{"type":"Feature","geometry":{"type":"Point","coordinates":[195009.1974,378325.7942]},"properties":{"A0":"126.9446455519905","A1":"36.00252098288113","A2":"전북 익산시 황등면 황등로 120","A3":"전북 익산시 황등면 황등리 906-3","A4":"5214032021109060003","A5":"1301","A6":"전북청","A7":"익산","A8":"황등","A9":"파출소","A10":"063-856-5112","A11":"전라북도 익산시 황등면 황등로 120"}},
{"type":"Feature","geometry":{"type":"Point","coordinates":[198252.5068,380478.5119]},"properties":{"A0":"126.98061328931357","A1":"36.02193316685061","A2":"전북 익산시 삼기면 황금로 475","A3":"전북 익산시 삼기면 간촌리 87-43","A4":"5214043021100870043","A5":"1302","A6":"전북청","A7":"익산","A8":"삼기","A9":"파출소","A10":"063-858-8112","A11":"전라북도 익산시 삼기면 황금로 475"}},
{"type":"Feature","geometry":{"type":"Point","coordinates":[192011.9407,384813.2763]},"properties":{"A0":"126.91133654961246","A1":"36.06096802923654","A2":"전북 익산시 함라면 수동길 4","A3":"전북 익산시 함라면 함열리 435","A4":"5214033021104350000","A5":"1303","A6":"전북청","A7":"익산","A8":"함라","A9":"파출소","A10":"063-856-9112","A11":"전라북도 익산시 함라면 수동길 4"}},
{"type":"Feature","geometry":{"type":"Point","coordinates":[196221.3481,386784.2604]},"properties":{"A0":"126.95804946430675","A1":"36.0787563843345","A2":"전북 익산시 함열읍 함열1길 33","A3":"전북 익산시 함열읍 와리 545-260","A4":"5214025021105450260","A5":"1304","A6":"전북청","A7":"익산","A8":"함열","A9":"파출소","A10":"063-861-0112","A11":"전라북도 익산시 함열읍 함열1길 33"}},
{"type":"Feature","geometry":{"type":"Point","coordinates":[200968.9057,386718.1963]},"properties":{"A0":"127.01075670477383","A1":"36.07816791334845","A2":"전북 익산시 낭산면 함낭로 957 낭산파출소","A3":"전북 익산시 낭산면 삼담리 554-36","A4":"5214037021105540036","A5":"1305","A6":"전북청","A7":"익산","A8":"낭산","A9":"파출소","A10":"063-861-5612","A11":"전라북도 익산시 낭산면 함낭로 957 낭산파출소"}},
{"type":"Feature","geometry":{"type":"Point","coordinates":[194456.5757,387651.8942]},"properties":{"A0":"126.93845081951703","A1":"36.08656727993801","A2":"전북 익산시 성당면 성당로 159","A3":"전북 익산시 성당면 장선리 279-4","A4":"5214035021102790004","A5":"1307","A6":"전북청","A7":"익산","A8":"성당","A9":"파출소","A10":"063-861-1112","A11":"전라북도 익산시 성당면 성당로 159"}},
{"type":"Feature","geometry":{"type":"Point","coordinates":[199317.9722,390238.862]},"properties":{"A0":"126.99242514976262","A1":"36.10989710594012","A2":"전북 익산시 용동면 용동1길 80-27 용동파출소","A3":"전북 익산시 용동면 대조리 816-4","A4":"5214044024108160004","A5":"1308","A6":"전북청","A7":"익산","A8":"용동","A9":"파출소","A10":"063-862-4112","A11":"전라북도 익산시 용동면 용동1길 80-27 용동파출소"}},
{"type":"Feature","geometry":{"type":"Point","coordinates":[192238.6614,371142.818]},"properties":{"A0":"126.91398700174126","A1":"35.937767208896915","A2":"전북 익산시 오산면 평동로 302","A3":"전북 익산시 오산면 오산리 304-18","A4":"5214031024103040018","A5":"1309","A6":"전북청","A7":"익산","A8":"오산","A9":"파출소","A10":"063-841-2132","A11":"전라북도 익산시 오산면 평동로 302"}},
{"type":"Feature","geometry":{"type":"Point","coordinates":[200372.2139,367128.5972]},"properties":{"A0":"127.00412308730446","A1":"35.90161995415259","A2":"전북 익산시 춘포면 춘포로 340","A3":"전북 익산시 춘포면 춘포리 75-13","A4":"5214042032100750013","A5":"1310","A6":"전북청","A7":"익산","A8":"춘포","A9":"파출소","A10":"063-842-9113","A11":"전라북도 익산시  춘포로 340"}},
{"type":"Feature","geometry":{"type":"Point","coordinates":[187445.4655,331972.4607]},"properties":{"A0":"126.86148085378821","A1":"35.58468803514283","A2":"전북 정읍시 수성5로 45-14(수성동)","A3":"전북 정읍시 수성동 1015-5","A4":"5218010100110150005","A5":"1311","A6":"전북청","A7":"정읍","A8":"중앙","A9":"지구대","A10":"063-535-2274","A11":"전라북도 정읍시  수성5로 45-14"}},
{"type":"Feature","geometry":{"type":"Point","coordinates":[190098.7189,542279.4026]},"properties":{"A0":"126.88805673562783","A1":"37.47990214739452","A2":"서울 금천구 벚꽃로56길 174(가산동)","A3":"서울 금천구 가산동 139-2","A4":"1154510100101390002","A5":"129","A6":"서울청","A7":"서울금천","A8":"가산","A9":"파출소","A10":"02-864-0113","A11":"서울특별시 금천구  벚꽃로56길 174"}},
{"type":"Feature","geometry":{"type":"Point","coordinates":[187735.4549,329184.9876]},"properties":{"A0":"126.86472288078835","A1":"35.55956814749841","A2":"전북 정읍시 상사3길 22(상동)","A3":"전북 정읍시 상동 298-1","A4":"5218010300102980001","A5":"1312","A6":"전북청","A7":"정읍","A8":"상동","A9":"지구대","A10":"063-535-3586","A11":"전라북도 정읍시  상사3길 22"}},
{"type":"Feature","geometry":{"type":"Point","coordinates":[194871.958,339407.2012]},"properties":{"A0":"126.94337309678518","A1":"35.651762900613875","A2":"전북 정읍시 태인면 태인로 41","A3":"전북 정읍시 태인면 태성리 483-11","A4":"5218039024104830011","A5":"1313","A6":"전북청","A7":"정읍","A8":"태인","A9":"파출소","A10":"063-534-4112","A11":"전라북도 정읍시 태인면 태인로 41"}},
{"type":"Feature","geometry":{"type":"Point","coordinates":[190118.9746,334508.3491]},"properties":{"A0":"126.89094781546366","A1":"35.60757400561093","A2":"전북 정읍시 북면 정읍북로 554 북면파출소","A3":"전북 정읍시 북면 한교리 72-7","A4":"5218031021100720007","A5":"1314","A6":"전북청","A7":"정읍","A8":"북면","A9":"파출소","A10":"063-535-0112","A11":"전라북도 정읍시 북면 정읍북로 554 북면파출소"}},
{"type":"Feature","geometry":{"type":"Point","coordinates":[199185.5578,334145.799]},"properties":{"A0":"126.99101175120049","A1":"35.60435532173218","A2":"전북 정읍시 칠보면 칠보중앙로 97 칠보파출소","A3":"전북 정읍시 칠보면 시산리 603-2","A4":"5218042025106030002","A5":"1315","A6":"전북청","A7":"정읍","A8":"칠보","A9":"파출소","A10":"063-534-3112","A11":"전라북도 정읍시 칠보면 칠보중앙로 97 칠보파출소"}},
{"type":"Feature","geometry":{"type":"Point","coordinates":[203596.9627,336025.2045]},"properties":{"A0":"127.03970465041695","A1":"35.62128798440453","A2":"전북 정읍시 산외면 산외로 438","A3":"전북 정읍시 산외면 평사리 462-3","A4":"5218044022104620003","A5":"1316","A6":"전북청","A7":"정읍","A8":"산외","A9":"파출소","A10":"063-537-5112","A11":"전라북도 정읍시 칠보면 산외로 438"}},
{"type":"Feature","geometry":{"type":"Point","coordinates":[201977.6529,330422.3217]},"properties":{"A0":"127.02181640302291","A1":"35.570794135293724","A2":"전북 정읍시 산내면 능교신기길 2","A3":"전북 정읍시 산내면 능교리 649-6","A4":"5218043025106490006","A5":"1317","A6":"전북청","A7":"정읍","A8":"산내","A9":"파출소","A10":"063-538-4112","A11":"전라북도 정읍시 산내면 능교신기길2"}},
{"type":"Feature","geometry":{"type":"Point","coordinates":[184408.3888,331846.1154]},"properties":{"A0":"126.82797433223332","A1":"35.583505827794376","A2":"전북 정읍시 충정로 545(공평동)","A3":"전북 정읍시 공평동 115-24","A4":"5218012500101150024","A5":"1318","A6":"전북청","A7":"정읍","A8":"농소","A9":"파출소","A10":"063-535-2112","A11":"전라북도 정읍시  충정로 545"}},
{"type":"Feature","geometry":{"type":"Point","coordinates":[181273.1374,323136.4924]},"properties":{"A0":"126.79358376028304","A1":"35.50495214775833","A2":"전북 정읍시 입암면 정읍남로 501 입암파출소","A3":"전북 정읍시 입암면 단곡리 369-2","A4":"5218032022103690002","A5":"1319","A6":"전북청","A7":"정읍","A8":"입암","A9":"파출소","A10":"063-534-0112","A11":"전라북도 정읍시 입암면 정읍남로 501 입암파출소"}},
{"type":"Feature","geometry":{"type":"Point","coordinates":[186145.7959,325197.4442]},"properties":{"A0":"126.84725726061173","A1":"35.52360746839024","A2":"전북 정읍시 정읍사로 145(교암동)","A3":"전북 정읍시 교암동 200","A4":"5218011600102000000","A5":"1320","A6":"전북청","A7":"정읍","A8":"과교","A9":"파출소","A10":"063-535-1112","A11":"전라북도 정읍시  정읍사로 145"}},
{"type":"Feature","geometry":{"type":"Point","coordinates":[179438.5386,335778.8374]},"properties":{"A0":"126.77304104849254","A1":"35.61886061687795","A2":"전북 정읍시 고부면 영주로 542","A3":"전북 정읍시 고부면 고부리 62-1","A4":"5218034025100620001","A5":"1321","A6":"전북청","A7":"정읍","A8":"고부","A9":"파출소","A10":"063-536-0112","A11":"전라북도 정읍시 고부면 영주로 542"}},
{"type":"Feature","geometry":{"type":"Point","coordinates":[190691.8307,540578.6144]},"properties":{"A0":"126.89478390417472","A1":"37.46458407535921","A2":"서울 금천구 벚꽃로10길 89(독산동)","A3":"서울 금천구 독산동 1006-96","A4":"1154510200110060096","A5":"130","A6":"서울청","A7":"서울금천","A8":"독산","A9":"파출소","A10":"02-807-0113","A11":"서울특별시 금천구  벚꽃로10길 89"}},
{"type":"Feature","geometry":{"type":"Point","coordinates":[185381.2078,340736.4392]},"properties":{"A0":"126.83854698749406","A1":"35.66364836768307","A2":"전북 정읍시 이평면 황토현로 304","A3":"전북 정읍시 이평면 두지리 199-1","A4":"5218037025101990001","A5":"1322","A6":"전북청","A7":"정읍","A8":"이평","A9":"파출소","A10":"063-534-1112","A11":"전라북도 정읍시  황토현로 304번지"}},
{"type":"Feature","geometry":{"type":"Point","coordinates":[189890.9199,343519.4141]},"properties":{"A0":"126.88831790926847","A1":"35.68878698878233","A2":"전북 정읍시 신태인읍 신태인중앙로 30","A3":"전북 정읍시 신태인읍 신태인리 195-4","A4":"5218025021101950004","A5":"1323","A6":"전북청","A7":"정읍","A8":"신태인","A9":"파출소","A10":"063-571-0112","A11":"전라북도 정읍시 신태인읍 신태인중앙로 30"}},
{"type":"Feature","geometry":{"type":"Point","coordinates":[193490.9134,346345.5484]},"properties":{"A0":"126.92806668287547","A1":"35.714288666749354","A2":"전북 정읍시 감곡면 원삼1길 33","A3":"전북 정읍시 감곡면 방교리 623","A4":"5218040024106230000","A5":"1324","A6":"전북청","A7":"정읍","A8":"감곡","A9":"파출소","A10":"063-571-3112","A11":"전라북도 정읍시 감곡면 원삼1길 33"}},
{"type":"Feature","geometry":{"type":"Point","coordinates":[179751.9037,328734.4432]},"properties":{"A0":"126.77667665505349","A1":"35.555376455292276","A2":"전북 정읍시 소성면 보화1길 118","A3":"전북 정읍시 소성면 보화리 178","A4":"5218033022101780000","A5":"1325","A6":"전북청","A7":"정읍","A8":"소성","A9":"파출소","A10":"063-537-6112","A11":"전라북도 정읍시 소성면 보화1길 118"}},
{"type":"Feature","geometry":{"type":"Point","coordinates":[185800.8473,330927.6343]},"properties":{"A0":"126.8433539509312","A1":"35.575248899954516","A2":"전북 정읍시 서부산업도로 303(연지동)","A3":"전북 정읍시 연지동 343-13","A4":"5218010500103430013","A5":"1326","A6":"전북청","A7":"정읍","A8":"역전","A9":"지구대","A10":"063-536-3112","A11":"전라북도 정읍시  서부산업도로 303"}},
{"type":"Feature","geometry":{"type":"Point","coordinates":[234565.379,312855.1182]},"properties":{"A0":"127.38055669863336","A1":"35.41186155041254","A2":"전북 남원시 충정로 43(동충동)","A3":"전북 남원시 동충동 197-155","A4":"5219010100101970155","A5":"1327","A6":"전북청","A7":"남원","A8":"중앙","A9":"지구대","A10":"063-633-4837","A11":"전라북도 남원시  충정로 43"}},
{"type":"Feature","geometry":{"type":"Point","coordinates":[237234.2929,314241.5687]},"properties":{"A0":"127.4100025086794","A1":"35.42426155266476","A2":"전북 남원시 요천로 1812(월락동)","A3":"전북 남원시 월락동 14-1","A4":"5219011700100140001","A5":"1328","A6":"전북청","A7":"남원","A8":"도통","A9":"지구대","A10":"063-635-8112","A11":"전라북도 남원시  요천로 1812"}},
{"type":"Feature","geometry":{"type":"Point","coordinates":[227715.7548,306706.2736]},"properties":{"A0":"127.30493565806717","A1":"35.35665478541857","A2":"전북 남원시 금지면 요천로 527","A3":"전북 남원시 금지면 옹정리 414","A4":"5219035021104140000","A5":"1329","A6":"전북청","A7":"남원","A8":"금지","A9":"파출소","A10":"063-635-1112","A11":"전라북도 남원시 금지면 요천로 527"}},
{"type":"Feature","geometry":{"type":"Point","coordinates":[248146.7152,315603.8983]},"properties":{"A0":"127.5302405482683","A1":"35.436072183116266","A2":"전북 남원시 운봉읍 운성로 30","A3":"전북 남원시 운봉읍 서천리 233-5","A4":"5219025029102330005","A5":"1330","A6":"전북청","A7":"남원","A8":"운봉","A9":"파출소","A10":"063-634-0112","A11":"전라북도 남원시 운봉읍 운성로 30"}},
{"type":"Feature","geometry":{"type":"Point","coordinates":[254595.0585,318365.5565]},"properties":{"A0":"127.60143799969492","A1":"35.46062882790609","A2":"전북 남원시 인월면 인월로 56","A3":"전북 남원시 인월면 인월리 249-22","A4":"5219047022102490022","A5":"1331","A6":"전북청","A7":"남원","A8":"인월","A9":"파출소","A10":"063-636-2112","A11":"전라북도 남원시 인월면 인월로 56"}},
{"type":"Feature","geometry":{"type":"Point","coordinates":[208450.3472,555511.4709]},"properties":{"A0":"127.09569124945101","A1":"37.59913739076889","A2":"서울 중랑구 망우로 391(망우동)","A3":"서울 중랑구 망우동 489-7","A4":"1126010500104890007","A5":"131","A6":"서울청","A7":"서울중랑","A8":"망우","A9":"지구대","A10":"02-2171-0300","A11":"서울특별시 중랑구  망우로 391"}},
{"type":"Feature","geometry":{"type":"Point","coordinates":[257060.1618,313894.0872]},"properties":{"A0":"127.62827785343234","A1":"35.42019068111535","A2":"전북 남원시 산내면 대정길 119","A3":"전북 남원시 산내면 대정리 641-4","A4":"5219046023106410004","A5":"1332","A6":"전북청","A7":"남원","A8":"산내","A9":"파출소","A10":"063-636-3112","A11":"전라북도 남원시 산내면 대정길 119"}},
{"type":"Feature","geometry":{"type":"Point","coordinates":[255489.3467,323522.3911]},"properties":{"A0":"127.61164164423808","A1":"35.50705638347817","A2":"전북 남원시 아영면 아백로 363","A3":"전북 남원시 아영면 청계리 94-13","A4":"5219045025100940013","A5":"1333","A6":"전북청","A7":"남원","A8":"아영","A9":"파출소","A10":"063-625-5112","A11":"전라북도 남원시 아영면 아백로 363"}},
{"type":"Feature","geometry":{"type":"Point","coordinates":[220785.6729,305833.5731]},"properties":{"A0":"127.22866772311897","A1":"35.34895777481494","A2":"전북 남원시 대강면 섬진로 885","A3":"전북 남원시 대강면 사석리 701","A4":"5219036028107010000","A5":"1335","A6":"전북청","A7":"남원","A8":"대강","A9":"파출소","A10":"063-625-9112","A11":"전라북도 남원시 금지면 섬진로 885"}},
{"type":"Feature","geometry":{"type":"Point","coordinates":[232687.6516,322512.698]},"properties":{"A0":"127.36027101506352","A1":"35.498968512984035","A2":"전북 남원시 사매면 덕오로 100","A3":"전북 남원시 사매면 오신리 599-2","A4":"5219038027105990002","A5":"1336","A6":"전북청","A7":"남원","A8":"사매","A9":"파출소","A10":"063-634-8112","A11":"전라북도 남원시 사매면 덕오로 100"}},
{"type":"Feature","geometry":{"type":"Point","coordinates":[236460.0225,324097.8459]},"properties":{"A0":"127.40191884248233","A1":"35.51312360990111","A2":"전북 남원시 보절면 신흥2길 11","A3":"전북 남원시 보절면 신파리 875-2","A4":"5219040025108750002","A5":"1337","A6":"전북청","A7":"남원","A8":"보절","A9":"파출소","A10":"063-634-4112","A11":"전라북도 남원시 보절면 신흥2길 11"}},
{"type":"Feature","geometry":{"type":"Point","coordinates":[190852.8169,355895.7708]},"properties":{"A0":"126.89880363649718","A1":"35.800341007843855","A2":"전북 김제시 금성8길 21(신풍동)","A3":"전북 김제시 신풍동 609-1","A4":"5221010200106090001","A5":"1338","A6":"전북청","A7":"김제","A8":"신풍","A9":"지구대","A10":"063-547-3112","A11":"전라북도 김제시 금성8길 21"}},
{"type":"Feature","geometry":{"type":"Point","coordinates":[188503.4232,354226.3422]},"properties":{"A0":"126.87283583293714","A1":"35.78526983449081","A2":"전북 김제시 벽골제로 837(입석동)","A3":"전북 김제시 입석동 402-9","A4":"5221012000104020009","A5":"1339","A6":"전북청","A7":"김제","A8":"월촌","A9":"지구대","A10":"063-547-7112","A11":"전라북도 김제시 부량면 벽골제로 837"}},
{"type":"Feature","geometry":{"type":"Point","coordinates":[190351.9317,359012.8175]},"properties":{"A0":"126.89322470792399","A1":"35.82842870750791","A2":"전북 김제시 백산로 52-1(흥사동)","A3":"전북 김제시 흥사동 557-1","A4":"5221011300105570001","A5":"1340","A6":"전북청","A7":"김제","A8":"백산","A9":"파출소","A10":"063-542-8112","A11":"전라북도 김제시 백산면 백산로 52-1"}},
{"type":"Feature","geometry":{"type":"Point","coordinates":[195925.3626,361745.5637]},"properties":{"A0":"126.95489200410967","A1":"35.853096930947316","A2":"전북 김제시 용지면 용지로 447","A3":"전북 김제시 용지면 구암리 388-1","A4":"5221034021103880001","A5":"1341","A6":"전북청","A7":"김제","A8":"용지","A9":"파출소","A10":"063-542-1112","A11":"전라북도 김제시 용지면 용지로 447"}},
{"type":"Feature","geometry":{"type":"Point","coordinates":[193663.3247,364153.2063]},"properties":{"A0":"126.929831092639","A1":"35.874783806150134","A2":"전북 김제시 공덕면 유강로 221","A3":"전북 김제시 공덕면 황산리 197-1","A4":"5221038022101970001","A5":"1342","A6":"전북청","A7":"김제","A8":"공덕","A9":"파출소","A10":"063-542-6112","A11":"전라북도 김제시 공덕면 유강로 221"}},
{"type":"Feature","geometry":{"type":"Point","coordinates":[206376.2851,555383.11]},"properties":{"A0":"127.07220362928737","A1":"37.59799743389679","A2":"서울 중랑구 중랑천로 146(중화동)","A3":"서울 중랑구 중화동 326-114","A4":"1126010300103260114","A5":"132","A6":"서울청","A7":"서울중랑","A8":"중화","A9":"지구대","A10":"02-2171-0303","A11":"서울특별시 중랑구  중랑천로 146"}},
{"type":"Feature","geometry":{"type":"Point","coordinates":[197086.8649,366213.2025]},"properties":{"A0":"126.96773393303155","A1":"35.89336565824748","A2":"전북 김제시 백구면 번영로 2503","A3":"전북 김제시 백구면 반월리 204-1","A4":"5221035026102040001","A5":"1343","A6":"전북청","A7":"김제","A8":"백구","A9":"파출소","A10":"063-542-2112","A11":"전라북도 김제시 번영로 2503"}},
{"type":"Feature","geometry":{"type":"Point","coordinates":[199465.0765,346566.7714]},"properties":{"A0":"126.99408828905936","A1":"35.71630385368668","A2":"전북 김제시 금산면 원평로 85","A3":"전북 김제시 금산면 원평리 21-6","A4":"5221045023100210006","A5":"1344","A6":"전북청","A7":"김제","A8":"금산","A9":"파출소","A10":"063-543-5112","A11":"전라북도 김제시 금산면 원평로 85"}},
{"type":"Feature","geometry":{"type":"Point","coordinates":[200930.4971,353155.5815]},"properties":{"A0":"127.0102910229561","A1":"35.775686655378614","A2":"전북 김제시 금구면 봉두로 77","A3":"전북 김제시 금구면 금구리 311-39","A4":"5221042021103110039","A5":"1345","A6":"전북청","A7":"김제","A8":"금구","A9":"파출소","A10":"063-546-5112","A11":"전라북도 김제시 금구면 봉두로 77"}},
{"type":"Feature","geometry":{"type":"Point","coordinates":[196627.8771,350690.1953]},"properties":{"A0":"126.96271571488494","A1":"35.75346160986551","A2":"전북 김제시 봉남면 봉남로 415","A3":"전북 김제시 봉남면 대송리 566-2","A4":"5221043021105660002","A5":"1346","A6":"전북청","A7":"김제","A8":"봉남","A9":"파출소","A10":"063-543-8112","A11":"전라북도 김제시 금산면 봉남로 415"}},
{"type":"Feature","geometry":{"type":"Point","coordinates":[183687.87,361870.866]},"properties":{"A0":"126.81941544845769","A1":"35.854098927981724","A2":"전북 김제시 만경읍 두내산로 53","A3":"전북 김제시 만경읍 만경리 330-22","A4":"5221025021103300022","A5":"1347","A6":"전북청","A7":"김제","A8":"만경","A9":"파출소","A10":"063-542-5112","A11":"전라북도 김제시 만경읍 두내산로 53"}},
{"type":"Feature","geometry":{"type":"Point","coordinates":[178819.1438,362344.8455]},"properties":{"A0":"126.76550345916314","A1":"35.85827754571945","A2":"전북 김제시 진봉면 지평선로 1748","A3":"전북 김제시 진봉면 고사리 307-1","A4":"5221041021103070001","A5":"1348","A6":"전북청","A7":"김제","A8":"진봉","A9":"파출소","A10":"063-543-4112","A11":"전라북도 김제시 성덕면 지평선로 1748"}},
{"type":"Feature","geometry":{"type":"Point","coordinates":[183222.3704,352435.2026]},"properties":{"A0":"126.81446016049246","A1":"35.76905128578122","A2":"전북 김제시 죽산면 죽산로 119-7","A3":"전북 김제시 죽산면 죽산리 578-1","A4":"5221032021105780001","A5":"1349","A6":"전북청","A7":"김제","A8":"죽산","A9":"파출소","A10":"063-546-2112","A11":"전라북도 김제시 죽산면 죽산로 119-7"}},
{"type":"Feature","geometry":{"type":"Point","coordinates":[221048.7054,362039.521]},"properties":{"A0":"127.23302536665732","A1":"35.855528949231484","A2":"전북 완주군 소양면 소양로 228","A3":"전북 완주군 소양면 황운리 765","A4":"5271034024107650000","A5":"1350","A6":"전북청","A7":"완주","A8":"소양","A9":"파출소","A10":"063-244-0112","A11":"전라북도 완주군 소양면 소양로 228"}},
{"type":"Feature","geometry":{"type":"Point","coordinates":[218883.0325,352505.2378]},"properties":{"A0":"127.2088249485","A1":"35.769644207667056","A2":"전북 완주군 상관면 신리로 83","A3":"전북 완주군 상관면 신리 600-4","A4":"5271032021106000004","A5":"1351","A6":"전북청","A7":"완주","A8":"상관","A9":"파출소","A10":"063-219-1619","A11":"전라북도 완주군 상관면 신리로 83"}},
{"type":"Feature","geometry":{"type":"Point","coordinates":[201998.0546,358106.741]},"properties":{"A0":"127.02211024354884","A1":"35.82030811572805","A2":"전북 완주군 이서면 이서로 51","A3":"전북 완주군 이서면 상개리 585-67","A4":"5271033026105850067","A5":"1352","A6":"전북청","A7":"완주","A8":"이서","A9":"파출소","A10":"063-222-9112","A11":"전라북도 완주군 이서면 이서로 51"}},
{"type":"Feature","geometry":{"type":"Point","coordinates":[197400.8115,553845.1796]},"properties":{"A0":"126.97057281018456","A1":"37.58415925215316","A2":"서울 종로구 자하문로 92-1(궁정동)","A3":"서울 종로구 궁정동 12-1","A4":"1111010300100120001","A5":"14","A6":"서울청","A7":"서울종로","A8":"청운","A9":"파출소","A10":"02-3701-4305","A11":"서울특별시 종로구  자하문로 92-1"}},
{"type":"Feature","geometry":{"type":"Point","coordinates":[207152.0133,553336.8137]},"properties":{"A0":"127.08096778413608","A1":"37.57955393382203","A2":"서울 중랑구 동일로 566(면목동)","A3":"서울 중랑구 면목동 168-2","A4":"1126010100101680002","A5":"133","A6":"서울청","A7":"서울중랑","A8":"용마","A9":"지구대","A10":"02-2171-0301","A11":"서울특별시 중랑구 동일로 566"}},
{"type":"Feature","geometry":{"type":"Point","coordinates":[218690.821,375293.8276]},"properties":{"A0":"127.2072332359204","A1":"35.975029430832855","A2":"전북 완주군 고산면 고산로 93","A3":"전북 완주군 고산면 읍내리 595-2","A4":"5271036021105950002","A5":"1353","A6":"전북청","A7":"완주","A8":"고산","A9":"파출소","A10":"063-263-4112","A11":"전라북도 완주군 고산면 고산로 93"}},
{"type":"Feature","geometry":{"type":"Point","coordinates":[218082.3371,381834.8346]},"properties":{"A0":"127.20063601098025","A1":"36.033990481116135","A2":"전북 완주군 화산면 화산로 860","A3":"전북 완주군 화산면 화평리 666-3","A4":"5271039021106660003","A5":"1354","A6":"전북청","A7":"완주","A8":"화산","A9":"파출소","A10":"063-263-5112","A11":"전라북도 완주군 화산면 화산로 860"}},
{"type":"Feature","geometry":{"type":"Point","coordinates":[225021.0076,388412.672]},"properties":{"A0":"127.27783316647184","A1":"36.09311707947483","A2":"전북 완주군 운주면 운주로 120","A3":"전북 완주군 운주면 장선리 543","A4":"5271038021105430000","A5":"1355","A6":"전북청","A7":"완주","A8":"운주","A9":"파출소","A10":"063-263-7112","A11":"전라북도 완주군 운주면 운주로 120"}},
{"type":"Feature","geometry":{"type":"Point","coordinates":[210836.0318,348473.0927]},"properties":{"A0":"127.11977990462452","A1":"35.733425577731495","A2":"전북 완주군 구이면 상하학길 5","A3":"전북 완주군 구이면 두현리 541","A4":"5271035024105410000","A5":"1356","A6":"전북청","A7":"완주","A8":"구이","A9":"파출소","A10":"063-221-9112","A11":"전라북도 완주군 구이면 상하학길 5번지"}},
{"type":"Feature","geometry":{"type":"Point","coordinates":[211612.07,373876.0981]},"properties":{"A0":"127.12872714094905","A1":"35.96236049647523","A2":"전북 완주군 봉동읍 둔산3로 94","A3":"전북 완주군 봉동읍 둔산리 881","A4":"5271025324108810000","A5":"1357","A6":"전북청","A7":"완주","A8":"둔산","A9":"파출소","A10":"063-261-0112","A11":"전라북도 완주군 봉동읍 둔산3로 94"}},
{"type":"Feature","geometry":{"type":"Point","coordinates":[215153.8565,371346.817]},"properties":{"A0":"127.16794210066071","A1":"35.939519295646136","A2":"전북 완주군 봉동읍 봉동동서로 145 봉동파출소","A3":"전북 완주군 봉동읍 장기리 161-1","A4":"5271025328101610001","A5":"1358","A6":"전북청","A7":"완주","A8":"봉동","A9":"파출소","A10":"063-261-2112","A11":"전라북도 완주군 봉동읍 봉동동서로 145 봉동파출소"}},
{"type":"Feature","geometry":{"type":"Point","coordinates":[214110.5257,365028.0702]},"properties":{"A0":"127.1562676130134","A1":"35.882587379726374","A2":"전북 완주군 용진읍 완주로 198","A3":"전북 완주군 용진읍 상운리 213-19","A4":"5271025623102130019","A5":"1359","A6":"전북청","A7":"완주","A8":"용진","A9":"파출소","A10":"063-244-7112","A11":"전라북도 완주군 용진면 완주로 198"}},
{"type":"Feature","geometry":{"type":"Point","coordinates":[206362.0116,367916.6471]},"properties":{"A0":"127.07047957304326","A1":"35.90870173104821","A2":"전북 완주군 삼례읍 삼례역로 29","A3":"전북 완주군 삼례읍 삼례리 1423-6","A4":"5271025021114230006","A5":"1360","A6":"전북청","A7":"완주","A8":"삼례","A9":"파출소","A10":"063-291-0112","A11":"전라북도 완주군 삼례읍 삼례역로 29"}},
{"type":"Feature","geometry":{"type":"Point","coordinates":[172338.2117,314559.0874]},"properties":{"A0":"126.69539185383883","A1":"35.42743518677197","A2":"전북 고창군 고창읍 남구1길 14 모양지구대","A3":"전북 고창군 고창읍 읍내리 1175","A4":"5279025021111750000","A5":"1361","A6":"전북청","A7":"고창","A8":"모양","A9":"지구대","A10":"063-564-2430","A11":"전라북도 고창군 고창읍 남구1길 14 모양지구대"}},
{"type":"Feature","geometry":{"type":"Point","coordinates":[163711.1799,304797.8236]},"properties":{"A0":"126.60082736186342","A1":"35.33917946646507","A2":"전북 고창군 대산면 고산성로 4 대산파출소","A3":"전북 고창군 대산면 매산리 182-6","A4":"5279038025101820006","A5":"1362","A6":"전북청","A7":"고창","A8":"대산","A9":"파출소","A10":"063-562-8112","A11":"전라북도 고창군 대산면 고산성로 4번지 대산파출소"}},
{"type":"Feature","geometry":{"type":"Point","coordinates":[208436.6164,557253.8619]},"properties":{"A0":"127.09555585372877","A1":"37.61483605822232","A2":"서울 중랑구 신내로 177(신내동)","A3":"서울 중랑구 신내동 644-3","A4":"1126010600106440003","A5":"134","A6":"서울청","A7":"서울중랑","A8":"봉화","A9":"지구대","A10":"02-2171-0302","A11":"서울특별시 중랑구  신내로 177"}},
{"type":"Feature","geometry":{"type":"Point","coordinates":[155685.4255,309156.0685]},"properties":{"A0":"126.51231266521236","A1":"35.37813642340417","A2":"전북 고창군 공음면 공음길 39-1 공음파출소","A3":"전북 고창군 공음면 칠암리 606","A4":"5279034026106060000","A5":"1363","A6":"전북청","A7":"고창","A8":"공음","A9":"파출소","A10":"063-562-7112","A11":"전라북도 고창군 공음면 공음길 39-1 공음파출소"}},
{"type":"Feature","geometry":{"type":"Point","coordinates":[167817.4821,307651.9814]},"properties":{"A0":"126.64588313409033","A1":"35.36504512501433","A2":"전북 고창군 성송면 대성로 777 성송파출소","A3":"전북 고창군 성송면 판정리 55","A4":"5279037026100550000","A5":"1364","A6":"전북청","A7":"고창","A8":"성송","A9":"파출소","A10":"063-563-1112","A11":"전라북도 고창군 성송면 대성로 777 성송파출소"}},
{"type":"Feature","geometry":{"type":"Point","coordinates":[166928.3065,315966.5947]},"properties":{"A0":"126.6357626213224","A1":"35.43995613420963","A2":"전북 고창군 아산면 녹두로 796 아산파출소","A3":"전북 고창군 아산면 상갑리 335-2","A4":"5279032024103350002","A5":"1365","A6":"전북청","A7":"고창","A8":"아산","A9":"파출소","A10":"063-562-5112","A11":"전라북도 고창군 아산면 녹두로 796 아산파출소"}},
{"type":"Feature","geometry":{"type":"Point","coordinates":[158409.1896,317885.9495]},"properties":{"A0":"126.541841984946","A1":"35.45693641519999","A2":"전북 고창군 해리면 해리중앙로 49 해리파출소","A3":"전북 고창군 해리면 하련리 93-1","A4":"5279036021100930001","A5":"1366","A6":"전북청","A7":"고창","A8":"해리","A9":"파출소","A10":"063-563-6112","A11":"전라북도 고창군 해리면 해리중앙로 49 해리파출소"}},
{"type":"Feature","geometry":{"type":"Point","coordinates":[160226.6331,313400.3918]},"properties":{"A0":"126.56208003142234","A1":"35.41658295480434","A2":"전북 고창군 무장면 무장남북로 20-8 무장파출소","A3":"전북 고창군 무장면 무장리 150-1","A4":"5279033021101500001","A5":"1367","A6":"전북청","A7":"고창","A8":"무장","A9":"파출소","A10":"063-562-9112","A11":"전라북도 고창군 무장남북로 20-8 무장파출소"}},
{"type":"Feature","geometry":{"type":"Point","coordinates":[172960.9317,324944.8338]},"properties":{"A0":"126.70190367196213","A1":"35.521059379239816","A2":"전북 고창군 흥덕면 선운대로 3759 흥덕파출소","A3":"전북 고창군 흥덕면 흥덕리 284-1","A4":"5279040021102840001","A5":"1368","A6":"전북청","A7":"고창","A8":"흥덕","A9":"파출소","A10":"063-562-6112","A11":"전라북도 고창군 흥덕면 선운대로 3759 흥덕파출소"}},
{"type":"Feature","geometry":{"type":"Point","coordinates":[170155.6185,324093.1773]},"properties":{"A0":"126.67100801327335","A1":"35.51330316999946","A2":"전북 고창군 부안면 복분자로 873 부안파출소","A3":"전북 고창군 부안면 중흥리 177-12","A4":"5279043021101770012","A5":"1369","A6":"전북청","A7":"고창","A8":"부안","A9":"파출소","A10":"063-562-2112","A11":"전라북도 고창군 부안면 복분자로 873 부안파출소"}},
{"type":"Feature","geometry":{"type":"Point","coordinates":[176126.7064,348324.7053]},"properties":{"A0":"126.73611341610706","A1":"35.731858435512535","A2":"전북 부안군 부안읍 석정로 154 서림지구대","A3":"전북 부안군 부안읍 동중리 81-11","A4":"5280025021100810011","A5":"1370","A6":"전북청","A7":"부안","A8":"서림","A9":"지구대","A10":"063-584-2271","A11":"전라북도 부안군 부안읍 석정로 154 서림지구대"}},
{"type":"Feature","geometry":{"type":"Point","coordinates":[164978.9152,332495.8462]},"properties":{"A0":"126.61357994733304","A1":"35.5888659479285","A2":"전북 부안군 진서면 곰소8길 14 진서파출소","A3":"전북 부안군 진서면 곰소리 912-1","A4":"5280037024109120001","A5":"1371","A6":"전북청","A7":"부안","A8":"진서","A9":"파출소","A10":"063-582-7112","A11":"전라북도 부안군 진서면 곰소8길 14 진서파출소"}},
{"type":"Feature","geometry":{"type":"Point","coordinates":[169968.2404,334984.1073]},"properties":{"A0":"126.66853844187115","A1":"35.611455374813595","A2":"전북 부안군 보안면 부안로 1154 보안파출소","A3":"전북 부안군 보안면 영전리 513-20","A4":"5280035021105130020","A5":"1372","A6":"전북청","A7":"부안","A8":"보안","A9":"파출소","A10":"063-582-3112","A11":"전라북도 부안군 보안면 부안로 1154 보안파출소"}},
{"type":"Feature","geometry":{"type":"Point","coordinates":[208293.4663,554298.9549]},"properties":{"A0":"127.09390106312458","A1":"37.58821402019915","A2":"서울 중랑구 상봉로 27(면목동)","A3":"서울 중랑구 면목동 71-24","A4":"1126010100100710024","A5":"135","A6":"서울청","A7":"서울중랑","A8":"면목본동","A9":"파출소","A10":"02-2171-0306","A11":"서울특별시 중랑구  상봉로 27"}},
{"type":"Feature","geometry":{"type":"Point","coordinates":[170643.8565,332533.125]},"properties":{"A0":"126.67608417045946","A1":"35.58938546174944","A2":"전북 부안군 줄포면 줄포1길 4 줄포파출소","A3":"전북 부안군 줄포면 줄포리 676-3","A4":"5280041021106760003","A5":"1373","A6":"전북청","A7":"부안","A8":"줄포","A9":"파출소","A10":"063-582-0112","A11":"전라북도 부안군 줄포면 줄포1길 4 줄포파출소"}},
{"type":"Feature","geometry":{"type":"Point","coordinates":[136141.9682,334407.5895]},"properties":{"A0":"126.29526189695164","A1":"35.60465405525757","A2":"전북 부안군 위도면 위도로 247 위도파출소","A3":"전북 부안군 위도면 진리 273-59","A4":"5280042021102730059","A5":"1374","A6":"전북청","A7":"부안","A8":"위도","A9":"파출소","A10":"063-583-3912","A11":"전라북도 부안군 위도면 위도로 247 위도파출소"}},
{"type":"Feature","geometry":{"type":"Point","coordinates":[152194.5397,336683.0973]},"properties":{"A0":"126.47227425017036","A1":"35.62606873940683","A2":"전북 부안군 변산면 격포로 180 격포파출소","A3":"전북 부안군 변산면 격포리 272-79","A4":"5280036022102720079","A5":"1375","A6":"전북청","A7":"부안","A8":"격포","A9":"파출소","A10":"063-582-8712","A11":"전라북도 부안군 변산면 격포로 180 격포파출소"}},
{"type":"Feature","geometry":{"type":"Point","coordinates":[169283.5287,346431.1117]},"properties":{"A0":"126.66054533341628","A1":"35.71460308487072","A2":"전북 부안군 하서면 하서길 52 하서파출소","A3":"전북 부안군 하서면 언독리 538-7","A4":"5280040022105380007","A5":"1376","A6":"전북청","A7":"부안","A8":"하서","A9":"파출소","A10":"063-582-4112","A11":"전라북도 부안군 하서면 하서길 52 하서파출소"}},
{"type":"Feature","geometry":{"type":"Point","coordinates":[172750.2772,351627.502]},"properties":{"A0":"126.69867994897751","A1":"35.76153758033241","A2":"전북 부안군 계화면 간재로 399 계화파출소","A3":"전북 부안군 계화면 창북리 458-1","A4":"5280034022104580001","A5":"1377","A6":"전북청","A7":"부안","A8":"계화","A9":"파출소","A10":"063-584-0112","A11":"전라북도 부안군 계화면 간재로 399 계화파출소"}},
{"type":"Feature","geometry":{"type":"Point","coordinates":[170807.2934,343223.6708]},"properties":{"A0":"126.6775007813025","A1":"35.68574133634223","A2":"전북 부안군 상서면 부안로 1991 상서파출소","A3":"전북 부안군 상서면 가오리 523-3","A4":"5280039022105230003","A5":"1378","A6":"전북청","A7":"부안","A8":"상서","A9":"파출소","A10":"063-582-5112","A11":"전라북도 부안군 상서면 부안로 1991 상서파출소"}},
{"type":"Feature","geometry":{"type":"Point","coordinates":[174204.6207,342010.9152]},"properties":{"A0":"126.71507022767683","A1":"35.67490587019322","A2":"전북 부안군 주산면 선돌로 325 주산파출소","A3":"전북 부안군 주산면 소주리 741-49","A4":"5280031021107410049","A5":"1379","A6":"전북청","A7":"부안","A8":"주산","A9":"파출소","A10":"063-582-6112","A11":"전라북도 부안군 주산면 선돌로 325 주산파출소"}},
{"type":"Feature","geometry":{"type":"Point","coordinates":[229865.5775,327693.7495]},"properties":{"A0":"127.32935842498672","A1":"35.54575370931855","A2":"전북 임실군 오수면 충효로 2095-7","A3":"전북 임실군 오수면 오수리 418-15","A4":"5275035521104180015","A5":"1380","A6":"전북청","A7":"임실","A8":"오수","A9":"지구대","A10":"063-640-0611","A11":"전라북도 임실군 오수면 충효로 2095-7"}},
{"type":"Feature","geometry":{"type":"Point","coordinates":[225703.8109,335704.1732]},"properties":{"A0":"127.28371731410704","A1":"35.618067117717956","A2":"전북 임실군 임실읍 봉황로 212","A3":"전북 임실군 임실읍 이도리 185-15","A4":"5275025022101850015","A5":"1381","A6":"전북청","A7":"임실","A8":"운수","A9":"파출소","A10":"063-644-6112","A11":"전라북도 임실군 임실읍 봉황로 212"}},
{"type":"Feature","geometry":{"type":"Point","coordinates":[214432.3019,325807.7485]},"properties":{"A0":"127.159127030934","A1":"35.52909978568492","A2":"전북 임실군 강진면 강운로 143","A3":"전북 임실군 강진면 갈담리 510-4","A4":"5275039023105100004","A5":"1382","A6":"전북청","A7":"임실","A8":"강진","A9":"파출소","A10":"063-644-9112","A11":"전라북도 임실군 강진면 강운로 143"}},
{"type":"Feature","geometry":{"type":"Point","coordinates":[207432.7696,553739.819]},"properties":{"A0":"127.08415035088919","A1":"37.583183615634155","A2":"서울 중랑구 사가정로41길 45(면목동) 면목38파출소","A3":"서울 중랑구 면목동 1508-3","A4":"1126010100115080003","A5":"136","A6":"서울청","A7":"서울중랑","A8":"면목삼팔","A9":"파출소","A10":"02-2171-0307","A11":"서울특별시 중랑구  사가정로41길 45 (면목3.8파출소)"}},
{"type":"Feature","geometry":{"type":"Point","coordinates":[211302.9862,332999.6647]},"properties":{"A0":"127.12472402029269","A1":"35.59396101060968","A2":"전북 임실군 운암면 강운로 1018","A3":"전북 임실군 운암면 운암리 444-14","A4":"5275032032104440014","A5":"1383","A6":"전북청","A7":"임실","A8":"하운암","A9":"파출소","A10":"063-643-3901","A11":"전라북도 임실군 운암면 강운로 1018"}},
{"type":"Feature","geometry":{"type":"Point","coordinates":[224417.9249,341874.3016]},"properties":{"A0":"127.2697104554768","A1":"35.673709717236804","A2":"전북 임실군 관촌면 사선로 35","A3":"전북 임실군 관촌면 관촌리 299-3","A4":"5275038026102990003","A5":"1384","A6":"전북청","A7":"임실","A8":"관촌","A9":"파출소","A10":"063-643-0011","A11":"전라북도 임실군 관촌면 사선로 35"}},
{"type":"Feature","geometry":{"type":"Point","coordinates":[220406.4888,339920.9137]},"properties":{"A0":"127.22535284550518","A1":"35.65619531344933","A2":"전북 임실군 신평면 가덕로 665","A3":"전북 임실군 신평면 원천리 141","A4":"5275033024101410000","A5":"1385","A6":"전북청","A7":"임실","A8":"신평","A9":"파출소","A10":"063-643-7112","A11":"전라북도 임실군 신평면 가덕로 665"}},
{"type":"Feature","geometry":{"type":"Point","coordinates":[208790.8992,310567.8903]},"properties":{"A0":"127.0967618244917","A1":"35.39180706193798","A2":"전북 순창군 팔덕면 강천로 334 팔덕파출소","A3":"전북 순창군 팔덕면 용산리 329-1","A4":"5277035022103290001","A5":"1386","A6":"전북청","A7":"순창","A8":"팔덕","A9":"파출소","A10":"063-652-5112","A11":"전라북도 순창군 팔덕면 강천로 334, 팔덕파출소"}},
{"type":"Feature","geometry":{"type":"Point","coordinates":[200121.889,322580.2241]},"properties":{"A0":"127.00134343526818","A1":"35.50011500626469","A2":"전북 순창군 쌍치면 쌍계로 25 쌍치파출소","A3":"전북 순창군 쌍치면 쌍계리 308-1","A4":"5277036033103080001","A5":"1387","A6":"전북청","A7":"순창","A8":"쌍치","A9":"파출소","A10":"063-652-2112","A11":"전라북도 순창군 쌍치면 쌍계로 25번지, 쌍치파출소"}},
{"type":"Feature","geometry":{"type":"Point","coordinates":[193713.2306,314961.2244]},"properties":{"A0":"126.93076732881303","A1":"35.43142415657597","A2":"전북 순창군 복흥면 추령로 1147 복흥파출소","A3":"전북 순창군 복흥면 정산리 315-6","A4":"5277037031103150006","A5":"1388","A6":"전북청","A7":"순창","A8":"복흥","A9":"파출소","A10":"063-652-8112","A11":"전라북도 순창군 복흥면 추령로 1147 복흥파출소"}},
{"type":"Feature","geometry":{"type":"Point","coordinates":[209235.7668,317278.775]},"properties":{"A0":"127.1017345377036","A1":"35.452289526904735","A2":"전북 순창군 구림면 구림로 469 구림파출소","A3":"전북 순창군 구림면 운남리 242-1","A4":"5277040021102420001","A5":"1389","A6":"전북청","A7":"순창","A8":"구림","A9":"파출소","A10":"063-652-9112","A11":"전라북도 순창군 구림면 구림로 469, 구림파출소"}},
{"type":"Feature","geometry":{"type":"Point","coordinates":[213132.1267,308079.5991]},"properties":{"A0":"127.1445057804815","A1":"35.369331716534006","A2":"전북 순창군 순창읍 남계로 30 남계파출소","A3":"전북 순창군 순창읍 남계리 762-11","A4":"5277025022107620011","A5":"1390","A6":"전북청","A7":"순창","A8":"남계","A9":"파출소","A10":"063-653-2304","A11":"전라북도 순창군 순창읍 남계로 30, 남계파출소"}},
{"type":"Feature","geometry":{"type":"Point","coordinates":[212639.1087,308891.693]},"properties":{"A0":"127.13909319570504","A1":"35.3766577599614","A2":"전북 순창군 순창읍 장류로 338 순화파출소","A3":"전북 순창군 순창읍 순화리 98-3","A4":"5277025021100980003","A5":"1391","A6":"전북청","A7":"순창","A8":"순화","A9":"파출소","A10":"063-652-0112","A11":"전라북도 순창군 순창읍 장류로 338, 순화파출소"}},
{"type":"Feature","geometry":{"type":"Point","coordinates":[221557.639,315815.8662]},"properties":{"A0":"127.23742381158397","A1":"35.43891351962719","A2":"전북 순창군 동계면 충효로 347 동계파출소","A3":"전북 순창군 동계면 현포리 636-1","A4":"5277032021106360001","A5":"1392","A6":"전북청","A7":"순창","A8":"동계","A9":"파출소","A10":"063-652-4112","A11":"전라북도 순창군 동계면 충효로 347, 동계파출소"}},
{"type":"Feature","geometry":{"type":"Point","coordinates":[206432.6463,554646.3908]},"properties":{"A0":"127.0728353674277","A1":"37.591359334252296","A2":"서울 중랑구 중랑천로 69(면목동) 상봉파출소","A3":"서울 중랑구 면목동 198-1","A4":"1126010100101980001","A5":"137","A6":"서울청","A7":"서울중랑","A8":"상봉","A9":"파출소","A10":"02-2171-0304","A11":"서울특별시 중랑구  중랑천로 69 상봉파출소"}},
{"type":"Feature","geometry":{"type":"Point","coordinates":[251379.9012,360386.3914]},"properties":{"A0":"127.56869832953022","A1":"35.839510537969815","A2":"전북 진안군 동향면 양지길 35 동향안천파출소","A3":"전북 진안군 동향면 대량리 711-2","A4":"5272033021107110002","A5":"1393","A6":"전북청","A7":"진안","A8":"동향안천","A9":"파출소","A10":"063-430-0615","A11":"전라북도 진안군 동향면 양지길 35 (동향안천파출소)"}},
{"type":"Feature","geometry":{"type":"Point","coordinates":[233521.2777,348539.4662]},"properties":{"A0":"127.37053905644274","A1":"35.73351286296915","A2":"전북 진안군 마령면 임진로 2100 마령파출소","A3":"전북 진안군 마령면 평지리 979-2","A4":"5272037021109790002","A5":"1394","A6":"전북청","A7":"진안","A8":"마령","A9":"파출소","A10":"063-430-0616","A11":"전라북도 진안군 마령면 임진로 2100(마령파출소)"}},
{"type":"Feature","geometry":{"type":"Point","coordinates":[235962.4349,343971.6886]},"properties":{"A0":"127.39731801910906","A1":"35.69225899379029","A2":"전북 진안군 백운면 임진로 1338 백운파출소","A3":"전북 진안군 백운면 백암리 675-4","A4":"5272035027106750004","A5":"1395","A6":"전북청","A7":"진안","A8":"백운","A9":"파출소","A10":"063-430-0617","A11":"전라북도 진안군 백운면 임진로 1338(백운파출소)"}},
{"type":"Feature","geometry":{"type":"Point","coordinates":[229269.2464,345640.2731]},"properties":{"A0":"127.32343284479404","A1":"35.7075191098662","A2":"전북 진안군 성수면 관진로 771 성수파출소","A3":"전북 진안군 성수면 외궁리 719-3","A4":"5272036021107190003","A5":"1396","A6":"전북청","A7":"진안","A8":"성수","A9":"파출소","A10":"063-430-0618","A11":"전라북도 진안군 성수면 관진로 771 (성수파출소)"}},
{"type":"Feature","geometry":{"type":"Point","coordinates":[232890.2489,360070.4864]},"properties":{"A0":"127.36403774294504","A1":"35.8374566194763","A2":"전북 진안군 부귀면 부귀로 335 부귀파출소","A3":"전북 진안군 부귀면 거석리 743-4","A4":"5272038021107430004","A5":"1397","A6":"전북청","A7":"진안","A8":"부귀","A9":"파출소","A10":"063-430-0612","A11":"전라북도 진안군 부귀면 부귀로 335 (부귀파출소)"}},
{"type":"Feature","geometry":{"type":"Point","coordinates":[238376.385,375225.3049]},"properties":{"A0":"127.42548802143207","A1":"35.97383730368884","A2":"전북 진안군 주천면 동상주천로 2201 주천용담파출소","A3":"전북 진안군 주천면 주양리 384-1","A4":"5272040021103840001","A5":"1398","A6":"전북청","A7":"진안","A8":"주천용담","A9":"파출소","A10":"063-430-0614","A11":"전라북도 진안군 주천면 동상주천로 2201 (주천용담파출소)"}},
{"type":"Feature","geometry":{"type":"Point","coordinates":[238263.1255,354471.3058]},"properties":{"A0":"127.42323457532703","A1":"35.78680111651736","A2":"전북 진안군 진안읍 진무로 1018 마이파출소","A3":"전북 진안군 진안읍 군하리 281-3","A4":"5272025022102810003","A5":"1399","A6":"전북청","A7":"진안","A8":"마이","A9":"파출소","A10":"063-430-0611","A11":"전라북도 진안군 진안읍 진무로 1018(마이파출소)"}},
{"type":"Feature","geometry":{"type":"Point","coordinates":[238334.1274,364030.0142]},"properties":{"A0":"127.42448039378166","A1":"35.87294346482364","A2":"전북 진안군 정천면 봉학로 105 정천상전파출소","A3":"전북 진안군 정천면 봉학리 575-1","A4":"5272039021105750001","A5":"1400","A6":"전북청","A7":"진안","A8":"정천상전","A9":"파출소","A10":"063-430-0613","A11":"전라북도 진안군 정천면 봉학로 105(정천상전파출소)"}},
{"type":"Feature","geometry":{"type":"Point","coordinates":[247107.6568,339597.5757]},"properties":{"A0":"127.5201926933567","A1":"35.65236950949765","A2":"전북 장수군 장수읍 장천로 228","A3":"전북 장수군 장수읍 장수리 420-17","A4":"5274025021104200017","A5":"1401","A6":"전북청","A7":"장수","A8":"장수","A9":"파출소","A10":"063-352-5112","A11":"전라북도 장수군 장수읍 장천로 228"}},
{"type":"Feature","geometry":{"type":"Point","coordinates":[252707.4187,348391.8031]},"properties":{"A0":"127.58260206093163","A1":"35.73134103966828","A2":"전북 장수군 장계면 한들로 97","A3":"전북 장수군 장계면 장계리 299-4","A4":"5274033521102990004","A5":"1404","A6":"전북청","A7":"장수","A8":"장계","A9":"파출소","A10":"063-352-0112","A11":"전라북도 장수군 장계면 한들로 97"}},
{"type":"Feature","geometry":{"type":"Point","coordinates":[207198.5088,557229.2163]},"properties":{"A0":"127.08153246573262","A1":"37.614624589735186","A2":"서울 중랑구 숙선옹주로7길 1(묵동)","A3":"서울 중랑구 묵동 120","A4":"1126010400101200000","A5":"138","A6":"서울청","A7":"서울중랑","A8":"먹골","A9":"파출소","A10":"02-2171-0305","A11":"서울특별시 중랑구 숙선옹주로7길 1"}},
{"type":"Feature","geometry":{"type":"Point","coordinates":[248325.3677,349101.8902]},"properties":{"A0":"127.53421200082366","A1":"35.73796753578509","A2":"전북 장수군 천천면 천천로 67","A3":"전북 장수군 천천면 춘송리 796-1","A4":"5274034027107960001","A5":"1405","A6":"전북청","A7":"장수","A8":"천천","A9":"파출소","A10":"063-352-0612","A11":"전라북도 장수군 천천면 천천로 67"}},
{"type":"Feature","geometry":{"type":"Point","coordinates":[255329.4625,354360.9964]},"properties":{"A0":"127.61199557630576","A1":"35.78499372773511","A2":"전북 장수군 계북면 장무로 953","A3":"전북 장수군 계북면 어전리 924-1","A4":"5274036024109240001","A5":"1406","A6":"전북청","A7":"장수","A8":"계북","A9":"파출소","A10":"063-352-1112","A11":"전라북도 장수군 계북면 장무로 953"}},
{"type":"Feature","geometry":{"type":"Point","coordinates":[260164.7891,379087.2605]},"properties":{"A0":"127.66734283131133","A1":"36.00753987037395","A2":"전북 무주군 무주읍 적천로 367","A3":"전북 무주군 무주읍 읍내리 126-16","A4":"5273025021101260016","A5":"1407","A6":"전북청","A7":"무주","A8":"주계","A9":"파출소","A10":"063-320-1311","A11":"전라북도 무주군 무주읍 적천로 367"}},
{"type":"Feature","geometry":{"type":"Point","coordinates":[270742.7051,379643.5409]},"properties":{"A0":"127.78471152594791","A1":"36.011842732362794","A2":"전북 무주군 설천면 무설로 1549","A3":"전북 무주군 설천면 소천리 995-18","A4":"5273032024109950018","A5":"1408","A6":"전북청","A7":"무주","A8":"설천","A9":"파출소","A10":"063-320-1313","A11":"전라북도 무주군 설천면 무설로 1549"}},
{"type":"Feature","geometry":{"type":"Point","coordinates":[270026.3152,367270.6941]},"properties":{"A0":"127.77567588304686","A1":"35.90039557026037","A2":"전북 무주군 설천면 구천동1로 160","A3":"전북 무주군 설천면 삼공리 411-22","A4":"5273032030104110022","A5":"1409","A6":"전북청","A7":"무주","A8":"구천","A9":"파출소","A10":"063-320-1314","A11":"전라북도 무주군 설천면 구천동1로 160"}},
{"type":"Feature","geometry":{"type":"Point","coordinates":[259092.4412,363344.2324]},"properties":{"A0":"127.65427888679196","A1":"35.86573177787068","A2":"전북 무주군 안성면 안성로 274","A3":"전북 무주군 안성면 장기리 1308-4","A4":"5273034021113080004","A5":"1410","A6":"전북청","A7":"무주","A8":"안성","A9":"파출소","A10":"063-320-1312","A11":"전라북도 무주군 안성면 안성로 274"}},
{"type":"Feature","geometry":{"type":"Point","coordinates":[259481.0068,372055.9388]},"properties":{"A0":"127.65923213325166","A1":"35.944218459394676","A2":"전북 무주군 적상면 적상산로 37 적상파출소","A3":"전북 무주군 적상면 사천리 324-3","A4":"5273033022103240003","A5":"1411","A6":"전북청","A7":"무주","A8":"적상","A9":"파출소","A10":"063-320-1316","A11":"전라북도 무주군 적상면 적상산로 37 적상파출소"}},
{"type":"Feature","geometry":{"type":"Point","coordinates":[276468.0341,374984.1425]},"properties":{"A0":"127.84776548397585","A1":"35.96942285181488","A2":"전북 무주군 무풍면 현내로 203","A3":"전북 무주군 무풍면 현내리 659-1","A4":"5273031021106590001","A5":"1412","A6":"전북청","A7":"무주","A8":"무풍","A9":"파출소","A10":"063-320-1315","A11":"전라북도 무주군 무풍면 현내로 203"}},
{"type":"Feature","geometry":{"type":"Point","coordinates":[250479.5885,374975.6846]},"properties":{"A0":"127.55965884570114","A1":"35.97103591722266","A2":"전북 무주군 부남면 부남로 856","A3":"전북 무주군 부남면 대소리 524","A4":"5273035022105240000","A5":"1413","A6":"전북청","A7":"무주","A8":"부남","A9":"파출소","A10":"063-320-1317","A11":"전라북도 무주군 부남면 부남로 856"}},
{"type":"Feature","geometry":{"type":"Point","coordinates":[146840.1024,244915.9561]},"properties":{"A0":"126.41909197053299","A1":"34.798693169167606","A2":"전남 목포시 하당로 62(상동)","A3":"전남 목포시 상동 959-1","A4":"4611015800109590001","A5":"1414","A6":"전남청","A7":"목포","A8":"하당","A9":"지구대","A10":"061-281-1613","A11":"전라남도 목포시  하당로 62"}},
{"type":"Feature","geometry":{"type":"Point","coordinates":[203624.1277,545431.9987]},"properties":{"A0":"127.04098968805373","A1":"37.50835309405542","A2":"서울 강남구 언주로108길 20(역삼동)","A3":"서울 강남구 역삼동 687-10","A4":"1168010100106870010","A5":"139","A6":"서울청","A7":"서울강남","A8":"역삼","A9":"지구대","A10":"02-562-1623","A11":"서울특별시 강남구 언주로108길 20"}},
{"type":"Feature","geometry":{"type":"Point","coordinates":[143784.675,244013.5717]},"properties":{"A0":"126.38576557408226","A1":"34.79039547863892","A2":"전남 목포시 영산로 88-1(호남동)","A3":"전남 목포시 호남동 482","A4":"4611010800104820000","A5":"1415","A6":"전남청","A7":"목포","A8":"역전","A9":"파출소","A10":"061-244-1475","A11":"전라남도 목포시  영산로 88-1"}},
{"type":"Feature","geometry":{"type":"Point","coordinates":[143251.8259,244482.7038]},"properties":{"A0":"126.37991204762005","A1":"34.79459495367162","A2":"전남 목포시 영산로121번길 61(남교동)","A3":"전남 목포시 남교동 11-2","A4":"4611010700100110002","A5":"1416","A6":"전남청","A7":"목포","A8":"중앙","A9":"파출소","A10":"061-244-1292","A11":"전라남도 목포시  영산로121번길 61"}},
{"type":"Feature","geometry":{"type":"Point","coordinates":[144582.17,245485.423]},"properties":{"A0":"126.39438164019015","A1":"34.80370625186711","A2":"전남 목포시 영산로 259(용당동)","A3":"전남 목포시 용당동 1044-9","A4":"4611010100110440009","A5":"1417","A6":"전남청","A7":"목포","A8":"연동","A9":"파출소","A10":"061-276-1697","A11":"전라남도 목포시  영산로 259"}},
{"type":"Feature","geometry":{"type":"Point","coordinates":[145155.4024,243670.3464]},"properties":{"A0":"126.40076441788463","A1":"34.787376422082474","A2":"전남 목포시 삼학로 151(산정동)","A3":"전남 목포시 산정동 1374-6","A4":"4611010200113740006","A5":"1418","A6":"전남청","A7":"목포","A8":"삼학","A9":"파출소","A10":"061-244-1142","A11":"전라남도 목포시  삼학로 151"}},
{"type":"Feature","geometry":{"type":"Point","coordinates":[143692.4117,245533.8541]},"properties":{"A0":"126.38465570489666","A1":"34.804094076828186","A2":"전남 목포시 마파지로 90(산정동)","A3":"전남 목포시 산정동 178-5","A4":"4611010200101780005","A5":"1419","A6":"전남청","A7":"목포","A8":"산정","A9":"파출소","A10":"061-273-3474","A11":"전라남도 목포시  마파지로 90"}},
{"type":"Feature","geometry":{"type":"Point","coordinates":[142508.8229,245204.8916]},"properties":{"A0":"126.37174420033843","A1":"34.80106190662572","A2":"전남 목포시 북항로 117(죽교동)","A3":"전남 목포시 죽교동 580-50","A4":"4611015700105800050","A5":"1420","A6":"전남청","A7":"목포","A8":"죽교","A9":"파출소","A10":"061-244-1365","A11":"전라남도 목포시  북항로 117"}},
{"type":"Feature","geometry":{"type":"Point","coordinates":[144741.1726,246430.3397]},"properties":{"A0":"126.3960579749584","A1":"34.81223044047137","A2":"전남 목포시 양을로 239(용해동)","A3":"전남 목포시 용해동 819-2","A4":"4611015900108190002","A5":"1421","A6":"전남청","A7":"목포","A8":"용당","A9":"파출소","A10":"061-276-1072","A11":"전라남도 목포시  양을로 239"}},
{"type":"Feature","geometry":{"type":"Point","coordinates":[146625.8473,246188.2354]},"properties":{"A0":"126.41666932783517","A1":"34.81015060530002","A2":"전남 목포시 영산로 495-2(상동)","A3":"전남 목포시 상동 155-1","A4":"4611015800101550001","A5":"1422","A6":"전남청","A7":"목포","A8":"상동","A9":"파출소","A10":"061-276-0112","A11":"전라남도 목포시  영산로 495-2"}},
{"type":"Feature","geometry":{"type":"Point","coordinates":[147280.4562,246148.9519]},"properties":{"A0":"126.42382685102046","A1":"34.809829955437394","A2":"전남 목포시 하당로 252(상동)","A3":"전남 목포시 상동 854","A4":"4611015800108540000","A5":"1423","A6":"전남청","A7":"목포","A8":"이로","A9":"파출소","A10":"061-272-0112","A11":"전라남도 목포시  하당로 252"}},
{"type":"Feature","geometry":{"type":"Point","coordinates":[149479.1437,246171.8601]},"properties":{"A0":"126.44785285099336","A1":"34.81014873059058","A2":"전남 목포시 남악1로42번길 21(옥암동)","A3":"전남 목포시 옥암동 1249-1","A4":"4611016400112490001","A5":"1424","A6":"전남청","A7":"목포","A8":"부주","A9":"파출소","A10":"061-284-9112","A11":"전라남도 목포시 남악1로42번길 21"}},
{"type":"Feature","geometry":{"type":"Point","coordinates":[202590.9651,546044.9721]},"properties":{"A0":"127.02930655130339","A1":"37.51387948790308","A2":"서울 강남구 학동로 169(논현동)","A3":"서울 강남구 논현동 58-13","A4":"1168010800100580013","A5":"140","A6":"서울청","A7":"서울강남","A8":"논현1","A9":"파출소","A10":"02-544-5555","A11":"서울특별시 강남구 학동로 169"}},
{"type":"Feature","geometry":{"type":"Point","coordinates":[260873.9757,241069.5285]},"properties":{"A0":"127.66492125070067","A1":"34.76359236623773","A2":"전남 여수시 흥국로 19(학동)","A3":"전남 여수시 학동 34-7","A4":"4613012800100340007","A5":"1425","A6":"전남청","A7":"여수","A8":"쌍봉","A9":"지구대","A10":"061-685-0112","A11":"전라남도 여수시  흥국로 19"}},
{"type":"Feature","geometry":{"type":"Point","coordinates":[257754.7378,244864.7844]},"properties":{"A0":"127.6311127744458","A1":"34.79798180107797","A2":"전남 여수시 소라면 덕양로 452","A3":"전남 여수시 소라면 덕양리 1306-3","A4":"4613031021113060003","A5":"1426","A6":"전남청","A7":"여수","A8":"소라","A9":"파출소","A10":"061-683-9212","A11":"전라남도 여수시 소라면 덕양로 452"}},
{"type":"Feature","geometry":{"type":"Point","coordinates":[262875.1315,248080.0921]},"properties":{"A0":"127.68730237282062","A1":"34.8266599875856","A2":"전남 여수시 중흥4로 20-10(중흥동)","A3":"전남 여수시 중흥동 1768-1","A4":"4613014400117680001","A5":"1427","A6":"전남청","A7":"여수","A8":"삼일","A9":"파출소","A10":"061-691-0112","A11":"전라남도 여수시 중흥4로 20-10"}},
{"type":"Feature","geometry":{"type":"Point","coordinates":[256222.1699,234923.217]},"properties":{"A0":"127.61370282253887","A1":"34.70845748621004","A2":"전남 여수시 화양면 나진길 14-12","A3":"전남 여수시 화양면 나진리 468","A4":"4613033021104680000","A5":"1429","A6":"전남청","A7":"여수","A8":"화양","A9":"파출소","A10":"061-682-6112","A11":"전라남도 여수시 화양면 나진길 14-12"}},
{"type":"Feature","geometry":{"type":"Point","coordinates":[252825.4634,254334.0665]},"properties":{"A0":"127.57784658798383","A1":"34.883601895864324","A2":"전남 여수시 율촌면 율촌로 103","A3":"전남 여수시 율촌면 조화리 76","A4":"4613032021100760000","A5":"1430","A6":"전남청","A7":"여수","A8":"율촌","A9":"파출소","A10":"061-682-7112","A11":"전라남도 여수시 율촌면 율촌로 103"}},
{"type":"Feature","geometry":{"type":"Point","coordinates":[268183.3948,242323.006]},"properties":{"A0":"127.74485676050234","A1":"34.77442680340954","A2":"전남 여수시 망양로 221(만흥동)","A3":"전남 여수시 만흥동 95-8","A4":"4613012500100950008","A5":"1431","A6":"전남청","A7":"여수","A8":"만흥","A9":"파출소","A10":"061-654-7112","A11":"전라남도 여수시  망양로 221"}},
{"type":"Feature","geometry":{"type":"Point","coordinates":[258742.536,225055.6659]},"properties":{"A0":"127.64052893332084","A1":"34.61937244523354","A2":"전남 여수시 화정면 백야2길 9","A3":"전남 여수시 화정면 백야리 95-7","A4":"4613035021100950007","A5":"1432","A6":"전남청","A7":"여수","A8":"화정","A9":"파출소","A10":"061-685-3112","A11":"전라남도 여수시 화정면 백야2길 9"}},
{"type":"Feature","geometry":{"type":"Point","coordinates":[270556.1759,212854.8451]},"properties":{"A0":"127.76832273073595","A1":"34.50865358931719","A2":"전남 여수시 남면 금오로 870","A3":"전남 여수시 남면 우학리 693-1","A4":"4613034021106930001","A5":"1433","A6":"전남청","A7":"여수","A8":"남면","A9":"파출소","A10":"061-665-5112","A11":"전라남도 여수시 남면 금오로 870"}},
{"type":"Feature","geometry":{"type":"Point","coordinates":[228774.7066,159047.7934]},"properties":{"A0":"127.31155891076116","A1":"34.02560870186024","A2":"전남 여수시 삼산면 거문길 26-8","A3":"전남 여수시 삼산면 거문리 126-2","A4":"4613036021101260002","A5":"1434","A6":"전남청","A7":"여수","A8":"삼산","A9":"파출소","A10":"061-665-0112","A11":"전라남도 여수시 삼산면 거문길 26-8"}},
{"type":"Feature","geometry":{"type":"Point","coordinates":[268498.2136,239063.4196]},"properties":{"A0":"127.74803241462762","A1":"34.7450257130221","A2":"전남 여수시 수정2길 14(수정동)","A3":"전남 여수시 수정동 467","A4":"4613010200104670000","A5":"1435","A6":"전남청","A7":"여수","A8":"중앙","A9":"파출소","A10":"061-663-0112","A11":"전라남도 여수시  수정2길 14"}},
{"type":"Feature","geometry":{"type":"Point","coordinates":[202992.3628,546192.4823]},"properties":{"A0":"127.03384738272705","A1":"37.51520734749048","A2":"서울 강남구 학동로 227(논현동)","A3":"서울 강남구 논현동 89-13","A4":"1168010800100890013","A5":"141","A6":"서울청","A7":"서울강남","A8":"논현2","A9":"파출소","A10":"02-543-0112","A11":"서울특별시 강남구 학동로 227"}},
{"type":"Feature","geometry":{"type":"Point","coordinates":[266205.0828,237504.7721]},"properties":{"A0":"127.72286842030532","A1":"34.73112887308827","A2":"전남 여수시 어항로 43(봉산동)","A3":"전남 여수시 봉산동 278-3","A4":"4613011500102780003","A5":"1437","A6":"전남청","A7":"여수","A8":"봉산","A9":"파출소","A10":"061-642-6112","A11":"전라남도 여수시  어항로 43"}},
{"type":"Feature","geometry":{"type":"Point","coordinates":[266909.676,238193.0494]},"properties":{"A0":"127.73061592093566","A1":"34.73728703983169","A2":"전남 여수시 남산북10길 2(남산동)","A3":"전남 여수시 남산동 759-2","A4":"4613011600107590002","A5":"1438","A6":"전남청","A7":"여수","A8":"남산","A9":"파출소","A10":"061-664-0112","A11":"전라남도 여수시  남산북10길 2"}},
{"type":"Feature","geometry":{"type":"Point","coordinates":[264569.6143,239757.9238]},"properties":{"A0":"127.70518591473792","A1":"34.75154138400026","A2":"전남 여수시 여문1로 31(여서동)","A3":"전남 여수시 여서동 239-5","A4":"4613011900102390005","A5":"1439","A6":"전남청","A7":"여수","A8":"여문","A9":"파출소","A10":"061-651-1134","A11":"전라남도 여수시  여문1로31"}},
{"type":"Feature","geometry":{"type":"Point","coordinates":[264274.8511,241389.197]},"properties":{"A0":"127.70209059141953","A1":"34.76626449185416","A2":"전남 여수시 좌수영로 431(둔덕동)","A3":"전남 여수시 둔덕동 450-3","A4":"4613012300104500003","A5":"1440","A6":"전남청","A7":"여수","A8":"미평","A9":"파출소","A10":"061-653-1112","A11":"전라남도 여수시  좌수영로 431"}},
{"type":"Feature","geometry":{"type":"Point","coordinates":[266611.8659,240013.2184]},"properties":{"A0":"127.7275083530094","A1":"34.75371224688343","A2":"전남 여수시 좌수영로 150(연등동)","A3":"전남 여수시 연등동 731-4","A4":"4613011100107310004","A5":"1441","A6":"전남청","A7":"여수","A8":"광무","A9":"파출소","A10":"061-643-4112","A11":"전라남도 여수시  좌수영로 150"}},
{"type":"Feature","geometry":{"type":"Point","coordinates":[261830.8006,240617.8752]},"properties":{"A0":"127.67533856294114","A1":"34.75946256266684","A2":"전남 여수시 새터로 31(신기동)","A3":"전남 여수시 신기동 93-4","A4":"4613013300100930004","A5":"1442","A6":"전남청","A7":"여수","A8":"신기","A9":"파출소","A10":"061-684-0112","A11":"전라남도 여수시  새터로 31"}},
{"type":"Feature","geometry":{"type":"Point","coordinates":[248159.1458,261347.9407]},"properties":{"A0":"127.52720883169928","A1":"34.94705394519012","A2":"전남 순천시 해룡면 기적의도서관2길 3","A3":"전남 순천시 해룡면 상삼리 666-3","A4":"4615031023106660003","A5":"1443","A6":"전남청","A7":"순천","A8":"금당","A9":"지구대","A10":"061-724-6112","A11":"전라남도 순천시  기적의도서관2길 3"}},
{"type":"Feature","geometry":{"type":"Point","coordinates":[247746.9745,263790.2464]},"properties":{"A0":"127.52283666363991","A1":"34.969087011224644","A2":"전남 순천시 왕지2길 10-8(왕지동)","A3":"전남 순천시 왕지동 867","A4":"4615013200108670000","A5":"1444","A6":"전남청","A7":"순천","A8":"왕조","A9":"지구대","A10":"061-744-4448","A11":"전라남도 순천시  왕지2길 10-8"}},
{"type":"Feature","geometry":{"type":"Point","coordinates":[244593.9595,261337.3789]},"properties":{"A0":"127.4881807018251","A1":"34.94712185814943","A2":"전남 순천시 중앙로 2(장천동)","A3":"전남 순천시 장천동 28-9","A4":"4615011900100280009","A5":"1445","A6":"전남청","A7":"순천","A8":"남문","A9":"파출소","A10":"061-744-2306","A11":"전라남도 순천시  중앙로 2"}},
{"type":"Feature","geometry":{"type":"Point","coordinates":[244290.6087,263297.6919]},"properties":{"A0":"127.48496407099856","A1":"34.96480435920732","A2":"전남 순천시 중앙로 214(매곡동)","A3":"전남 순천시 매곡동 422-6","A4":"4615010700104220006","A5":"1446","A6":"전남청","A7":"순천","A8":"북문","A9":"파출소","A10":"061-752-9371","A11":"전라남도 순천시  중앙로 214"}},
{"type":"Feature","geometry":{"type":"Point","coordinates":[205354.7267,546153.8858]},"properties":{"A0":"127.06056839479648","A1":"37.51484891180717","A2":"서울 강남구 영동대로112길 4(삼성동)","A3":"서울 강남구 삼성동 107-3","A4":"1168010500101070003","A5":"142","A6":"서울청","A7":"서울강남","A8":"삼성1","A9":"파출소","A10":"02-511-5049","A11":"서울특별시 강남구 영동대로112길 4"}},
{"type":"Feature","geometry":{"type":"Point","coordinates":[241541.0818,253378.9731]},"properties":{"A0":"127.45436567312564","A1":"34.87551680312231","A2":"전남 순천시 별량면 반곡길 2","A3":"전남 순천시 별량면 봉림리 129-13","A4":"4615039021101290013","A5":"1447","A6":"전남청","A7":"순천","A8":"별량","A9":"파출소","A10":"061-742-7112","A11":"전라남도 순천시 별량면 반곡길 2"}},
{"type":"Feature","geometry":{"type":"Point","coordinates":[231508.1227,256822.6941]},"properties":{"A0":"127.3447588833844","A1":"34.906918572849534","A2":"전남 순천시 낙안면 조정래길 776","A3":"전남 순천시 낙안면 동내리 476-4","A4":"4615038021104760004","A5":"1448","A6":"전남청","A7":"순천","A8":"낙안","A9":"파출소","A10":"061-754-3112","A11":"전라남도 순천시 낙안면 조정래길 776"}},
{"type":"Feature","geometry":{"type":"Point","coordinates":[239234.3474,278660.3991]},"properties":{"A0":"127.43032846122361","A1":"35.103486098433535","A2":"전남 순천시 황전면 괴목길 97","A3":"전남 순천시 황전면 괴목리 5","A4":"4615033024100050000","A5":"1449","A6":"전남청","A7":"순천","A8":"황전","A9":"파출소","A10":"061-754-0112","A11":"전라남도 순천시 황전면 괴목길 97"}},
{"type":"Feature","geometry":{"type":"Point","coordinates":[224139.2565,264156.8418]},"properties":{"A0":"127.26434295720654","A1":"34.97322860029489","A2":"전남 순천시 송광면 쌍향수길 1332","A3":"전남 순천시 송광면 이읍리 1334-8","A4":"4615036032113340008","A5":"1450","A6":"전남청","A7":"순천","A8":"송광","A9":"파출소","A10":"061-753-2112","A11":"전라남도 순천시 송광면 쌍향수길 1332"}},
{"type":"Feature","geometry":{"type":"Point","coordinates":[221410.2899,275598.4064]},"properties":{"A0":"127.23475351270392","A1":"35.07642186417425","A2":"전남 순천시 주암면 동주로 2046","A3":"전남 순천시 주암면 광천리 168","A4":"4615035033101680000","A5":"1451","A6":"전남청","A7":"순천","A8":"주암","A9":"파출소","A10":"061-754-2112","A11":"전라남도 순천시 주암면 동주로 2046"}},
{"type":"Feature","geometry":{"type":"Point","coordinates":[235499.2596,268762.4725]},"properties":{"A0":"127.38893740793375","A1":"35.014408740728115","A2":"전남 순천시 승주읍 승주로 723-3","A3":"전남 순천시 승주읍 서평리 396","A4":"4615025029103960000","A5":"1452","A6":"전남청","A7":"순천","A8":"승주","A9":"파출소","A10":"061-754-5112","A11":"전라남도 순천시 승주읍 승주로 723-3"}},
{"type":"Feature","geometry":{"type":"Point","coordinates":[249058.6536,257760.0072]},"properties":{"A0":"127.5368448259288","A1":"34.91467031355555","A2":"전남 순천시 해룡면 월전길 43","A3":"전남 순천시 해룡면 월전리 407-7","A4":"4615031026104070007","A5":"1453","A6":"전남청","A7":"순천","A8":"해룡","A9":"파출소","A10":"061-724-0112","A11":"전라남도 순천시 해룡면 월전길 43"}},
{"type":"Feature","geometry":{"type":"Point","coordinates":[247322.2797,261361.0973]},"properties":{"A0":"127.51804855811666","A1":"34.947211741067434","A2":"전남 순천시 연향번영길 58(연향동)","A3":"전남 순천시 연향동 1379-3","A4":"4615011400113790003","A5":"1454","A6":"전남청","A7":"순천","A8":"연향","A9":"파출소","A10":"061-722-6112","A11":"전라남도 순천시  연향번영길 58"}},
{"type":"Feature","geometry":{"type":"Point","coordinates":[245808.371,261233.4343]},"properties":{"A0":"127.50146898194565","A1":"34.946130589437836","A2":"전남 순천시 팔마로 117(조곡동)","A3":"전남 순천시 조곡동 139-2","A4":"4615011100101390002","A5":"1455","A6":"전남청","A7":"순천","A8":"역전","A9":"파출소","A10":"061-744-7114","A11":"전라남도 순천시  팔마로 117"}},
{"type":"Feature","geometry":{"type":"Point","coordinates":[244780.7101,260058.1441]},"properties":{"A0":"127.49015641504013","A1":"34.93558291976986","A2":"전남 순천시 지현길 21(오천동)","A3":"전남 순천시 오천동 862-1","A4":"4615012600108620001","A5":"1456","A6":"전남청","A7":"순천","A8":"남도","A9":"파출소","A10":"061-752-1729","A11":"전라남도 순천시  지현길 21"}},
{"type":"Feature","geometry":{"type":"Point","coordinates":[197299.5408,553547.7942]},"properties":{"A0":"126.96942735885364","A1":"37.58147950471888","A2":"서울 종로구 자하문로17길 24(옥인동)","A3":"서울 종로구 옥인동 45-16","A4":"1111011100100450016","A5":"15","A6":"서울청","A7":"서울종로","A8":"옥인","A9":"파출소","A10":"02-3701-4506","A11":"서울특별시 종로구  자하문로17길 24"}},
{"type":"Feature","geometry":{"type":"Point","coordinates":[203835.9928,545879.3593]},"properties":{"A0":"127.04338826329025","A1":"37.512382977067574","A2":"서울 강남구 선릉로 626(삼성동)","A3":"서울 강남구 삼성동 35","A4":"1168010500100350000","A5":"143","A6":"서울청","A7":"서울강남","A8":"삼성2","A9":"파출소","A10":"02-562-1628","A11":"서울특별시 강남구 선릉로 626"}},
{"type":"Feature","geometry":{"type":"Point","coordinates":[243777.7167,267830.4064]},"properties":{"A0":"127.47958633851172","A1":"35.005681849528415","A2":"전남 순천시 서면 동산길 16","A3":"전남 순천시 서면 동산리 378","A4":"4615032025103780000","A5":"1457","A6":"전남청","A7":"순천","A8":"서면","A9":"파출소","A10":"061-755-6112","A11":"전라남도 순천시 서면 동산길 16"}},
{"type":"Feature","geometry":{"type":"Point","coordinates":[244652.3966,263524.3182]},"properties":{"A0":"127.48893767824428","A1":"34.966830426691544","A2":"전남 순천시 석현동 환선로 126-16","A3":"전남 순천시 석현동 15-11번지","A4":"4615010800100150011","A5":"1458","A6":"전남청","A7":"순천","A8":"삼산","A9":"파출소","A10":"061-755-0990","A11":"전라남도 순천시  석현동 15-11"}},
{"type":"Feature","geometry":{"type":"Point","coordinates":[250546.9268,259634.7599]},"properties":{"A0":"127.55324363611297","A1":"34.931495722894624","A2":"전남 순천시 해룡면 매안5길 17","A3":"전남 순천시 해룡면 신대리 2012-3","A4":"4615031022120120003","A5":"1459","A6":"전남청","A7":"순천","A8":"신대","A9":"파출소","A10":"061-721-0112","A11":"전라남도 순천시 해룡면 매안5길 17"}},
{"type":"Feature","geometry":{"type":"Point","coordinates":[174567.9623,270258.0792]},"properties":{"A0":"126.72131407253828","A1":"35.02819244807347","A2":"전남 나주시 학생운동길 16(남외동)","A3":"전남 나주시 남외동 70-2","A4":"4617012000100700002","A5":"1460","A6":"전남청","A7":"나주","A8":"금성","A9":"지구대","A10":"061-333-2112","A11":"전라남도 나주시  학생운동길 16"}},
{"type":"Feature","geometry":{"type":"Point","coordinates":[169927.8641,263630.7346]},"properties":{"A0":"126.67070775713813","A1":"34.96832828670514","A2":"전남 나주시 왕곡면 나주서부로 384","A3":"전남 나주시 왕곡면 덕산리 590-69","A4":"4617032021105900069","A5":"1461","A6":"전남청","A7":"나주","A8":"왕곡","A9":"파출소","A10":"061-335-6112","A11":"전라남도 나주시 왕곡면 나주서부로 384"}},
{"type":"Feature","geometry":{"type":"Point","coordinates":[164147.3012,260839.5698]},"properties":{"A0":"126.60753121356709","A1":"34.942981456908804","A2":"전남 나주시 공산면 공산로 134","A3":"전남 나주시 공산면 금곡리 862-4","A4":"4617034021108620004","A5":"1462","A6":"전남청","A7":"나주","A8":"공산","A9":"파출소","A10":"061-335-3112","A11":"전라남도 나주시 공산면 공산로 134"}},
{"type":"Feature","geometry":{"type":"Point","coordinates":[177507.06,270621.0807]},"properties":{"A0":"126.75351072896059","A1":"35.031534432832785","A2":"전남 나주시 금천면 금영로 941","A3":"전남 나주시 금천면 오강리 246-19","A4":"4617039021102460019","A5":"1463","A6":"전남청","A7":"나주","A8":"금천","A9":"파출소","A10":"061-331-7112","A11":"전라남도 나주시  금천면 금영로 941"}},
{"type":"Feature","geometry":{"type":"Point","coordinates":[175622.8653,275642.2876]},"properties":{"A0":"126.73271548830309","A1":"35.07674949832009","A2":"전남 나주시 노안면 금산로 32-53","A3":"전남 나주시 노안면 금동리 17-1","A4":"4617038021100170001","A5":"1464","A6":"전남청","A7":"나주","A8":"노안","A9":"파출소","A10":"061-335-8112","A11":"전라남도 나주시 노안면 금산로 32-53"}},
{"type":"Feature","geometry":{"type":"Point","coordinates":[185557.6251,272353.1509]},"properties":{"A0":"126.84170251970806","A1":"35.047293708052194","A2":"전남 나주시 남평읍 남평1로 37","A3":"전남 나주시 남평읍 남평리 205-2","A4":"4617025021102050002","A5":"1465","A6":"전남청","A7":"나주","A8":"남평","A9":"파출소","A10":"061-331-2112","A11":"전라남도 나주시 남평읍 남평1로 37"}},
{"type":"Feature","geometry":{"type":"Point","coordinates":[179832.5341,262200.3278]},"properties":{"A0":"126.7791983404068","A1":"34.95568042861869","A2":"전남 나주시 봉황면 봉황로 702","A3":"전남 나주시 봉황면 죽석리 699","A4":"4617043021106990000","A5":"1466","A6":"전남청","A7":"나주","A8":"봉황","A9":"파출소","A10":"061-331-4112","A11":"전라남도 나주시 봉황면 봉황로 702"}},
{"type":"Feature","geometry":{"type":"Point","coordinates":[204709.646,546890.9504]},"properties":{"A0":"127.05327621474638","A1":"37.521493117689644","A2":"서울 강남구 학동로95길 19(청담동)","A3":"서울 강남구 청담동 66-3","A4":"1168010400100660003","A5":"144","A6":"서울청","A7":"서울강남","A8":"청담","A9":"파출소","A10":"02-512-0112","A11":"서울특별시 강남구 학동로95길 19"}},
{"type":"Feature","geometry":{"type":"Point","coordinates":[181894.4945,271229.9898]},"properties":{"A0":"126.80157650449328","A1":"35.037110866815","A2":"전남 나주시 산포면 산포로 443-5","A3":"전남 나주시 산포면 매성리 614","A4":"4617040021106140000","A5":"1467","A6":"전남청","A7":"나주","A8":"산포","A9":"파출소","A10":"061-337-1112","A11":"전라남도 나주시 산포면 산포로 443-5"}},
{"type":"Feature","geometry":{"type":"Point","coordinates":[173559.9086,266910.5642]},"properties":{"A0":"126.71037403729542","A1":"34.99799270232316","A2":"전남 나주시 영산포로 188(영산동)","A3":"전남 나주시 영산동 86-2","A4":"4617012300100860002","A5":"1468","A6":"전남청","A7":"나주","A8":"영산","A9":"파출소","A10":"061-333-3112","A11":"전라남도 나주시  영산포로 188"}},
{"type":"Feature","geometry":{"type":"Point","coordinates":[166933.1332,269096.1402]},"properties":{"A0":"126.63769839623646","A1":"35.01749788398709","A2":"전남 나주시 다시면 다시로 185","A3":"전남 나주시 다시면 월태리 587-42","A4":"4617036022105870042","A5":"1469","A6":"전남청","A7":"나주","A8":"다시","A9":"파출소","A10":"061-335-4112","A11":"전라남도 나주시 다시면 다시로 185"}},
{"type":"Feature","geometry":{"type":"Point","coordinates":[181378.8556,268662.2568]},"properties":{"A0":"126.79598349016743","A1":"35.013956572564794","A2":"전남 나주시 그린로 310(빛가람동)","A3":"전남 나주시 빛가람동 318-1","A4":"4617013400103180001","A5":"1470","A6":"전남청","A7":"나주","A8":"빛가람","A9":"지구대","A10":"061-331-0112","A11":"전라남도 나주시  그린로 310"}},
{"type":"Feature","geometry":{"type":"Point","coordinates":[253975.1672,264007.6716]},"properties":{"A0":"127.59104975737162","A1":"34.970733566033964","A2":"전남 광양시 광양읍 백운로 10","A3":"전남 광양시 광양읍 목성리 690-10","A4":"4623025025106900010","A5":"1471","A6":"전남청","A7":"광양","A8":"읍내","A9":"지구대","A10":"061-762-0113","A11":"전라남도 광양시 광양읍 백운로 10"}},
{"type":"Feature","geometry":{"type":"Point","coordinates":[263416.3928,260566.0147]},"properties":{"A0":"127.6941643384904","A1":"34.939167354062135","A2":"전남 광양시 시청로 22(중동)","A3":"전남 광양시 중동 1361-58","A4":"4623010600113610058","A5":"1472","A6":"전남청","A7":"광양","A8":"중마","A9":"지구대","A10":"061-791-7112","A11":"전라남도 광양시  시청로 22"}},
{"type":"Feature","geometry":{"type":"Point","coordinates":[256523.7043,269117.2763]},"properties":{"A0":"127.61930007659866","A1":"35.016649211318395","A2":"전남 광양시 옥룡면 신재로 620","A3":"전남 광양시 옥룡면 운평리 261","A4":"4623032022102610000","A5":"1474","A6":"전남청","A7":"광양","A8":"옥룡","A9":"파출소","A10":"061-762-6112","A11":"전라남도 광양시 옥룡면 신재로 620"}},
{"type":"Feature","geometry":{"type":"Point","coordinates":[265686.4028,263130.2502]},"properties":{"A0":"127.7192122885352","A1":"34.96213316060793","A2":"전남 광양시 광영로 87(광영동)","A3":"전남 광양시 광영동 675-8","A4":"4623010800106750008","A5":"1476","A6":"전남청","A7":"광양","A8":"광영","A9":"파출소","A10":"061-793-0112","A11":"전라남도 광양시  광영로 87"}},
{"type":"Feature","geometry":{"type":"Point","coordinates":[263755.1375,266163.3168]},"properties":{"A0":"127.69830021609786","A1":"34.98959466550362","A2":"전남 광양시 옥곡면 옥진로 650","A3":"전남 광양시 옥곡면 신금리 1380-6","A4":"4623033024113800006","A5":"1477","A6":"전남청","A7":"광양","A8":"옥곡","A9":"파출소","A10":"061-772-0112","A11":"전라남도 광양시 옥곡면 옥진로 650"}},
{"type":"Feature","geometry":{"type":"Point","coordinates":[268620.8805,260895.6556]},"properties":{"A0":"127.75115683035615","A1":"34.941797866109574","A2":"전남 광양시 담안길 87(태인동)","A3":"전남 광양시 태인동 1650-7","A4":"4623010900116500007","A5":"1478","A6":"전남청","A7":"광양","A8":"태금","A9":"파출소","A10":"061-792-0112","A11":"전라남도 광양시  담안길 담안길 87"}},
{"type":"Feature","geometry":{"type":"Point","coordinates":[202137.6721,546539.2808]},"properties":{"A0":"127.02418076167172","A1":"37.51833438700396","A2":"서울 강남구 도산대로 143(신사동)","A3":"서울 강남구 신사동 539-12","A4":"1168010700105390012","A5":"145","A6":"서울청","A7":"서울강남","A8":"신사","A9":"파출소","A10":"02-511-5087","A11":"서울특별시 강남구 도산대로 143"}},
{"type":"Feature","geometry":{"type":"Point","coordinates":[231294.3999,219422.5674]},"properties":{"A0":"127.34103296705445","A1":"34.56979804789181","A2":"전남 고흥군 포두면 우주로 616","A3":"전남 고흥군 포두면 상대리 93-1","A4":"4677035026100930001","A5":"1479","A6":"전남청","A7":"고흥","A8":"포두","A9":"파출소","A10":"061-832-6112","A11":"전라남도 고흥군 포두면 우주로 616"}},
{"type":"Feature","geometry":{"type":"Point","coordinates":[225968.8324,241744.9355]},"properties":{"A0":"127.28368330103399","A1":"34.77116468634296","A2":"전남 고흥군 대서면 석장1길 2","A3":"전남 고흥군 대서면 금마리 33-1","A4":"4677041021100330001","A5":"1480","A6":"전남청","A7":"고흥","A8":"대서","A9":"파출소","A10":"061-833-3112","A11":"전라남도 고흥군 대서면 석장1길 2"}},
{"type":"Feature","geometry":{"type":"Point","coordinates":[242066.9568,207690.3006]},"properties":{"A0":"127.45784533025","A1":"34.46365598660124","A2":"전남 고흥군 봉래면 축정2길 9","A3":"전남 고흥군 봉래면 신금리 1077","A4":"4677036024110770000","A5":"1481","A6":"전남청","A7":"고흥","A8":"봉래","A9":"파출소","A10":"061-833-4112","A11":"전라남도 고흥군 봉래면 축정2길 9"}},
{"type":"Feature","geometry":{"type":"Point","coordinates":[211279.3514,206837.5835]},"properties":{"A0":"127.122751808252","A1":"34.456764652583736","A2":"전남 고흥군 금산면 거금중앙길 50","A3":"전남 고흥군 금산면 어전리 938-1","A4":"4677033022109380001","A5":"1483","A6":"전남청","A7":"고흥","A8":"금산","A9":"파출소","A10":"061-843-8112","A11":"전라남도 고흥군 금산면 거금중앙길 50"}},
{"type":"Feature","geometry":{"type":"Point","coordinates":[230505.2692,242819.0951]},"properties":{"A0":"127.33327720686049","A1":"34.780721430432614","A2":"전남 고흥군 동강면 원유둔1길 14","A3":"전남 고흥군 동강면 유둔리 204-1","A4":"4677040021102040001","A5":"1484","A6":"전남청","A7":"고흥","A8":"동강","A9":"파출소","A10":"061-833-2112","A11":"전라남도 고흥군 동강면 원유둔1길 14"}},
{"type":"Feature","geometry":{"type":"Point","coordinates":[226391.4163,223735.0103]},"properties":{"A0":"127.28773694558275","A1":"34.60880931455988","A2":"전남 고흥군 고흥읍 학교길 74","A3":"전남 고흥군 고흥읍 남계리 619-8","A4":"4677025026106190008","A5":"1485","A6":"전남청","A7":"고흥","A8":"읍내","A9":"파출소","A10":"061-832-0112","A11":"전라남도 고흥군 고흥읍 학교길 74"}},
{"type":"Feature","geometry":{"type":"Point","coordinates":[212447.8605,214754.4753]},"properties":{"A0":"127.1355840903926","A1":"34.52811875256778","A2":"전남 고흥군 도양읍 비봉로 146","A3":"전남 고흥군 도양읍 봉암리 2072-14","A4":"4677025324120720014","A5":"1486","A6":"전남청","A7":"고흥","A8":"녹동","A9":"파출소","A10":"061-842-2112","A11":"전라남도 고흥군 도양읍 비봉로 146"}},
{"type":"Feature","geometry":{"type":"Point","coordinates":[222344.9393,220087.6751]},"properties":{"A0":"127.24352388172434","A1":"34.57602707345213","A2":"전남 고흥군 풍양면 죽시장터길 5","A3":"전남 고흥군 풍양면 야막리 479-5","A4":"4677031022104790005","A5":"1487","A6":"전남청","A7":"고흥","A8":"풍양","A9":"파출소","A10":"061-832-5112","A11":"전라남도 고흥군 풍양면 죽시장터길 5"}},
{"type":"Feature","geometry":{"type":"Point","coordinates":[233140.4851,231356.2887]},"properties":{"A0":"127.36161649984982","A1":"34.67731334154969","A2":"전남 고흥군 과역면 고흥로 2964","A3":"전남 고흥군 과역면 과역리 85-3","A4":"4677038026100850003","A5":"1488","A6":"전남청","A7":"고흥","A8":"과역","A9":"파출소","A10":"061-832-4112","A11":"전라남도 고흥군 과역면 고흥로 2964"}},
{"type":"Feature","geometry":{"type":"Point","coordinates":[234812.2636,228798.4175]},"properties":{"A0":"127.37975307129722","A1":"34.654200823602295","A2":"전남 고흥군 점암면 모룡길 34","A3":"전남 고흥군 점암면 대룡리 37-5","A4":"4677037028100370005","A5":"1489","A6":"전남청","A7":"고흥","A8":"점암","A9":"파출소","A10":"061-832-8112","A11":"전라남도 고흥군 점암면 모룡길 34"}},
{"type":"Feature","geometry":{"type":"Point","coordinates":[203146.2689,547760.1772]},"properties":{"A0":"127.03559496255133","A1":"37.52933180609041","A2":"서울 강남구 압구정로 311(압구정동)","A3":"서울 강남구 압구정동 483","A4":"1168011000104830000","A5":"146","A6":"서울청","A7":"서울강남","A8":"압구정","A9":"파출소","A10":"02-542-1103","A11":"서울특별시 강남구 압구정로 311"}},
{"type":"Feature","geometry":{"type":"Point","coordinates":[241502.1113,223102.643]},"properties":{"A0":"127.45244958843972","A1":"34.60260893112873","A2":"전남 고흥군 영남면 팔영로 1041","A3":"전남 고흥군 영남면 양사리 643-1","A4":"4677044021106430001","A5":"1490","A6":"전남청","A7":"고흥","A8":"영남","A9":"파출소","A10":"061-833-0112","A11":"전라남도 고흥군 영남면 팔영로 1041"}},
{"type":"Feature","geometry":{"type":"Point","coordinates":[163166.8534,218948.6071]},"properties":{"A0":"126.59862990369186","A1":"34.565342100963434","A2":"전남 해남군 해남읍 읍사무소길 46","A3":"전남 해남군 해남읍 고도리 479-17","A4":"4682025024104790017","A5":"1491","A6":"전남청","A7":"해남","A8":"읍내","A9":"지구대","A10":"061-536-2112","A11":"전라남도 해남군 해남읍 읍사무소길 46"}},
{"type":"Feature","geometry":{"type":"Point","coordinates":[138305.3675,230299.9261]},"properties":{"A0":"126.32690358999096","A1":"34.66646834710022","A2":"전남 해남군 화원면 청용길 5","A3":"전남 해남군 화원면 신덕리 190-5","A4":"4682043023101900005","A5":"1492","A6":"전남청","A7":"해남","A8":"화원","A9":"파출소","A10":"061-532-0112","A11":"전라남도 해남군 화원면 청용길 5"}},
{"type":"Feature","geometry":{"type":"Point","coordinates":[149312.9439,227793.3639]},"properties":{"A0":"126.44714135854122","A1":"34.644479061531214","A2":"전남 해남군 산이면 비석길 105","A3":"전남 해남군 산이면 초송리 592-7","A4":"4682041026105920007","A5":"1494","A6":"전남청","A7":"해남","A8":"산이","A9":"파출소","A10":"061-532-4312","A11":"전라남도 해남군 산이면 비석길 105"}},
{"type":"Feature","geometry":{"type":"Point","coordinates":[155769.7132,197231.3089]},"properties":{"A0":"126.5191505233061","A1":"34.36928475498095","A2":"전남 해남군 송지면 산정1길 104","A3":"전남 해남군 송지면 산정리 772-16","A4":"4682034027107720016","A5":"1495","A6":"전남청","A7":"해남","A8":"송지","A9":"파출소","A10":"061-533-2112","A11":"전라남도 해남군 송지면 산정1길 104"}},
{"type":"Feature","geometry":{"type":"Point","coordinates":[165769.121,201200.1094]},"properties":{"A0":"126.6276976372884","A1":"34.4054401323461","A2":"전남 해남군 북평면 달량진길 42","A3":"전남 해남군 북평면 남창리 392-2","A4":"4682035021103920002","A5":"1496","A6":"전남청","A7":"해남","A8":"북평","A9":"파출소","A10":"061-533-1112","A11":"전라남도 해남군 북평면 달량진길 42"}},
{"type":"Feature","geometry":{"type":"Point","coordinates":[136629.2979,222053.8853]},"properties":{"A0":"126.30923370414101","A1":"34.592038212329776","A2":"전남 해남군 문내면 동헌길 36","A3":"전남 해남군 문내면 동외리 1139-2","A4":"4682042023111390002","A5":"1497","A6":"전남청","A7":"해남","A8":"문내","A9":"파출소","A10":"061-532-1112","A11":"전라남도 해남군 문내면 동헌길 36"}},
{"type":"Feature","geometry":{"type":"Point","coordinates":[164158.3031,214056.4622]},"properties":{"A0":"126.60963930616626","A1":"34.52127754497849","A2":"전남 해남군 삼산면 고산로 519","A3":"전남 해남군 삼산면 평활리 885","A4":"4682031028108850000","A5":"1498","A6":"전남청","A7":"해남","A8":"삼산","A9":"파출소","A10":"061-534-5112","A11":"전라남도 해남군 현산면 고산로 519"}},
{"type":"Feature","geometry":{"type":"Point","coordinates":[147777.483,220169.5341]},"properties":{"A0":"126.43086356264118","A1":"34.575681720700274","A2":"전남 해남군 황산면 시등로 124","A3":"전남 해남군 황산면 남리리 31-5","A4":"4682040028100310005","A5":"1499","A6":"전남청","A7":"해남","A8":"황산","A9":"파출소","A10":"061-532-2492","A11":"전라남도 해남군 황산면 시등로 124"}},
{"type":"Feature","geometry":{"type":"Point","coordinates":[160641.9915,224832.7606]},"properties":{"A0":"126.57084493210124","A1":"34.618289062699645","A2":"전남 해남군 마산면 은적사길 7","A3":"전남 해남군 마산면 화내리 637-2","A4":"4682039021106370002","A5":"1500","A6":"전남청","A7":"해남","A8":"마산","A9":"파출소","A10":"061-532-5212","A11":"전라남도 해남군 마산면 은적사길 7"}},
{"type":"Feature","geometry":{"type":"Point","coordinates":[194196.6091,542950.6253]},"properties":{"A0":"126.93438193773402","A1":"37.485984683963665","A2":"서울 관악구 남부순환로191길 12(봉천동) 당곡지구대","A3":"서울 관악구 봉천동 961-16","A4":"1162010100109610016","A5":"147","A6":"서울청","A7":"서울관악","A8":"당곡","A9":"지구대","A10":"02-870-0810","A11":"서울특별시 관악구  남부순환로191길 12 당곡지구대"}},
{"type":"Feature","geometry":{"type":"Point","coordinates":[167621.3306,219162.4163]},"properties":{"A0":"126.64716121784453","A1":"34.56741937617875","A2":"전남 해남군 옥천면 해남로 397","A3":"전남 해남군 옥천면 영춘리 540-1","A4":"4682037021105400001","A5":"1501","A6":"전남청","A7":"해남","A8":"옥천","A9":"파출소","A10":"061-532-6112","A11":"전라남도 해남군 옥천면 해남로 397"}},
{"type":"Feature","geometry":{"type":"Point","coordinates":[158901.0179,207086.6631]},"properties":{"A0":"126.55271796509336","A1":"34.45825316321286","A2":"전남 해남군 현산면 일평길 8","A3":"전남 해남군 현산면 일평리 831-14","A4":"4682033025108310014","A5":"1502","A6":"전남청","A7":"해남","A8":"현산","A9":"파출소","A10":"061-532-7612","A11":"전라남도 해남군 현산면 일평길 8"}},
{"type":"Feature","geometry":{"type":"Point","coordinates":[152142.0055,246351.2402]},"properties":{"A0":"126.47694485407243","A1":"34.81189251541889","A2":"전남 무안군 삼향읍 남악영산길 49","A3":"전남 무안군 삼향읍 남악리 1593-2","A4":"4684025622115930002","A5":"1503","A6":"전남청","A7":"무안","A8":"남악","A9":"지구대","A10":"061-282-0112","A11":"전라남도 무안군 삼향읍 남악영산길 49"}},
{"type":"Feature","geometry":{"type":"Point","coordinates":[135895.5476,279953.405]},"properties":{"A0":"126.29680953548828","A1":"35.113863486118895","A2":"전남 무안군 해제면 양간로 85","A3":"전남 무안군 해제면 양매리 898-8","A4":"4684036025108980008","A5":"1504","A6":"전남청","A7":"무안","A8":"해제","A9":"파출소","A10":"061-452-6112","A11":"전라남도 무안군 해제면 양간로 85"}},
{"type":"Feature","geometry":{"type":"Point","coordinates":[153603.3705,250532.3085]},"properties":{"A0":"126.49268462851518","A1":"34.84964831123004","A2":"전남 무안군 일로읍 일로로 55","A3":"전남 무안군 일로읍 월암리 188-3","A4":"4684025326101880003","A5":"1505","A6":"전남청","A7":"무안","A8":"일로","A9":"파출소","A10":"061-282-3112","A11":"전라남도 무안군 일로읍 일로로 55"}},
{"type":"Feature","geometry":{"type":"Point","coordinates":[151957.314,265932.338]},"properties":{"A0":"126.47380187786433","A1":"34.988380738216165","A2":"전남 무안군 무안읍 불무로 38-11","A3":"전남 무안군 무안읍 교촌리 127-9","A4":"4684025024101270009","A5":"1506","A6":"전남청","A7":"무안","A8":"승달","A9":"파출소","A10":"061-453-0112","A11":"전라남도 무안군 무안읍 불무로 38-11"}},
{"type":"Feature","geometry":{"type":"Point","coordinates":[147947.2909,257288.9835]},"properties":{"A0":"126.43042250470327","A1":"34.9102751790727","A2":"전남 무안군 청계면 영산로 1696","A3":"전남 무안군 청계면 도림리 481-1","A4":"4684033023104810001","A5":"1507","A6":"전남청","A7":"무안","A8":"청계","A9":"파출소","A10":"061-452-5112","A11":"전라남도 무안군 청계면 영산로 1696"}},
{"type":"Feature","geometry":{"type":"Point","coordinates":[146137.0036,269659.4443]},"properties":{"A0":"126.40981795907801","A1":"35.021679999865135","A2":"전남 무안군 현경면 현해로 106","A3":"전남 무안군 현경면 외반리 547","A4":"4684034024105470000","A5":"1508","A6":"전남청","A7":"무안","A8":"현경","A9":"파출소","A10":"061-452-2112","A11":"전라남도 무안군 현경면 현해로 106"}},
{"type":"Feature","geometry":{"type":"Point","coordinates":[139730.0983,262894.7247]},"properties":{"A0":"126.34010719961691","A1":"34.96034760936335","A2":"전남 무안군 운남면 운해로 574-1","A3":"전남 무안군 운남면 연리 401-4","A4":"4684037023104010004","A5":"1509","A6":"전남청","A7":"무안","A8":"운남","A9":"파출소","A10":"061-452-4112","A11":"전라남도 무안군 운남면 운해로 574-1"}},
{"type":"Feature","geometry":{"type":"Point","coordinates":[191602.9,231743.8039]},"properties":{"A0":"126.9083692880599","A1":"34.68130838832705","A2":"전남 장흥군 장흥읍 동부로 2","A3":"전남 장흥군 장흥읍 건산리 720-10","A4":"4680025037107200010","A5":"1510","A6":"전남청","A7":"장흥","A8":"읍내","A9":"지구대","A10":"061-860-7301","A11":"전라남도 장흥군 장흥읍 동부로 2"}},
{"type":"Feature","geometry":{"type":"Point","coordinates":[196251.296,542104.1416]},"properties":{"A0":"126.95761827250948","A1":"37.47836837540726","A2":"서울 관악구 봉천로 540(봉천동) 낙성대지구대","A3":"서울 관악구 봉천동 1620-9","A4":"1162010100116200009","A5":"148","A6":"서울청","A7":"서울관악","A8":"낙성대","A9":"지구대","A10":"02-870-0820","A11":"서울특별시 관악구  봉천로 540, 낙성대지구대"}},
{"type":"Feature","geometry":{"type":"Point","coordinates":[197410.6635,228158.6993]},"properties":{"A0":"126.97175564374797","A1":"34.6490222610895","A2":"전남 장흥군 안양면 남부관광로 734","A3":"전남 장흥군 안양면 운흥리 694-4","A4":"4680032024106940004","A5":"1511","A6":"전남청","A7":"장흥","A8":"안양","A9":"파출소","A10":"061-860-7303","A11":"전라남도 장흥군 안양면 남부관광로 734"}},
{"type":"Feature","geometry":{"type":"Point","coordinates":[194287.3051,218738.175]},"properties":{"A0":"126.93774960719676","A1":"34.56408916199469","A2":"전남 장흥군 관산읍 관산로 101","A3":"전남 장흥군 관산읍 죽교리 479-2","A4":"4680025327104790002","A5":"1512","A6":"전남청","A7":"장흥","A8":"관산","A9":"파출소","A10":"061-860-7305","A11":"전라남도 장흥군 관산읍 관산로 101"}},
{"type":"Feature","geometry":{"type":"Point","coordinates":[189763.0535,211558.4939]},"properties":{"A0":"126.88853589014133","A1":"34.4993326885724","A2":"전남 장흥군 대덕읍 대대로 931","A3":"전남 장흥군 대덕읍 신월리 118-14","A4":"4680025623101180014","A5":"1513","A6":"전남청","A7":"장흥","A8":"대덕","A9":"파출소","A10":"061-860-7306","A11":"전라남도 장흥군 대덕읍 대대로 931"}},
{"type":"Feature","geometry":{"type":"Point","coordinates":[194475.5232,209875.0803]},"properties":{"A0":"126.93985806023258","A1":"34.48419345673257","A2":"전남 장흥군 회진면 회진로 438","A3":"전남 장흥군 회진면 회진리 943-3","A4":"4680037022109430003","A5":"1514","A6":"전남청","A7":"장흥","A8":"회진","A9":"파출소","A10":"061-860-7307","A11":"전라남도 장흥군 회진면 회진로 438"}},
{"type":"Feature","geometry":{"type":"Point","coordinates":[197827.3283,242032.5778]},"properties":{"A0":"126.97626489206871","A1":"34.77408604709814","A2":"전남 장흥군 장평면 평동로 14-1","A3":"전남 장흥군 장평면 용강리 19-1","A4":"4680034021100190001","A5":"1515","A6":"전남청","A7":"장흥","A8":"장평","A9":"파출소","A10":"061-860-7309","A11":"전라남도 장흥군 장평면 평동로 14-1"}},
{"type":"Feature","geometry":{"type":"Point","coordinates":[192063.8661,224618.6158]},"properties":{"A0":"126.91346628459362","A1":"34.617082930979336","A2":"전남 장흥군 용산면 장흥대로 2488","A3":"전남 장흥군 용산면 인암리 851","A4":"4680031029108510000","A5":"1516","A6":"전남청","A7":"장흥","A8":"용산","A9":"파출소","A10":"061-860-7304","A11":"전라남도 장흥군 용산면 장흥대로 2488"}},
{"type":"Feature","geometry":{"type":"Point","coordinates":[208399.4899,230807.4659]},"properties":{"A0":"127.09164745710085","A1":"34.67286778602015","A2":"전남 보성군 회천면 우암1길 7","A3":"전남 보성군 회천면 동율리 804-1","A4":"4678039027108040001","A5":"1517","A6":"전남청","A7":"보성","A8":"회천","A9":"파출소","A10":"061-852-8112","A11":"전라남도 보성군 회천면 우암1길 7"}},
{"type":"Feature","geometry":{"type":"Point","coordinates":[217989.6545,242447.647]},"properties":{"A0":"127.1965344822109","A1":"34.777670839286856","A2":"전남 보성군 득량면 예당길 131","A3":"전남 보성군 득량면 예당리 367-3","A4":"4678038023103670003","A5":"1518","A6":"전남청","A7":"보성","A8":"예당","A9":"파출소","A10":"061-853-7112","A11":"전라남도 보성군 득량면 예당길 131"}},
{"type":"Feature","geometry":{"type":"Point","coordinates":[208166.8815,242277.3884]},"properties":{"A0":"127.08922050724885","A1":"34.77626233330627","A2":"전남 보성군 보성읍 송재로 278","A3":"전남 보성군 보성읍 용문리 227-13","A4":"4678025030102270013","A5":"1519","A6":"전남청","A7":"보성","A8":"읍내","A9":"파출소","A10":"061-853-0113","A11":"전라남도 보성군 보성읍 송재로 278"}},
{"type":"Feature","geometry":{"type":"Point","coordinates":[208008.2644,244935.428]},"properties":{"A0":"127.08751291283909","A1":"34.80022358976122","A2":"전남 보성군 미력면 송재로 593","A3":"전남 보성군 미력면 도개리 671-1","A4":"4678032021106710001","A5":"1520","A6":"전남청","A7":"보성","A8":"미력","A9":"파출소","A10":"061-852-4112","A11":"전라남도 보성군 미력면 송재로 593"}},
{"type":"Feature","geometry":{"type":"Point","coordinates":[194103.7641,542731.254]},"properties":{"A0":"126.93333391122636","A1":"37.48400750797948","A2":"서울 관악구 남부순환로188길 12(신림동) 신림지구대","A3":"서울 관악구 신림동 10-484","A4":"1162010200100100484","A5":"149","A6":"서울청","A7":"서울관악","A8":"신림","A9":"지구대","A10":"02-870-0830","A11":"서울특별시 관악구  남부순환로188길 12 신림지구대"}},
{"type":"Feature","geometry":{"type":"Point","coordinates":[231501.4864,249927.3413]},"properties":{"A0":"127.34442749270721","A1":"34.84476499940638","A2":"전남 보성군 벌교읍 채동선로 254","A3":"전남 보성군 벌교읍 벌교리 872","A4":"4678025321108720000","A5":"1521","A6":"전남청","A7":"보성","A8":"벌교","A9":"파출소","A10":"061-857-0112","A11":"전라남도 보성군 벌교읍 채동선로 254"}},
{"type":"Feature","geometry":{"type":"Point","coordinates":[222430.4273,245756.2141]},"properties":{"A0":"127.2451370667792","A1":"34.807406815173366","A2":"전남 보성군 조성면 조성로 95","A3":"전남 보성군 조성면 조성리 898","A4":"4678037021108980000","A5":"1522","A6":"전남청","A7":"보성","A8":"조성","A9":"파출소","A10":"061-857-9112","A11":"전라남도 보성군 조성면 조성로 95"}},
{"type":"Feature","geometry":{"type":"Point","coordinates":[212095.9561,255180.444]},"properties":{"A0":"127.13233023437789","A1":"34.89253204154629","A2":"전남 보성군 복내면 송재로 1812","A3":"전남 보성군 복내면 복내리 152-33","A4":"4678035021101520033","A5":"1523","A6":"전남청","A7":"보성","A8":"복내","A9":"파출소","A10":"061-852-5112","A11":"전라남도 보성군 복내면 송재로 1812"}},
{"type":"Feature","geometry":{"type":"Point","coordinates":[213980.1853,248118.0393]},"properties":{"A0":"127.15282607007533","A1":"34.828847720561974","A2":"전남 보성군 겸백면 충의로 2466","A3":"전남 보성군 겸백면 석호리 460-3","A4":"4678033021104600003","A5":"1524","A6":"전남청","A7":"보성","A8":"겸백","A9":"파출소","A10":"061-853-6112","A11":"전라남도 보성군 겸백면 충의로 2466"}},
{"type":"Feature","geometry":{"type":"Point","coordinates":[155108.0268,297783.2947]},"properties":{"A0":"126.50658077726641","A1":"35.27560773691761","A2":"전남 영광군 영광읍 천년로13길 29","A3":"전남 영광군 영광읍 남천리 118-9","A4":"4687025023101180009","A5":"1525","A6":"전남청","A7":"영광","A8":"읍내","A9":"지구대","A10":"061-353-0113","A11":"전라남도 영광군 영광읍 천년로13길 29"}},
{"type":"Feature","geometry":{"type":"Point","coordinates":[121322.8847,289818.6633]},"properties":{"A0":"126.13603103784735","A1":"35.20174276205063","A2":"전남 영광군 낙월면 낙월길 78-2","A3":"전남 영광군 낙월면 상낙월리산 443-1","A4":"4687038021204430001","A5":"1526","A6":"전남청","A7":"영광","A8":"낙월","A9":"파출소","A10":"061-352-3312","A11":"전라남도 영광군 낙월면 낙월길 78-2"}},
{"type":"Feature","geometry":{"type":"Point","coordinates":[147606.6902,298412.4353]},"properties":{"A0":"126.42409436876727","A1":"35.280912803256996","A2":"전남 영광군 백수읍 백수로10길 53","A3":"전남 영광군 백수읍 죽사리 412-2","A4":"4687025327104120002","A5":"1527","A6":"전남청","A7":"영광","A8":"백수","A9":"파출소","A10":"061-352-7112","A11":"전라남도 영광군 백수읍 백수로10길 53"}},
{"type":"Feature","geometry":{"type":"Point","coordinates":[143197.4277,291536.9736]},"properties":{"A0":"126.37610562727387","A1":"35.21870573573164","A2":"전남 영광군 염산면 천년로1길 53","A3":"전남 영광군 염산면 봉남리 18-4","A4":"4687036023100180004","A5":"1528","A6":"전남청","A7":"영광","A8":"염산","A9":"파출소","A10":"061-352-9112","A11":"전라남도 영광군 염산면 천년로1길 53"}},
{"type":"Feature","geometry":{"type":"Point","coordinates":[150054.9741,294044.7894]},"properties":{"A0":"126.45127067209543","A1":"35.24167326715839","A2":"전남 영광군 군남면 천년로 837","A3":"전남 영광군 군남면 포천리 384-43","A4":"4687035021103840043","A5":"1529","A6":"전남청","A7":"영광","A8":"군남","A9":"파출소","A10":"061-352-5112","A11":"전라남도 영광군 군남면 천년로 837"}},
{"type":"Feature","geometry":{"type":"Point","coordinates":[149291.4092,307291.1505]},"properties":{"A0":"126.44206305605492","A1":"35.36102377472154","A2":"전남 영광군 법성면 법성포로1길 25-18","A3":"전남 영광군 법성면 법성리 1213-1","A4":"4687037022112130001","A5":"1530","A6":"전남청","A7":"영광","A8":"법성","A9":"파출소","A10":"061-356-0113","A11":"전라남도 영광군 법성면 법성포로1길 25-18"}},
{"type":"Feature","geometry":{"type":"Point","coordinates":[194277.2509,541608.4558]},"properties":{"A0":"126.93530397953165","A1":"37.47389203513154","A2":"서울 관악구 신림로 178(신림동) 관악산지구대","A3":"서울 관악구 신림동 808-402","A4":"1162010200108080402","A5":"150","A6":"서울청","A7":"서울관악","A8":"관악산","A9":"지구대","A10":"02-870-0840","A11":"서울특별시 관악구  신림로 178 관악산지구대"}},
{"type":"Feature","geometry":{"type":"Point","coordinates":[149599.902,311110.5028]},"properties":{"A0":"126.44522335286615","A1":"35.39546276881208","A2":"전남 영광군 홍농읍 상하길 41","A3":"전남 영광군 홍농읍 상하리 266-4","A4":"4687025621102660004","A5":"1531","A6":"전남청","A7":"영광","A8":"홍농","A9":"파출소","A10":"061-356-0112","A11":"전라남도 영광군 홍농읍 상하길41"}},
{"type":"Feature","geometry":{"type":"Point","coordinates":[161699.2035,300618.2471]},"properties":{"A0":"126.57889202078906","A1":"35.30143344722563","A2":"전남 영광군 대마면 영장로 253","A3":"전남 영광군 대마면 월산리 392-5","A4":"4687031021103920005","A5":"1532","A6":"전남청","A7":"영광","A8":"대마","A9":"파출소","A10":"061-352-4112","A11":"전라남도 영광군 대마면 영장로 253"}},
{"type":"Feature","geometry":{"type":"Point","coordinates":[199386.4585,273119.2819]},"properties":{"A0":"126.99327459828409","A1":"35.05430252579018","A2":"전남 화순군 화순읍 충의로 152","A3":"전남 화순군 화순읍 광덕리 188","A4":"4679025030101880000","A5":"1533","A6":"전남청","A7":"화순","A8":"읍내","A9":"지구대","A10":"061-379-4301","A11":"전라남도 화순군 화순읍 충의로 152"}},
{"type":"Feature","geometry":{"type":"Point","coordinates":[192420.5074,266826.2063]},"properties":{"A0":"126.9169743119364","A1":"34.99754969043085","A2":"전남 화순군 도곡면 지석로 1108","A3":"전남 화순군 도곡면 효산리 712-5","A4":"4679036022107120005","A5":"1534","A6":"전남청","A7":"화순","A8":"도곡","A9":"파출소","A10":"061-372-4112","A11":"전라남도 화순군 도곡면 지석로 1108"}},
{"type":"Feature","geometry":{"type":"Point","coordinates":[208585.2675,267957.4078]},"properties":{"A0":"127.09405414489808","A1":"35.007738232049675","A2":"전남 화순군 사평면 사호로 213","A3":"전남 화순군 사평면 사평리 328-1","A4":"4679041521103280001","A5":"1535","A6":"전남청","A7":"화순","A8":"사평","A9":"파출소","A10":"061-379-4313","A11":"전라남도 화순군 남면 사호로 213"}},
{"type":"Feature","geometry":{"type":"Point","coordinates":[196390.6837,265998.3249]},"properties":{"A0":"126.96046715586607","A1":"34.99010938422762","A2":"전남 화순군 능주면 관동길 19","A3":"전남 화순군 능주면 관영리 98-5","A4":"4679035026100980005","A5":"1536","A6":"전남청","A7":"화순","A8":"능주","A9":"파출소","A10":"061-372-1112","A11":"전라남도 화순군 능주면 관동길 19"}},
{"type":"Feature","geometry":{"type":"Point","coordinates":[196521.1612,272870.7725]},"properties":{"A0":"126.96186750938898","A1":"35.052056701964034","A2":"전남 화순군 화순읍 오성로 488","A3":"전남 화순군 화순읍 벽라리 502-4","A4":"4679025035105020004","A5":"1537","A6":"전남청","A7":"화순","A8":"역전","A9":"파출소","A10":"061-379-4145","A11":"전라남도 화순군 화순읍 오성로 488"}},
{"type":"Feature","geometry":{"type":"Point","coordinates":[211644.0224,274929.7351]},"properties":{"A0":"127.12766196790423","A1":"35.07055447661558","A2":"전남 화순군 동복면 오지호로 285","A3":"전남 화순군 동복면 천변리 161-1","A4":"4679040023101610001","A5":"1538","A6":"전남청","A7":"화순","A8":"동복","A9":"파출소","A10":"061-379-4157","A11":"전라남도 화순군 동복면 오지호로 285"}},
{"type":"Feature","geometry":{"type":"Point","coordinates":[203721.8027,270486.8246]},"properties":{"A0":"127.04078495290821","A1":"35.03056756569501","A2":"전남 화순군 동면 충의로 773","A3":"전남 화순군 동면 장동리 345","A4":"4679042032103450000","A5":"1539","A6":"전남청","A7":"화순","A8":"동면","A9":"파출소","A10":"061-379-4153","A11":"전라남도 화순군 동면 충의로 773"}},
{"type":"Feature","geometry":{"type":"Point","coordinates":[199015.7561,255072.6412]},"properties":{"A0":"126.98923245018257","A1":"34.891632069609926","A2":"전남 화순군 이양면 이양로 133","A3":"전남 화순군 이양면 오류리 660-2","A4":"4679034028106600002","A5":"1540","A6":"전남청","A7":"화순","A8":"이양","A9":"파출소","A10":"061-379-4151","A11":"전라남도 화순군 이양면 이양로 133"}},
{"type":"Feature","geometry":{"type":"Point","coordinates":[195128.1905,543327.3326]},"properties":{"A0":"126.94491299768785","A1":"37.489383770396486","A2":"서울 관악구 은천로 93(봉천동, 벽산블루밍아파트)","A3":"서울 관악구 봉천동 1718","A4":"1162010100117180000","A5":"151","A6":"서울청","A7":"서울관악","A8":"구암","A9":"지구대","A10":"02-870-0850","A11":"서울특별시 관악구 은천로 93"}},
{"type":"Feature","geometry":{"type":"Point","coordinates":[157820.5755,269012.0335]},"properties":{"A0":"126.53786230614989","A1":"35.016400471799074","A2":"전남 함평군 학교면 닻빼기길 2","A3":"전남 함평군 학교면 학교리 471-2","A4":"4686033026104710002","A5":"1541","A6":"전남청","A7":"함평","A8":"남부","A9":"파출소","A10":"061-322-6112","A11":"전라남도 함평군 학교면 닻빼기길 2"}},
{"type":"Feature","geometry":{"type":"Point","coordinates":[156812.6874,273664.9802]},"properties":{"A0":"126.52657819491205","A1":"35.058297098117656","A2":"전남 함평군 함평읍 함장로 1202-16","A3":"전남 함평군 함평읍 기각리 151-4","A4":"4686025022101510004","A5":"1542","A6":"전남청","A7":"함평","A8":"읍내","A9":"파출소","A10":"061-322-0112","A11":"전라남도 함평군 함평읍 함장로 1202-16"}},
{"type":"Feature","geometry":{"type":"Point","coordinates":[157229.5501,274784.8529]},"properties":{"A0":"126.53108943019525","A1":"35.06840931284268","A2":"전남 함평군 대동면 대동길 5-8","A3":"전남 함평군 대동면 향교리 863-3","A4":"4686035026108630003","A5":"1543","A6":"전남청","A7":"함평","A8":"대동","A9":"파출소","A10":"061-322-1112","A11":"전라남도 함평군 대동면 대동길 5-8"}},
{"type":"Feature","geometry":{"type":"Point","coordinates":[163679.543,287359.3763]},"properties":{"A0":"126.60124981350428","A1":"35.18200144553378","A2":"전남 함평군 해보면 밀재로 1255","A3":"전남 함평군 해보면 금덕리 364-1","A4":"4686037025103640001","A5":"1544","A6":"전남청","A7":"함평","A8":"해보","A9":"파출소","A10":"061-323-0112","A11":"전라남도 함평군 해보면 밀재로 1255"}},
{"type":"Feature","geometry":{"type":"Point","coordinates":[166462.0452,287022.7743]},"properties":{"A0":"126.63181138958663","A1":"35.17906446672708","A2":"전남 함평군 월야면 밀재로 1551","A3":"전남 함평군 월야면 월야리 1115","A4":"4686038025111150000","A5":"1545","A6":"전남청","A7":"함평","A8":"월야","A9":"파출소","A10":"061-323-1112","A11":"전라남도 함평군 월야면 밀재로 1551"}},
{"type":"Feature","geometry":{"type":"Point","coordinates":[164421.4244,279705.4351]},"properties":{"A0":"126.60972387331415","A1":"35.11303965412804","A2":"전남 함평군 나산면 나산길 84","A3":"전남 함평군 나산면 삼축리 334-1","A4":"4686036021103340001","A5":"1546","A6":"전남청","A7":"함평","A8":"나산","A9":"파출소","A10":"061-322-8112","A11":"전라남도 함평군 나산면 나산길 84"}},
{"type":"Feature","geometry":{"type":"Point","coordinates":[148334.2913,282989.3941]},"properties":{"A0":"126.43305923050342","A1":"35.14194265192178","A2":"전남 함평군 손불면 손무로 734","A3":"전남 함평군 손불면 대전리 189-3","A4":"4686031025101890003","A5":"1547","A6":"전남청","A7":"함평","A8":"서부","A9":"파출소","A10":"061-322-4112","A11":"전라남도 함평군 손불면 손무로 734"}},
{"type":"Feature","geometry":{"type":"Point","coordinates":[150218.5589,240085.8712]},"properties":{"A0":"126.45629441925718","A1":"34.755326558651646","A2":"전남 영암군 삼호읍 대불주거로 188","A3":"전남 영암군 삼호읍 용앙리 1665-9","A4":"4683025326116650009","A5":"1548","A6":"전남청","A7":"영암","A8":"삼호","A9":"지구대","A10":"061-462-6112","A11":"전라남도 영암군 삼호읍 대불주거로 188"}},
{"type":"Feature","geometry":{"type":"Point","coordinates":[171913.7893,255000.9097]},"properties":{"A0":"126.69274347522787","A1":"34.89059764611946","A2":"전남 영암군 신북면 간은정로 35","A3":"전남 영암군 신북면 월평리 249-3","A4":"4683033030102490003","A5":"1549","A6":"전남청","A7":"영암","A8":"신북","A9":"파출소","A10":"061-472-9112","A11":"전라남도 영암군 신북면 간은정로 35"}},
{"type":"Feature","geometry":{"type":"Point","coordinates":[164403.8035,252625.8703]},"properties":{"A0":"126.61068852345838","A1":"34.86895437683541","A2":"전남 영암군 시종면 고분로 11","A3":"전남 영암군 시종면 만수리 914-8","A4":"4683034027109140008","A5":"1550","A6":"전남청","A7":"영암","A8":"시종","A9":"파출소","A10":"061-472-8112","A11":"전라남도 영암군 시종면 고분로 11"}},
{"type":"Feature","geometry":{"type":"Point","coordinates":[198045.9781,541677.7951]},"properties":{"A0":"126.97790954032065","A1":"37.474532516932626","A2":"서울 관악구 남현1가길 29(남현동) 남현파출소","A3":"서울 관악구 남현동 1086-1","A4":"1162010300110860001","A5":"152","A6":"서울청","A7":"서울관악","A8":"남현","A9":"파출소","A10":"02-870-0890","A11":"서울특별시 관악구  남현1가길 29 남현파출소"}},
{"type":"Feature","geometry":{"type":"Point","coordinates":[172610.1822,245362.6391]},"properties":{"A0":"126.70067645964397","A1":"34.80373787210368","A2":"전남 영암군 영암읍 낭주로 178","A3":"전남 영암군 영암읍 역리 127-7","A4":"4683025026101270007","A5":"1551","A6":"전남청","A7":"영암","A8":"읍내","A9":"파출소","A10":"061-473-2112","A11":"전라남도 영암군 영암읍 낭주로 178"}},
{"type":"Feature","geometry":{"type":"Point","coordinates":[166274.1213,240747.5912]},"properties":{"A0":"126.63161962787862","A1":"34.761947951359986","A2":"전남 영암군 군서면 왕인로 497","A3":"전남 영암군 군서면 동구림리 51-14","A4":"4683036028100510014","A5":"1552","A6":"전남청","A7":"영암","A8":"군서","A9":"파출소","A10":"061-472-0112","A11":"전라남도 영암군 군서면 왕인로 497"}},
{"type":"Feature","geometry":{"type":"Point","coordinates":[160429.6755,236791.7303]},"properties":{"A0":"126.56797024357526","A1":"34.72608014307987","A2":"전남 영암군 학산면 영산로 28","A3":"전남 영암군 학산면 독천리 142","A4":"4683038027101420000","A5":"1553","A6":"전남청","A7":"영암","A8":"학산","A9":"파출소","A10":"061-472-4112","A11":"전라남도 영암군 학산면 영산로 28"}},
{"type":"Feature","geometry":{"type":"Point","coordinates":[182884.3397,294345.4998]},"properties":{"A0":"126.81194682683591","A1":"35.245482060187165","A2":"전남 장성군 남면 못재로 93","A3":"전남 장성군 남면 분향리 358-4","A4":"4688032021103580004","A5":"1554","A6":"전남청","A7":"장성","A8":"진남","A9":"파출소","A10":"061-392-3112","A11":"전라남도 장성군 남면 못재로 93"}},
{"type":"Feature","geometry":{"type":"Point","coordinates":[182764.8946,314919.5789]},"properties":{"A0":"126.81020089842926","A1":"35.43091941283661","A2":"전남 장성군 북이면 갈재로 3","A3":"전남 장성군 북이면 사거리 615-1","A4":"4688039021106150001","A5":"1555","A6":"전남청","A7":"장성","A8":"북이","A9":"파출소","A10":"061-393-8113","A11":"전라남도 장성군 북이면 갈재로 3"}},
{"type":"Feature","geometry":{"type":"Point","coordinates":[182444.8057,308761.4327]},"properties":{"A0":"126.80680853033105","A1":"35.37540927630772","A2":"전남 장성군 북일면 신흥로 410","A3":"전남 장성군 북일면 신흥리 203-6","A4":"4688038021102030006","A5":"1556","A6":"전남청","A7":"장성","A8":"북일","A9":"파출소","A10":"061-393-1112","A11":"전라남도 장성군 북일면 신흥로 410"}},
{"type":"Feature","geometry":{"type":"Point","coordinates":[180047.2817,300319.4614]},"properties":{"A0":"126.78063000450845","A1":"35.29927474213811","A2":"전남 장성군 장성읍 역전로 80","A3":"전남 장성군 장성읍 영천리 1273-295","A4":"4688025024112730295","A5":"1557","A6":"전남청","A7":"장성","A8":"읍내","A9":"파출소","A10":"061-393-2361","A11":"전라남도 장성군 장성읍 역전로 80"}},
{"type":"Feature","geometry":{"type":"Point","coordinates":[169573.1477,295895.4542]},"properties":{"A0":"126.66563816525024","A1":"35.259135516619935","A2":"전남 장성군 삼계면 사창로 58","A3":"전남 장성군 삼계면 사창리 396","A4":"4688035021103960000","A5":"1558","A6":"전남청","A7":"장성","A8":"삼계","A9":"파출소","A10":"061-394-1112","A11":"전라남도 장성군 삼계면 사창로 58"}},
{"type":"Feature","geometry":{"type":"Point","coordinates":[167890.3363,293223.0097]},"properties":{"A0":"126.64724968663857","A1":"35.23499577873774","A2":"전남 장성군 삼서면 해삼로 1163","A3":"전남 장성군 삼서면 대곡리 779-3","A4":"4688034021107790003","A5":"1559","A6":"전남청","A7":"장성","A8":"삼서","A9":"파출소","A10":"061-394-2112","A11":"전라남도 장성군 삼서면 해삼로 1163"}},
{"type":"Feature","geometry":{"type":"Point","coordinates":[189285.7031,312304.0271]},"properties":{"A0":"126.88204449077564","A1":"35.40743632892722","A2":"전남 장성군 북하면 백양로 896","A3":"전남 장성군 북하면 약수리 387-2","A4":"4688040025103870002","A5":"1560","A6":"전남청","A7":"장성","A8":"북하","A9":"파출소","A10":"061-392-7223","A11":"전라남도 장성군 북하면 백양로 896"}},
{"type":"Feature","geometry":{"type":"Point","coordinates":[196660.4469,552477.2288]},"properties":{"A0":"126.96219687183401","A1":"37.57183164563632","A2":"서울 종로구 송월길 152(행촌동)","A3":"서울 종로구 행촌동 211-3","A4":"1111018100102110003","A5":"16","A6":"서울청","A7":"서울종로","A8":"교남","A9":"파출소","A10":"02-3701-4310","A11":"서울특별시 종로구  송월길 152"}},
{"type":"Feature","geometry":{"type":"Point","coordinates":[192855.499,540195.4885]},"properties":{"A0":"126.9192449555352","A1":"37.46115119003328","A2":"서울 관악구 난곡로 64(신림동) 난우파출소","A3":"서울 관악구 신림동 1735-6","A4":"1162010200117350006","A5":"153","A6":"서울청","A7":"서울관악","A8":"난우","A9":"파출소","A10":"02-870-0860","A11":"서울특별시 관악구  난곡로64 난우파출소"}},
{"type":"Feature","geometry":{"type":"Point","coordinates":[179419.0987,226850.1855]},"properties":{"A0":"126.77553707180499","A1":"34.63702355931281","A2":"전남 강진군 강진읍 목리길 20","A3":"전남 강진군 강진읍 동성리 63-25","A4":"4681025021100630025","A5":"1561","A6":"전남청","A7":"강진","A8":"읍내","A9":"지구대","A10":"061-432-0113","A11":"전라남도 강진군 강진읍 목리길 20"}},
{"type":"Feature","geometry":{"type":"Point","coordinates":[175040.7693,216604.5621]},"properties":{"A0":"126.72808682397684","A1":"34.54456839973112","A2":"전남 강진군 도암면 도암중앙로 51-1","A3":"전남 강진군 도암면 항촌리 1082-4","A4":"4681034030110820004","A5":"1562","A6":"전남청","A7":"강진","A8":"도암","A9":"파출소","A10":"061-432-0112","A11":"전라남도 강진군 도암면 도암중앙로 51-1"}},
{"type":"Feature","geometry":{"type":"Point","coordinates":[179122.0408,234289.0787]},"properties":{"A0":"126.77211370709529","A1":"34.70407376843099","A2":"전남 강진군 작천면 평리길 58","A3":"전남 강진군 작천면 평리 276-1","A4":"4681037032102760001","A5":"1563","A6":"전남청","A7":"강진","A8":"작천","A9":"파출소","A10":"061-432-6112","A11":"전라남도 강진군 작천면 평리길 58"}},
{"type":"Feature","geometry":{"type":"Point","coordinates":[173258.9888,232869.2992]},"properties":{"A0":"126.70816313923382","A1":"34.691139004118156","A2":"전남 강진군 성전면 별뫼로 382","A3":"전남 강진군 성전면 월평리 35-8","A4":"4681036024100350008","A5":"1564","A6":"전남청","A7":"강진","A8":"성전","A9":"파출소","A10":"061-432-5112","A11":"전라남도 강진군 성전면 별뫼로 382"}},
{"type":"Feature","geometry":{"type":"Point","coordinates":[181526.0639,219674.81]},"properties":{"A0":"126.79867246180316","A1":"34.572382229423795","A2":"전남 강진군 칠량면 칠량로 72","A3":"전남 강진군 칠량면 영동리 1137-16","A4":"4681032023111370016","A5":"1565","A6":"전남청","A7":"강진","A8":"칠량","A9":"파출소","A10":"061-432-7112","A11":"전라남도 강진군 칠량면 칠량로 72"}},
{"type":"Feature","geometry":{"type":"Point","coordinates":[183126.4993,206359.4827]},"properties":{"A0":"126.8163772888727","A1":"34.45237857870329","A2":"전남 강진군 마량면 마량3길 5","A3":"전남 강진군 마량면 마량리 789","A4":"4681040024107890000","A5":"1566","A6":"전남청","A7":"강진","A8":"마량","A9":"파출소","A10":"061-432-2112","A11":"전라남도 강진군 마량면 마량3길 5"}},
{"type":"Feature","geometry":{"type":"Point","coordinates":[183141.0544,227729.6373]},"properties":{"A0":"126.81611240851015","A1":"34.645019171067304","A2":"전남 강진군 군동면 진흥로 325","A3":"전남 강진군 군동면 라천리 1178-4","A4":"4681031023111780004","A5":"1567","A6":"전남청","A7":"강진","A8":"군동","A9":"파출소","A10":"061-433-5112","A11":"전라남도 강진군 군동면 진흥로 325"}},
{"type":"Feature","geometry":{"type":"Point","coordinates":[202401.8278,305267.0755]},"properties":{"A0":"127.0264214611048","A1":"35.34406518988593","A2":"전남 담양군 금성면 석현길 10-9","A3":"전남 담양군 금성면 석현리 77-5","A4":"4671037022100770005","A5":"1568","A6":"전남청","A7":"담양","A8":"금성","A9":"파출소","A10":"061-382-4112","A11":"전라남도 담양군 금성면 석현길 10-9"}},
{"type":"Feature","geometry":{"type":"Point","coordinates":[189847.7262,297805.9355]},"properties":{"A0":"126.88841169265311","A1":"35.27676655052635","A2":"전남 담양군 대전면 대전로 4","A3":"전남 담양군 대전면 대치리 864-3","A4":"4671041021108640003","A5":"1569","A6":"전남청","A7":"담양","A8":"대전","A9":"파출소","A10":"061-382-5112","A11":"전라남도 담양군 대전면 대전로 4"}},
{"type":"Feature","geometry":{"type":"Point","coordinates":[193613.0967,300591.5322]},"properties":{"A0":"126.92977681726703","A1":"35.301905528890316","A2":"전남 담양군 수북면 추성1로 715","A3":"전남 담양군 수북면 수북리 134","A4":"4671040034101340000","A5":"1570","A6":"전남청","A7":"담양","A8":"수북","A9":"파출소","A10":"061-382-7112","A11":"전라남도 담양군 수북면 추성1로 715"}},
{"type":"Feature","geometry":{"type":"Point","coordinates":[192530.8255,542318.5647]},"properties":{"A0":"126.91555361101292","A1":"37.48027772220621","A2":"서울 관악구 난곡로64가길 31(신림동)","A3":"서울 관악구 신림동 1566-34","A4":"1162010200115660034","A5":"154","A6":"서울청","A7":"서울관악","A8":"미성","A9":"파출소","A10":"02-870-0870","A11":"서울특별시 관악구  난곡로64가길 31"}},
{"type":"Feature","geometry":{"type":"Point","coordinates":[197520.9889,291867.8269]},"properties":{"A0":"126.97276993954077","A1":"35.223292044420106","A2":"전남 담양군 고서면 가사문학로 320","A3":"전남 담양군 고서면 동운리 1622","A4":"4671032029116220000","A5":"1571","A6":"전남청","A7":"담양","A8":"고서","A9":"파출소","A10":"061-382-3112","A11":"전라남도 담양군 고서면 가사문학로 320"}},
{"type":"Feature","geometry":{"type":"Point","coordinates":[201657.9551,293623.31]},"properties":{"A0":"127.01821490960407","A1":"35.2391167943492","A2":"전남 담양군 창평면 의병로 164","A3":"전남 담양군 창평면 창평리 74-1","A4":"4671034021100740001","A5":"1572","A6":"전남청","A7":"담양","A8":"창평","A9":"파출소","A10":"061-382-8112","A11":"전라남도 담양군 창평면 의병로 164"}},
{"type":"Feature","geometry":{"type":"Point","coordinates":[198400.7684,302562.9037]},"properties":{"A0":"126.98241282897865","A1":"35.31969313969496","A2":"전남 담양군 담양읍 중앙로 73","A3":"전남 담양군 담양읍 천변리 2-1","A4":"4671025022100020001","A5":"1573","A6":"전남청","A7":"담양","A8":"중앙","A9":"파출소","A10":"061-381-2100","A11":"전라남도 담양군 담양읍 중앙로 73"}},
{"type":"Feature","geometry":{"type":"Point","coordinates":[226601.0462,298162.2546]},"properties":{"A0":"127.29239444664051","A1":"35.27967616422761","A2":"전남 곡성군 곡성읍 중앙로 84-1","A3":"전남 곡성군 곡성읍 읍내리 313-1","A4":"4672025021103130001","A5":"1574","A6":"전남청","A7":"곡성","A8":"읍내","A9":"파출소","A10":"061-363-3116","A11":"전라남도 곡성군 곡성읍 중앙로 84-1"}},
{"type":"Feature","geometry":{"type":"Point","coordinates":[223112.6609,281829.6953]},"properties":{"A0":"127.25359286477718","A1":"35.13255040390071","A2":"전남 곡성군 석곡면 석곡로 61","A3":"전남 곡성군 석곡면 석곡리 67-1","A4":"4672033021100670001","A5":"1575","A6":"전남청","A7":"곡성","A8":"석곡","A9":"파출소","A10":"061-362-3112","A11":"전라남도 곡성군 석곡면 석곡로 61"}},
{"type":"Feature","geometry":{"type":"Point","coordinates":[218549.5007,300104.4131]},"properties":{"A0":"127.2039375381357","A1":"35.29736336117452","A2":"전남 곡성군 입면 입면로 695","A3":"전남 곡성군 입면 매월리 583-4","A4":"4672038021105830004","A5":"1576","A6":"전남청","A7":"곡성","A8":"입면","A9":"파출소","A10":"061-362-6112","A11":"전라남도 곡성군 입면 입면로 695"}},
{"type":"Feature","geometry":{"type":"Point","coordinates":[219209.8759,293165.2896]},"properties":{"A0":"127.21103568230711","A1":"35.23480580831048","A2":"전남 곡성군 삼기면 곡순로 1425","A3":"전남 곡성군 삼기면 원등리 275","A4":"4672032021102750000","A5":"1577","A6":"전남청","A7":"곡성","A8":"삼기","A9":"파출소","A10":"061-362-2112","A11":"전라남도 곡성군 삼기면 곡순로 1425"}},
{"type":"Feature","geometry":{"type":"Point","coordinates":[212391.7647,297793.8272]},"properties":{"A0":"127.13620331208297","A1":"35.27663221307529","A2":"전남 곡성군 옥과면 대학로 153","A3":"전남 곡성군 옥과면 옥과리 91-1","A4":"4672037021100910001","A5":"1578","A6":"전남청","A7":"곡성","A8":"옥과","A9":"파출소","A10":"061-362-5112","A11":"전라남도 곡성군 옥과면 대학로 153"}},
{"type":"Feature","geometry":{"type":"Point","coordinates":[228524.4659,297417.7817]},"properties":{"A0":"127.31351014838984","A1":"35.2729132241692","A2":"전남 곡성군 오곡면 기차마을로 161","A3":"전남 곡성군 오곡면 오지리 909-1","A4":"4672031021109090001","A5":"1579","A6":"전남청","A7":"곡성","A8":"오곡","A9":"파출소","A10":"061-363-3117","A11":"전라남도 곡성군 오곡면 기차마을로 161"}},
{"type":"Feature","geometry":{"type":"Point","coordinates":[229142.5784,283890.469]},"properties":{"A0":"127.31982513306451","A1":"35.15096893229642","A2":"전남 곡성군 죽곡면 오죽로 20-3","A3":"전남 곡성군 죽곡면 태평리 401","A4":"4672035021104010000","A5":"1580","A6":"전남청","A7":"곡성","A8":"죽곡","A9":"파출소","A10":"061-362-4612","A11":"전라남도 곡성군 죽곡면 오죽로 20-3"}},
{"type":"Feature","geometry":{"type":"Point","coordinates":[192413.8973,543100.9489]},"properties":{"A0":"126.91422355593926","A1":"37.487326159798826","A2":"서울 관악구 신사로 106(신림동)","A3":"서울 관악구 신림동 517-5","A4":"1162010200105170005","A5":"155","A6":"서울청","A7":"서울관악","A8":"신사","A9":"지구대","A10":"02-870-0880","A11":"서울특별시 관악구  신사로 106"}},
{"type":"Feature","geometry":{"type":"Point","coordinates":[176231.5768,191360.592]},"properties":{"A0":"126.74176117021935","A1":"34.317033395757626","A2":"전남 완도군 완도읍 개포로 113","A3":"전남 완도군 완도읍 군내리 1256-12","A4":"4689025021112560012","A5":"1581","A6":"전남청","A7":"완도","A8":"읍내","A9":"지구대","A10":"061-552-1112","A11":"전라남도 완도군 완도읍 개포로 113"}},
{"type":"Feature","geometry":{"type":"Point","coordinates":[167740.8144,199516.9919]},"properties":{"A0":"126.64920526023175","A1":"34.39033068739022","A2":"전남 완도군 군외면 원동1길 66","A3":"전남 완도군 군외면 원동리 77-8","A4":"4689031024100770008","A5":"1582","A6":"전남청","A7":"완도","A8":"군외","A9":"파출소","A10":"061-552-6112","A11":"전라남도 완도군 군외면 청해진서로2100번길 66"}},
{"type":"Feature","geometry":{"type":"Point","coordinates":[202723.6521,194831.6833]},"properties":{"A0":"127.02960308045476","A1":"34.34859296997887","A2":"전남 완도군 금일읍 감목1길 7-5","A3":"전남 완도군 금일읍 화목리 146-6","A4":"4689025321101460006","A5":"1583","A6":"전남청","A7":"완도","A8":"금일","A9":"파출소","A10":"061-553-2112","A11":"전라남도 완도군 금일읍 금일로390번길 7-5"}},
{"type":"Feature","geometry":{"type":"Point","coordinates":[159867.1425,175024.0994]},"properties":{"A0":"126.56472668720554","A1":"34.16926133862557","A2":"전남 완도군 보길면 보길로 1-1","A3":"전남 완도군 보길면 부황리 10","A4":"4689038023100100000","A5":"1584","A6":"전남청","A7":"완도","A8":"보길","A9":"파출소","A10":"061-553-7112","A11":"전라남도 완도군 보길면 보길동로 보길로 1-1"}},
{"type":"Feature","geometry":{"type":"Point","coordinates":[186946.3893,176164.6031]},"properties":{"A0":"126.85840417662928","A1":"34.18023255595532","A2":"전남 완도군 청산면 도청4길 17","A3":"전남 완도군 청산면 도청리 1140-5","A4":"4689035021111400005","A5":"1585","A6":"전남청","A7":"완도","A8":"청산","A9":"파출소","A10":"061-552-9112","A11":"전라남도 완도군 청산면 도청4길 17"}},
{"type":"Feature","geometry":{"type":"Point","coordinates":[167861.6722,175463.2815]},"properties":{"A0":"126.65141578458503","A1":"34.17349735756726","A2":"전남 완도군 소안면 비자39번길 33","A3":"전남 완도군 소안면 비자리 1178-1","A4":"4689036021111780001","A5":"1586","A6":"전남청","A7":"완도","A8":"소안","A9":"파출소","A10":"061-553-8112","A11":"전라남도 완도군 소안면 비자39번길 33"}},
{"type":"Feature","geometry":{"type":"Point","coordinates":[206616.8871,203821.3517]},"properties":{"A0":"127.07198749263958","A1":"34.429614974425526","A2":"전남 완도군 금당면 울포1길 3-10","A3":"전남 완도군 금당면 차우리 5-2","A4":"4689037021100050002","A5":"1587","A6":"전남청","A7":"완도","A8":"금당","A9":"파출소","A10":"061-844-0112","A11":"전라남도 완도군 금당면 차우30번길 3-10"}},
{"type":"Feature","geometry":{"type":"Point","coordinates":[190644.6161,199829.3613]},"properties":{"A0":"126.89826299488806","A1":"34.39360715535959","A2":"전남 완도군 약산면 약산로 367","A3":"전남 완도군 약산면 장용리 916-1","A4":"4689034021109160001","A5":"1588","A6":"전남청","A7":"완도","A8":"약산","A9":"파출소","A10":"061-553-9112","A11":"전라남도 완도군 약산면 약산로 367"}},
{"type":"Feature","geometry":{"type":"Point","coordinates":[181756.4171,200079.2276]},"properties":{"A0":"126.8016014834597","A1":"34.3957410784257","A2":"전남 완도군 고금면 고금동로2번길 16","A3":"전남 완도군 고금면 농상리 440-4","A4":"4689033021104400004","A5":"1589","A6":"전남청","A7":"완도","A8":"고금","A9":"파출소","A10":"061-553-0113","A11":"전라남도 완도군 고금면 고금동로2번길 16"}},
{"type":"Feature","geometry":{"type":"Point","coordinates":[184063.5095,193224.3388]},"properties":{"A0":"126.82681831280735","A1":"34.33398415256762","A2":"전남 완도군 신지면 신지로 551","A3":"전남 완도군 신지면 대곡리 1788-1","A4":"4689032022117880001","A5":"1590","A6":"전남청","A7":"완도","A8":"신지","A9":"파출소","A10":"061-552-7112","A11":"전라남도 완도군 신지면 신지로 551"}},
{"type":"Feature","geometry":{"type":"Point","coordinates":[186752.0031,550221.7816]},"properties":{"A0":"126.85007649933401","A1":"37.55142108006551","A2":"서울 강서구 화곡로 308(화곡동, 서울강서경찰서)","A3":"서울 강서구 화곡동 980-27","A4":"1150010300109800027","A5":"156","A6":"서울청","A7":"서울강서","A8":"화곡","A9":"지구대","A10":"02-2604-0087","A11":"서울특별시 강서구  화곡로 308"}},
{"type":"Feature","geometry":{"type":"Point","coordinates":[160367.485,175962.3152]},"properties":{"A0":"126.57010979943016","A1":"34.17773841905508","A2":"전남 완도군 노화읍 이목길 29-9","A3":"전남 완도군 노화읍 이포리 695-2","A4":"4689025621106950002","A5":"1591","A6":"전남청","A7":"완도","A8":"노화","A9":"파출소","A10":"061-553-5112","A11":"전라남도 완도군 노화읍 이목길 29-9"}},
{"type":"Feature","geometry":{"type":"Point","coordinates":[112596.104,189701.2923]},"properties":{"A0":"126.05059499566394","A1":"34.29866730341169","A2":"전남 진도군 조도면 창리길 11","A3":"전남 진도군 조도면 창유리 216-4","A4":"4690036025102160004","A5":"1592","A6":"전남청","A7":"진도","A8":"조도","A9":"파출소","A10":"061-542-5112","A11":"전라남도 진도군 조도면 창리길 11"}},
{"type":"Feature","geometry":{"type":"Point","coordinates":[133829.5676,205248.398]},"properties":{"A0":"126.28002207500859","A1":"34.44038075715759","A2":"전남 진도군 의신면 돈지1길 29","A3":"전남 진도군 의신면 돈지리 662-5","A4":"4690033025106620005","A5":"1593","A6":"전남청","A7":"진도","A8":"의신","A9":"파출소","A10":"061-543-4112","A11":"전라남도 진도군 의신면 돈지1길 29"}},
{"type":"Feature","geometry":{"type":"Point","coordinates":[132260.6699,209810.9773]},"properties":{"A0":"126.26259110141322","A1":"34.48140569009376","A2":"전남 진도군 진도읍 남동3길 1","A3":"전남 진도군 진도읍 남동리 745-67","A4":"4690025025107450067","A5":"1594","A6":"전남청","A7":"진도","A8":"읍내","A9":"파출소","A10":"061-544-0112","A11":"전라남도 진도군 진도읍 남동3길 1"}},
{"type":"Feature","geometry":{"type":"Point","coordinates":[139557.1159,210996.086]},"properties":{"A0":"126.34193204922384","A1":"34.492541750518974","A2":"전남 진도군 고군면 진도대로 280","A3":"전남 진도군 고군면 오산리 1123-5","A4":"4690032027111230005","A5":"1595","A6":"전남청","A7":"진도","A8":"고군","A9":"파출소","A10":"061-543-1112","A11":"전라남도 진도군 고군면 진도대로 280"}},
{"type":"Feature","geometry":{"type":"Point","coordinates":[125648.8002,201474.9503]},"properties":{"A0":"126.19134428528798","A1":"34.40581043570141","A2":"전남 진도군 임회면 석교길 47-15","A3":"전남 진도군 임회면 석교리 427-2","A4":"4690034026104270002","A5":"1596","A6":"전남청","A7":"진도","A8":"임회","A9":"파출소","A10":"061-543-3112","A11":"전라남도 진도군 임회면 석교길 47-15"}},
{"type":"Feature","geometry":{"type":"Point","coordinates":[135508.4776,216003.5761]},"properties":{"A0":"126.29747414052466","A1":"34.53743429301752","A2":"전남 진도군 군내면 진도대로 7957","A3":"전남 진도군 군내면 둔전리 1844-12","A4":"4690031024118440012","A5":"1597","A6":"전남청","A7":"진도","A8":"군내","A9":"파출소","A10":"061-542-3112","A11":"전라남도 진도군 군내면 진도대로 7957"}},
{"type":"Feature","geometry":{"type":"Point","coordinates":[123497.2257,203568.652]},"properties":{"A0":"126.16775922430526","A1":"34.42452578749155","A2":"전남 진도군 지산면 인지인천1길 26","A3":"전남 진도군 지산면 인지리 309-12","A4":"4690035021103090012","A5":"1598","A6":"전남청","A7":"진도","A8":"지산","A9":"파출소","A10":"061-542-2112","A11":"전라남도 진도군 지산면 인지인천1길 26"}},
{"type":"Feature","geometry":{"type":"Point","coordinates":[242378.1743,290393.8289]},"properties":{"A0":"127.46540956510083","A1":"35.209114728894136","A2":"전남 구례군 구례읍 로터리길 7","A3":"전남 구례군 구례읍 봉동리 315-10","A4":"4673025021103150010","A5":"1599","A6":"전남청","A7":"구례","A8":"읍내","A9":"파출소","A10":"061-783-6112","A11":"전라남도 구례군 구례읍 로터리길 7"}},
{"type":"Feature","geometry":{"type":"Point","coordinates":[240180.1635,296121.8421]},"properties":{"A0":"127.44155072011586","A1":"35.26083292755016","A2":"전남 구례군 광의면 광의철쭉동산로 8","A3":"전남 구례군 광의면 연파리 626-2","A4":"4673035021106260002","A5":"1600","A6":"전남청","A7":"구례","A8":"광의","A9":"파출소","A10":"061-781-3112","A11":"전라남도 구례군 광의면 광의철쭉동산로 8"}},
{"type":"Feature","geometry":{"type":"Point","coordinates":[183061.4142,551436.5513]},"properties":{"A0":"126.80828242212976","A1":"37.56230563699248","A2":"서울 강서구 방화동로 5(방화동)","A3":"서울 강서구 방화동 620-111","A4":"1150010900106200111","A5":"157","A6":"서울청","A7":"서울강서","A8":"공항","A9":"지구대","A10":"02-2662-0372","A11":"서울특별시 강서구  방화동로 5"}},
{"type":"Feature","geometry":{"type":"Point","coordinates":[249374.4498,286665.234]},"properties":{"A0":"127.54201879776792","A1":"35.17518791148075","A2":"전남 구례군 간전면 간전중앙로 188","A3":"전남 구례군 간전면 간문리 162-2","A4":"4673032021101620002","A5":"1601","A6":"전남청","A7":"구례","A8":"간전","A9":"파출소","A10":"061-781-4112","A11":"전라남도 구례군 간전면 간전중앙로 188"}},
{"type":"Feature","geometry":{"type":"Point","coordinates":[239866.8076,302026.6719]},"properties":{"A0":"127.43839384494636","A1":"35.31406660612409","A2":"전남 구례군 산동면 원촌길 94","A3":"전남 구례군 산동면 원촌리 134","A4":"4673037021101340000","A5":"1602","A6":"전남청","A7":"구례","A8":"산동","A9":"파출소","A10":"061-781-1712","A11":"전라남도 구례군 산동면 원촌길 94"}},
{"type":"Feature","geometry":{"type":"Point","coordinates":[247812.3937,289203.3813]},"properties":{"A0":"127.52501856383424","A1":"35.19814091451914","A2":"전남 구례군 토지면 섬진강대로 5058","A3":"전남 구례군 토지면 구산리 184-3","A4":"4673033021101840003","A5":"1603","A6":"전남청","A7":"구례","A8":"토지","A9":"파출소","A10":"061-781-2112","A11":"전라남도 구례군 토지면 섬진강대로 5058"}},
{"type":"Feature","geometry":{"type":"Point","coordinates":[244357.2473,291881.8528]},"properties":{"A0":"127.48722377270201","A1":"35.222441092799414","A2":"전남 구례군 마산면 화엄사로 144","A3":"전남 구례군 마산면 마산리 664-1","A4":"4673034021106640001","A5":"1604","A6":"전남청","A7":"구례","A8":"마산","A9":"파출소","A10":"061-782-4119","A11":"전라남도  구례군 마산면 화엄사로 144"}},
{"type":"Feature","geometry":{"type":"Point","coordinates":[57545.0321,233308.6956]},"properties":{"A0":"125.445494188058","A1":"34.68553444936269","A2":"전남 신안군 흑산면 예리1길 80-4","A3":"전남 신안군 흑산면 예리 180-46","A4":"4691036022101800046","A5":"1605","A6":"전남청","A7":"신안","A8":"흑산","A9":"파출소","A10":"061-275-9112","A11":"전라남도 신안군 흑산면 예리1길 80-4"}},
{"type":"Feature","geometry":{"type":"Point","coordinates":[111653.0719,223826.9437]},"properties":{"A0":"126.0368278590464","A1":"34.60617554567042","A2":"전남 신안군 하의면 곰실길 19","A3":"전남 신안군 하의면 웅곡리 220-4","A4":"4691037021102200004","A5":"1606","A6":"전남청","A7":"신안","A8":"하의","A9":"파출소","A10":"061-275-4112","A11":"전라남도 신안군 하의면 곰실길 19"}},
{"type":"Feature","geometry":{"type":"Point","coordinates":[120061.5024,240213.848]},"properties":{"A0":"126.12693938622573","A1":"34.754564166688155","A2":"전남 신안군 안좌면 안좌동부길 832","A3":"전남 신안군 안좌면 읍동리 1110-1","A4":"4691040044111100001","A5":"1607","A6":"전남청","A7":"신안","A8":"안좌","A9":"파출소","A10":"061-262-9112","A11":"전라남도 신안군 안좌면 안좌동부길 832"}},
{"type":"Feature","geometry":{"type":"Point","coordinates":[121521.6134,243280.1301]},"properties":{"A0":"126.14259867774658","A1":"34.78231494033003","A2":"전남 신안군 팔금면 탑목개길 149","A3":"전남 신안군 팔금면 읍리 347-1","A4":"4691041024103470001","A5":"1608","A6":"전남청","A7":"신안","A8":"팔금","A9":"파출소","A10":"061-271-1112","A11":"전라남도 신안군 팔금면 탑목개길 149"}},
{"type":"Feature","geometry":{"type":"Point","coordinates":[127751.5133,274143.1142]},"properties":{"A0":"126.20798530312905","A1":"35.06094652247886","A2":"전남 신안군 지도읍 읍내길 79","A3":"전남 신안군 지도읍 읍내리 177","A4":"4691025025101770000","A5":"1609","A6":"전남청","A7":"신안","A8":"지도","A9":"파출소","A10":"061-275-0112","A11":"전라남도 신안군 지도읍 읍내길 79"}},
{"type":"Feature","geometry":{"type":"Point","coordinates":[116473.9406,221465.7607]},"properties":{"A0":"126.08961034015968","A1":"34.585297907177036","A2":"전남 신안군 신의면 상동길 31","A3":"전남 신안군 신의면 상태동리 375-4","A4":"4691038022103750004","A5":"1610","A6":"전남청","A7":"신안","A8":"임자","A9":"파출소","A10":"061-271-6512","A11":"전라남도 신안군 신의면 상동길 31"}},
{"type":"Feature","geometry":{"type":"Point","coordinates":[186350.1677,547770.4252]},"properties":{"A0":"126.84557419069529","A1":"37.52932854270563","A2":"서울 강서구 강서로7길 39(화곡동)","A3":"서울 강서구 화곡동 901-14","A4":"1150010300109010014","A5":"158","A6":"서울청","A7":"서울강서","A8":"까치산","A9":"지구대","A10":"02-2604-5053","A11":"서울특별시 강서구  강서로7길 39"}},
{"type":"Feature","geometry":{"type":"Point","coordinates":[112632.191,254927.9368]},"properties":{"A0":"126.04427804979093","A1":"34.886570440406885","A2":"전남 신안군 자은면 구영2길 71","A3":"전남 신안군 자은면 구영리 125-8","A4":"4691033029101250008","A5":"1611","A6":"전남청","A7":"신안","A8":"자은","A9":"파출소","A10":"061-271-8112","A11":"전라남도 신안군 자은면 구영2길 71"}},
{"type":"Feature","geometry":{"type":"Point","coordinates":[118959.2874,248554.2192]},"properties":{"A0":"126.11409824513302","A1":"34.82964829915629","A2":"전남 신안군 암태면 중부로 1827-2","A3":"전남 신안군 암태면 단고리 23-7","A4":"4691042024100230007","A5":"1612","A6":"전남청","A7":"신안","A8":"암태","A9":"파출소","A10":"061-271-1612","A11":"전라남도 신안군 암태면 중부로 1827-2"}},
{"type":"Feature","geometry":{"type":"Point","coordinates":[104205.2879,234586.301]},"properties":{"A0":"125.95442567360188","A1":"34.70248106529119","A2":"전남 신안군 도초면 서남문로 1523","A3":"전남 신안군 도초면 수항리 1393-16","A4":"4691035025113930016","A5":"1614","A6":"전남청","A7":"신안","A8":"도초","A9":"파출소","A10":"061-275-2112","A11":"전라남도 신안군 도초면 서남문로1523"}},
{"type":"Feature","geometry":{"type":"Point","coordinates":[121905.7058,227700.6621]},"properties":{"A0":"126.148236065943","A1":"34.6419231769318","A2":"전남 신안군 장산면 장산로 347","A3":"전남 신안군 장산면 도창리 713","A4":"4691039023107130000","A5":"1615","A6":"전남청","A7":"신안","A8":"장산","A9":"파출소","A10":"061-271-2612","A11":"전라남도 신안군 장산면 장산로 347"}},
{"type":"Feature","geometry":{"type":"Point","coordinates":[26933.1345,163536.1794]},"properties":{"A0":"125.12565199007574","A1":"34.0521722999185","A2":"전남 신안군 흑산면 가거도길 41-2","A3":"전남 신안군 흑산면 가거도리 582-11","A4":"4691036032105820011","A5":"1616","A6":"전남청","A7":"신안","A8":"가거","A9":"파출소","A10":"061-246-5900","A11":"전라남도 신안군 흑산면 가거도길 41-2"}},
{"type":"Feature","geometry":{"type":"Point","coordinates":[137337.7126,252307.2718]},"properties":{"A0":"126.31470790336047","A1":"34.86477441580031","A2":"전남 신안군 압해읍 압해로 864","A3":"전남 신안군 압해읍 학교리 621-3","A4":"4691025326106210003","A5":"1617","A6":"전남청","A7":"신안","A8":"압해","A9":"파출소","A10":"061-271-0612","A11":"전라남도 신안군 압해읍 압해로 864"}},
{"type":"Feature","geometry":{"type":"Point","coordinates":[121317.0989,267653.7034]},"properties":{"A0":"126.13807352422825","A1":"35.001977011301705","A2":"전남 신안군 증도면 문준경길 208","A3":"전남 신안군 증도면 증동리 1789","A4":"4691031021117890000","A5":"1618","A6":"전남청","A7":"신안","A8":"증도","A9":"파출소","A10":"061-271-7612","A11":"전라남도 신안군 증도면 문준경길208"}},
{"type":"Feature","geometry":{"type":"Point","coordinates":[116473.9406,221465.7607]},"properties":{"A0":"126.08961034015968","A1":"34.585297907177036","A2":"전남 신안군 신의면 상동길 31","A3":"전남 신안군 신의면 상태동리 375-4","A4":"4691038022103750004","A5":"1619","A6":"전남청","A7":"신안","A8":"신의","A9":"파출소","A10":"061-271-6512","A11":"전라남도 신안군 신의면 상동길 31"}},
{"type":"Feature","geometry":{"type":"Point","coordinates":[422957.5628,344889.5238]},"properties":{"A0":"129.46252943364033","A1":"35.675994035706964","A2":"경북 경주시 양남면 하서중앙길 59","A3":"경북 경주시 양남면 하서리 602-2","A4":"4713032021106020002","A5":"1621","A6":"경북청","A7":"경주","A8":"양남","A9":"파출소","A10":"054-744-0112","A11":"경상북도 경주시 양남면 하서중앙길 59"}},
{"type":"Feature","geometry":{"type":"Point","coordinates":[410299.726,348970.3025]},"properties":{"A0":"129.3238984232646","A1":"35.715520543527376","A2":"경북 경주시 외동읍 입실로 81","A3":"경북 경주시 외동읍 입실리 1046-15","A4":"4713025921110460015","A5":"1622","A6":"경북청","A7":"경주","A8":"외동","A9":"파출소","A10":"054-744-6112","A11":"경상북도 경주시 외동읍 입실로 81"}},
{"type":"Feature","geometry":{"type":"Point","coordinates":[186756.9951,551093.8068]},"properties":{"A0":"126.85011683169442","A1":"37.55927801670379","A2":"서울 강서구 화곡로65길 63(등촌동)","A3":"서울 강서구 등촌동 706-1","A4":"1150010200107060001","A5":"159","A6":"서울청","A7":"서울강서","A8":"가양","A9":"지구대","A10":"02-3665-9112","A11":"서울특별시 강서구 화곡로65길 63"}},
{"type":"Feature","geometry":{"type":"Point","coordinates":[408033.3309,355441.1032]},"properties":{"A0":"129.30054532232384","A1":"35.77427716634692","A2":"경북 경주시 산업로 2999(시래동)","A3":"경북 경주시 시래동 326-22","A4":"4713013000103260022","A5":"1623","A6":"경북청","A7":"경주","A8":"불국","A9":"파출소","A10":"054-746-9112","A11":"경상북도 경주시 산업로 2999"}},
{"type":"Feature","geometry":{"type":"Point","coordinates":[400344.4652,363100.1077]},"properties":{"A0":"129.2174970607046","A1":"35.84484725392569","A2":"경북 경주시 원화로 270(성동동) 역전파출소","A3":"경북 경주시 성동동 42-3","A4":"4713010400100420003","A5":"1624","A6":"경북청","A7":"경주","A8":"역전","A9":"파출소","A10":"054-743-0112","A11":"경상북도 경주시 원화로 270 역전파출소"}},
{"type":"Feature","geometry":{"type":"Point","coordinates":[406654.9842,362113.7524]},"properties":{"A0":"129.28704024501752","A1":"35.834654606428124","A2":"경북 경주시 경감로 589(천군동)","A3":"경북 경주시 천군동 168-9","A4":"4713013500101680009","A5":"1625","A6":"경북청","A7":"경주","A8":"보문","A9":"파출소","A10":"054-745-7112","A11":"경상북도 경주시 경감로 589"}},
{"type":"Feature","geometry":{"type":"Point","coordinates":[390014.2599,363429.2919]},"properties":{"A0":"129.10330959534951","A1":"35.84986619148067","A2":"경북 경주시 건천읍 내서로 1109","A3":"경북 경주시 건천읍 건천리 225","A4":"4713025631102250000","A5":"1626","A6":"경북청","A7":"경주","A8":"건천","A9":"파출소","A10":"054-751-0112","A11":"경상북도 경주시 건천읍 내서로 1109"}},
{"type":"Feature","geometry":{"type":"Point","coordinates":[385104.0556,368181.1121]},"properties":{"A0":"129.05009122638467","A1":"35.89360390115402","A2":"경북 경주시 서면 내서로 425","A3":"경북 경주시 서면 아화리 247-3","A4":"4713035022102470003","A5":"1627","A6":"경북청","A7":"경주","A8":"서면","A9":"파출소","A10":"053-751-1112","A11":"경상북도 경주시 건천읍 내서로 425"}},
{"type":"Feature","geometry":{"type":"Point","coordinates":[400594.0685,379502.8889]},"properties":{"A0":"129.2243906920622","A1":"35.99251331158195","A2":"경북 경주시 안강읍 안강중앙로 223","A3":"경북 경주시 안강읍 양월리 1130","A4":"4713025334111300000","A5":"1628","A6":"경북청","A7":"경주","A8":"안강","A9":"파출소","A10":"054-763-3112","A11":"경상북도 경주시 안강읍 안강중앙로 223"}},
{"type":"Feature","geometry":{"type":"Point","coordinates":[405011.2424,379001.5066]},"properties":{"A0":"129.27321013840657","A1":"35.98708003724884","A2":"경북 경주시 강동면 인동새들길 10","A3":"경북 경주시 강동면 인동리 33-6","A4":"4713037030100330006","A5":"1629","A6":"경북청","A7":"경주","A8":"강동","A9":"파출소","A10":"054-762-4112","A11":"경상북도 경주시 강동면 인동새들길 10"}},
{"type":"Feature","geometry":{"type":"Point","coordinates":[426330.7877,359148.1677]},"properties":{"A0":"129.5037740523005","A1":"35.80361276118134","A2":"경북 경주시 감포읍 감포로3길 40","A3":"경북 경주시 감포읍 감포리 500-1","A4":"4713025029105000001","A5":"1630","A6":"경북청","A7":"경주","A8":"감포","A9":"파출소","A10":"054-744-3112","A11":"경상북도 경주시 감포읍 감포로3길 40"}},
{"type":"Feature","geometry":{"type":"Point","coordinates":[420802.5316,357693.391]},"properties":{"A0":"129.4422669473445","A1":"35.791774180913194","A2":"경북 경주시 문무대왕면 어일1길 39","A3":"경북 경주시 문무대왕면 어일리 837-2","A4":"4713031521108370002","A5":"1631","A6":"경북청","A7":"경주","A8":"문무대왕","A9":"파출소","A10":"054-744-2112","A11":"경상북도 경주시 문무대왕면 어일1길 39(어일리 837-2)"}},
{"type":"Feature","geometry":{"type":"Point","coordinates":[399421.1315,362986.8788]},"properties":{"A0":"129.20725583261154","A1":"35.84401446634851","A2":"경북 경주시 금성로 296-1(성건동)","A3":"경북 경주시 성건동 339-35","A4":"4713010800103390035","A5":"1632","A6":"경북청","A7":"경주","A8":"중앙","A9":"파출소","A10":"054-743-2112","A11":"경상북도 경주시 금성로 296-1"}},
{"type":"Feature","geometry":{"type":"Point","coordinates":[185380.8944,548574.2554]},"properties":{"A0":"126.83459218339456","A1":"37.536556074204185","A2":"서울 양천구 가로공원로 168(신월동) 임시청 사","A3":"서울 양천구 신월동 89-1","A4":"1147010300100890001","A5":"160","A6":"서울청","A7":"서울강서","A8":"곰달래","A9":"지구대","A10":"02-2643-7994","A11":"서울특별시 양천구 가로공원로 168(임시청사)"}},
{"type":"Feature","geometry":{"type":"Point","coordinates":[399657.1708,361975.2638]},"properties":{"A0":"129.2096224244728","A1":"35.83489200585325","A2":"경북 경주시 포석로 1052(황남동)","A3":"경북 경주시 황남동 311-6","A4":"4713011000103110006","A5":"1633","A6":"경북청","A7":"경주","A8":"황남","A9":"파출소","A10":"054-743-7112","A11":"경상북도 경주시 포석로 1052"}},
{"type":"Feature","geometry":{"type":"Point","coordinates":[397447.5593,362908.0475]},"properties":{"A0":"129.1854042724117","A1":"35.843701588228754","A2":"경북 경주시 충효중앙길 50-5(충효동)","A3":"경북 경주시 충효동 2984","A4":"4713011400129840000","A5":"1634","A6":"경북청","A7":"경주","A8":"충효","A9":"파출소","A10":"054-743-1112","A11":"경상북도 경주시 충효중앙길 50-5"}},
{"type":"Feature","geometry":{"type":"Point","coordinates":[399424.3089,355260.3564]},"properties":{"A0":"129.2053656865677","A1":"35.77442904896496","A2":"경북 경주시 내남면 포석로 370","A3":"경북 경주시 내남면 용장리 573-1","A4":"4713033025105730001","A5":"1635","A6":"경북청","A7":"경주","A8":"내남","A9":"파출소","A10":"054-745-9112","A11":"경상북도 경주시 내남면 포석로 370"}},
{"type":"Feature","geometry":{"type":"Point","coordinates":[400460.1947,364833.4782]},"properties":{"A0":"129.21921313986908","A1":"35.8604321920735","A2":"경북 경주시 용담로 11(황성동)","A3":"경북 경주시 황성동 362-7","A4":"4713012400103620007","A5":"1636","A6":"경북청","A7":"경주","A8":"황성","A9":"파출소","A10":"054-774-1112","A11":"경상북도 경주시 용담로 11"}},
{"type":"Feature","geometry":{"type":"Point","coordinates":[399384.0815,364260.3143]},"properties":{"A0":"129.20716388528","A1":"35.85549035273304","A2":"경북 경주시 금성로 424(성건동)","A3":"경북 경주시 성건동 620-685","A4":"4713010800106200685","A5":"1637","A6":"경북청","A7":"경주","A8":"성건","A9":"파출소","A10":"054-743-3112","A11":"경상북도 경주시 금성로 424"}},
{"type":"Feature","geometry":{"type":"Point","coordinates":[396769.7078,367592.6845]},"properties":{"A0":"129.17906430487963","A1":"35.886029391125845","A2":"경북 경주시 현곡면 다경길 9-3","A3":"경북 경주시 현곡면 하구리 1126-2","A4":"4713036023111260002","A5":"1638","A6":"경북청","A7":"경주","A8":"현곡","A9":"파출소","A10":"054-745-5112","A11":"경상북도 경주시 현곡면 다경길 9-3"}},
{"type":"Feature","geometry":{"type":"Point","coordinates":[401484.194,363851.6179]},"properties":{"A0":"129.2302714192491","A1":"35.85141435806234","A2":"경북 경주시 탈해로 65(동천동)","A3":"경북 경주시 동천동 874-8","A4":"4713012600108740008","A5":"1639","A6":"경북청","A7":"경주","A8":"동천","A9":"파출소","A10":"054-741-0112","A11":"경상북도 경주시 탈해로 65"}},
{"type":"Feature","geometry":{"type":"Point","coordinates":[400923.194,365708.1224]},"properties":{"A0":"129.22455462410667","A1":"35.8682147899986","A2":"경북 경주시 산업로 4354(용강동)","A3":"경북 경주시 용강동 884","A4":"4713012500108840000","A5":"1640","A6":"경북청","A7":"경주","A8":"용강","A9":"파출소","A10":"054-743-4112","A11":"경상북도 경주시 산업로 4354"}},
{"type":"Feature","geometry":{"type":"Point","coordinates":[404860.7714,368923.6138]},"properties":{"A0":"129.26894718017564","A1":"35.896356555500894","A2":"경북 경주시 천북면 동산3길 9","A3":"경북 경주시 천북면 동산리 443-1","A4":"4713038025104430001","A5":"1641","A6":"경북청","A7":"경주","A8":"천북","A9":"파출소","A10":"054-774-0112","A11":"경상북도 경주시 천북면 동산3길 9"}},
{"type":"Feature","geometry":{"type":"Point","coordinates":[415258.2406,388127.6768]},"properties":{"A0":"129.38922533915147","A1":"36.06704985142227","A2":"경북 포항시 북구 삼호로 370(환호동)","A3":"경북 포항시 북구 환호동 362-2","A4":"4711312300103620002","A5":"1642","A6":"경북청","A7":"포항북부","A8":"환여","A9":"파출소","A10":"054-250-4772","A11":"경상북도 포항시 북구  삼호로 370"}},
{"type":"Feature","geometry":{"type":"Point","coordinates":[183628.3861,553377.8827]},"properties":{"A0":"126.81465662534373","A1":"37.57980692907756","A2":"서울 강서구 금낭화로26길 16(방화동)","A3":"서울 강서구 방화동 822","A4":"1150010900108220000","A5":"161","A6":"서울청","A7":"서울강서","A8":"방화3","A9":"파출소","A10":"02-2663-1121","A11":"서울특별시 강서구  금낭화로26길 16"}},
{"type":"Feature","geometry":{"type":"Point","coordinates":[403495.391,394637.2463]},"properties":{"A0":"129.26044170405476","A1":"36.12820220143233","A2":"경북 포항시 북구 신광면 토성길 15","A3":"경북 포항시 북구 신광면 토성리 680-4","A4":"4711331026106800004","A5":"1643","A6":"경북청","A7":"포항북부","A8":"신광","A9":"파출소","A10":"054-250-4733","A11":"경상북도 포항시 북구 신광면 토성길 15"}},
{"type":"Feature","geometry":{"type":"Point","coordinates":[412060.0756,405982.2248]},"properties":{"A0":"129.3585682411131","A1":"36.22851941858947","A2":"경북 포항시 북구 송라면 보경로 38","A3":"경북 포항시 북구 송라면 광천리 32-40","A4":"4711333024100320040","A5":"1644","A6":"경북청","A7":"포항북부","A8":"송라","A9":"파출소","A10":"054-250-4734","A11":"경상북도 포항시 북구 송라면 보경로 38"}},
{"type":"Feature","geometry":{"type":"Point","coordinates":[398783.1688,388183.5463]},"properties":{"A0":"129.20650447816968","A1":"36.07105454913521","A2":"경북 포항시 북구 기계면 기계로 92-11","A3":"경북 포항시 북구 기계면 현내리 314","A4":"4711334021103140000","A5":"1646","A6":"경북청","A7":"포항북부","A8":"기계","A9":"파출소","A10":"054-250-4735","A11":"경상북도 포항시 북구 기계면 기계로 92-11"}},
{"type":"Feature","geometry":{"type":"Point","coordinates":[394971.6952,394396.0665]},"properties":{"A0":"129.1657575971921","A1":"36.127773129172525","A2":"경북 포항시 북구 기북면 기북로 433","A3":"경북 포항시 북구 기북면 용기리 174-4","A4":"4711336024101740004","A5":"1647","A6":"경북청","A7":"포항북부","A8":"기북","A9":"파출소","A10":"054-250-4736","A11":"경상북도 포항시 북구 기북면 기북로 433"}},
{"type":"Feature","geometry":{"type":"Point","coordinates":[411817.0026,392738.1264]},"properties":{"A0":"129.35229227769065","A1":"36.10932130833322","A2":"경북 포항시 북구 흥해읍 중성로 83","A3":"경북 포항시 북구 흥해읍 중성리 55","A4":"4711325029100550000","A5":"1648","A6":"경북청","A7":"포항북부","A8":"흥해","A9":"파출소","A10":"054-250-4731","A11":"경상북도 포항시 북구 흥해읍 중성로 83"}},
{"type":"Feature","geometry":{"type":"Point","coordinates":[410412.6281,402240.8232]},"properties":{"A0":"129.33925408439308","A1":"36.19519388175361","A2":"경북 포항시 북구 청하면 청하로 178","A3":"경북 포항시 북구 청하면 미남리 448-3","A4":"4711332023104480003","A5":"1649","A6":"경북청","A7":"포항북부","A8":"청하","A9":"파출소","A10":"054-250-4732","A11":"경상북도 포항시 북구 청하면 청하로 178"}},
{"type":"Feature","geometry":{"type":"Point","coordinates":[411958.8202,383333.9575]},"properties":{"A0":"129.35134816680724","A1":"36.02460827877812","A2":"경북 포항시 북구 양학로 7(득량동)","A3":"경북 포항시 북구 득량동 287-1","A4":"4711311400102870001","A5":"1650","A6":"경북청","A7":"포항북부","A8":"양학","A9":"파출소","A10":"054-250-4729","A11":"경상북도 포항시 북구  양학로7"}},
{"type":"Feature","geometry":{"type":"Point","coordinates":[412945.2454,383698.5848]},"properties":{"A0":"129.36237151025523","A1":"36.02768148765173","A2":"경북 포항시 북구 중흥로 280(죽도동)","A3":"경북 포항시 북구 죽도동 105","A4":"4711311600101050000","A5":"1651","A6":"경북청","A7":"포항북부","A8":"죽도","A9":"파출소","A10":"054-250-4727","A11":"경상북도 포항시 북구  중흥로 280"}},
{"type":"Feature","geometry":{"type":"Point","coordinates":[413184.324,385526.873]},"properties":{"A0":"129.36552339922548","A1":"36.04408740411111","A2":"경북 포항시 북구 중앙로 352(덕수동)","A3":"경북 포항시 북구 덕수동 47-19","A4":"4711310800100470019","A5":"1652","A6":"경북청","A7":"포항북부","A8":"덕산","A9":"파출소","A10":"054-250-4726","A11":"경상북도 포항시 북구 중앙로 352"}},
{"type":"Feature","geometry":{"type":"Point","coordinates":[412782.1135,384668.5553]},"properties":{"A0":"129.36086888971178","A1":"36.03643265396154","A2":"경북 포항시 북구 용당로91번길 10(대흥동)","A3":"경북 포항시 북구 대흥동 612-6","A4":"4711310100106120006","A5":"1653","A6":"경북청","A7":"포항북부","A8":"용당","A9":"파출소","A10":"054-250-4724","A11":"경상북도 포항시 북구  용당로91번길 10"}},
{"type":"Feature","geometry":{"type":"Point","coordinates":[187798.1446,549480.2194]},"properties":{"A0":"126.86192723371147","A1":"37.5447540338435","A2":"서울 강서구 등촌로 167(등촌동)","A3":"서울 강서구 등촌동 513-6","A4":"1150010200105130006","A5":"163","A6":"서울청","A7":"서울강서","A8":"등촌2","A9":"파출소","A10":"02-2651-0330","A11":"서울특별시 강서구  등촌로 167"}},
{"type":"Feature","geometry":{"type":"Point","coordinates":[414544.4996,389384.1833]},"properties":{"A0":"129.38165147576427","A1":"36.0785216674833","A2":"경북 포항시 북구 법원로39번길 36(장성동)","A3":"경북 포항시 북구 장성동 1552-12","A4":"4711312100115520012","A5":"1654","A6":"경북청","A7":"포항북부","A8":"장성","A9":"파출소","A10":"054-250-4723","A11":"경상북도 포항시 북구  법원로39번길 36"}},
{"type":"Feature","geometry":{"type":"Point","coordinates":[413899.8304,386527.5289]},"properties":{"A0":"129.3737282616212","A1":"36.05293969743573","A2":"경북 포항시 북구 삼호로 147(항구동)","A3":"경북 포항시 북구 항구동 38-2","A4":"4711311300100380002","A5":"1655","A6":"경북청","A7":"포항북부","A8":"학산","A9":"파출소","A10":"054-250-4721","A11":"경상북도 포항시 북구  삼호로 147"}},
{"type":"Feature","geometry":{"type":"Point","coordinates":[415188.0278,390685.4948]},"properties":{"A0":"129.3891443912908","A1":"36.0900969997173","A2":"경북 포항시 북구 장량중앙로 65(양덕동)","A3":"경북 포항시 북구 양덕동 663-4","A4":"4711312200106630004","A5":"1656","A6":"경북청","A7":"포항북부","A8":"양덕","A9":"파출소","A10":"054-250-4730","A11":"경상북도 포항시 북구 장량중앙로 65"}},
{"type":"Feature","geometry":{"type":"Point","coordinates":[410804.0092,381789.6716]},"properties":{"A0":"129.3381351741594","A1":"36.01095506600916","A2":"경북 포항시 남구 대잠길 15(대잠동)","A3":"경북 포항시 남구 대잠동 762-11","A4":"4711111600107620011","A5":"1657","A6":"경북청","A7":"포항남부","A8":"효곡대이","A9":"지구대","A10":"054-240-8132","A11":"경상북도 포항시 남구 대잠길 15"}},
{"type":"Feature","geometry":{"type":"Point","coordinates":[412694.0945,382330.5192]},"properties":{"A0":"129.35923090499455","A1":"36.01541599485821","A2":"경북 포항시 남구 상공로 84(상도동)","A3":"경북 포항시 남구 상도동 18-168","A4":"4711110100100180168","A5":"1658","A6":"경북청","A7":"포항남부","A8":"상대","A9":"지구대","A10":"054-240-8131","A11":"경상북도 포항시 남구 상공로 84"}},
{"type":"Feature","geometry":{"type":"Point","coordinates":[425130.6789,369334.6837]},"properties":{"A0":"129.49338101347251","A1":"35.895603374266884","A2":"경북 포항시 남구 장기면 읍내길 94","A3":"경북 포항시 남구 장기면 읍내리 11-4","A4":"4711133021100110004","A5":"1660","A6":"경북청","A7":"포항남부","A8":"장기","A9":"파출소","A10":"054-240-8141","A11":"경상북도 포항시 남구 장기면 읍내길 94"}},
{"type":"Feature","geometry":{"type":"Point","coordinates":[416753.3555,380231.9515]},"properties":{"A0":"129.40364666418316","A1":"35.9956238641223","A2":"경북 포항시 남구 동해안로 6041(청림동)","A3":"경북 포항시 남구 청림동 956-2","A4":"4711110500109560002","A5":"1662","A6":"경북청","A7":"포항남부","A8":"제철","A9":"파출소","A10":"054-240-8136","A11":"경상북도 포항시 남구 동해안로 6041"}},
{"type":"Feature","geometry":{"type":"Point","coordinates":[430926.8475,389648.1751]},"properties":{"A0":"129.563427716496","A1":"36.077144509496705","A2":"경북 포항시 남구 호미곶면 해맞이로 160","A3":"경북 포항시 남구 호미곶면 대보리 283-4","A4":"4711135022102830004","A5":"1663","A6":"경북청","A7":"포항남부","A8":"호미곶","A9":"파출소","A10":"054-240-8142","A11":"경상북도 포항시 남구 호미곶면 해맞이로160"}},
{"type":"Feature","geometry":{"type":"Point","coordinates":[414605.7492,384061.5611]},"properties":{"A0":"129.3808865756521","A1":"36.03057859938543","A2":"경북 포항시 남구 축항로 115(송도동)","A3":"경북 포항시 남구 송도동 378-90","A4":"4711110400103780090","A5":"1664","A6":"경북청","A7":"포항남부","A8":"송도","A9":"파출소","A10":"054-240-8134","A11":"경상북도 포항시 남구 축항로 115"}},
{"type":"Feature","geometry":{"type":"Point","coordinates":[413173.3001,378975.963]},"properties":{"A0":"129.3636622610402","A1":"35.98515642412484","A2":"경북 포항시 남구 대송면 제내길 13","A3":"경북 포항시 남구 대송면 제내리 999","A4":"4711131027109990000","A5":"1665","A6":"경북청","A7":"포항남부","A8":"대송","A9":"파출소","A10":"054-240-8139","A11":"경상북도 포항시 남구 대송면 제내길 13"}},
{"type":"Feature","geometry":{"type":"Point","coordinates":[197919.8955,552151.147]},"properties":{"A0":"126.9764545270663","A1":"37.56889738618001","A2":"서울 중구 세종대로 141(태평로1가)","A3":"서울 중구 태평로1가 68-1","A4":"1114010300100680001","A5":"17","A6":"서울청","A7":"서울종로","A8":"세종로","A9":"파출소","A10":"02-3701-4312","A11":"서울특별시 중구  세종대로 141"}},
{"type":"Feature","geometry":{"type":"Point","coordinates":[184631.0527,550000.9817]},"properties":{"A0":"126.82607859463349","A1":"37.54939875012947","A2":"서울 강서구 수명로2길 46(내발산동)","A3":"서울 강서구 내발산동 748-5","A4":"1150010600107480005","A5":"164","A6":"서울청","A7":"서울강서","A8":"발산","A9":"지구대","A10":"02-2662-0330","A11":"서울특별시 강서구  수명로2길 46"}},
{"type":"Feature","geometry":{"type":"Point","coordinates":[411575.6073,380281.4203]},"properties":{"A0":"129.34628489385008","A1":"35.99720411151876","A2":"경북 포항시 남구 연일읍 철강로25번길 62","A3":"경북 포항시 남구 연일읍 생지리 254-6","A4":"4711125321102540006","A5":"1666","A6":"경북청","A7":"포항남부","A8":"연일","A9":"파출소","A10":"054-240-8137","A11":"경상북도 포항시 남구 연일읍 철강로25번길 62"}},
{"type":"Feature","geometry":{"type":"Point","coordinates":[417909.67,377077.7429]},"properties":{"A0":"129.4155948589181","A1":"35.966990758971434","A2":"경북 포항시 남구 오천읍 정몽주로 547","A3":"경북 포항시 남구 오천읍 세계리 838-5","A4":"4711125629108380005","A5":"1667","A6":"경북청","A7":"포항남부","A8":"오천","A9":"파출소","A10":"054-240-8133","A11":"경상북도 포항시 남구 오천읍 정몽주로 547"}},
{"type":"Feature","geometry":{"type":"Point","coordinates":[417310.3471,377008.6827]},"properties":{"A0":"129.40893459744723","A1":"35.96647495506586","A2":"경북 포항시 남구 오천읍 냉천로 318","A3":"경북 포항시 남구 오천읍 원리 939-3","A4":"4711125621109390003","A5":"1668","A6":"경북청","A7":"포항남부","A8":"문덕","A9":"파출소","A10":"054-240-8148","A11":"경상북도 포항시 남구 오천읍 냉천로 318"}},
{"type":"Feature","geometry":{"type":"Point","coordinates":[413720.53,383153.2612]},"properties":{"A0":"129.37082731256208","A1":"36.0225979897194","A2":"경북 포항시 남구 상공로 228(해도동)","A3":"경북 포항시 남구 해도동 39-4","A4":"4711110300100390004","A5":"1669","A6":"경북청","A7":"포항남부","A8":"해도","A9":"파출소","A10":"054-240-8135","A11":"경상북도 포항시 남구 상공로 228"}},
{"type":"Feature","geometry":{"type":"Point","coordinates":[322479.9296,388304.9693]},"properties":{"A0":"128.3598333702767","A1":"36.08475157259449","A2":"경북 구미시 금오대로 482(임은동)","A3":"경북 구미시 임은동 472-1","A4":"4719011700104720001","A5":"1670","A6":"경북청","A7":"구미","A8":"상림","A9":"지구대","A10":"054-450-3114","A11":"경상북도 구미시 금오대로 482"}},
{"type":"Feature","geometry":{"type":"Point","coordinates":[318763.4912,393290.2895]},"properties":{"A0":"128.31933748578894","A1":"36.13012968573912","A2":"경북 구미시 원남로2길 26(남통동)","A3":"경북 구미시 남통동 363-53","A4":"4719010800103630053","A5":"1671","A6":"경북청","A7":"구미","A8":"원평","A9":"지구대","A10":"054-450-3112","A11":"경상북도 구미시 원남로2길 26"}},
{"type":"Feature","geometry":{"type":"Point","coordinates":[320144.547,391463.6215]},"properties":{"A0":"128.33439438682234","A1":"36.1135030577786","A2":"경북 구미시 경은로 56(형곡동)","A3":"경북 구미시 형곡동 141-6","A4":"4719010900101410006","A5":"1672","A6":"경북청","A7":"구미","A8":"형곡","A9":"지구대","A10":"054-450-3111","A11":"경상북도 구미시 경은로 56"}},
{"type":"Feature","geometry":{"type":"Point","coordinates":[319786.5659,394838.4293]},"properties":{"A0":"128.3309332231634","A1":"36.1439535346243","A2":"경북 구미시 문장로 119(도량동)","A3":"경북 구미시 도량동 792-277","A4":"4719010300107920277","A5":"1673","A6":"경북청","A7":"구미","A8":"도량","A9":"지구대","A10":"054-450-3115","A11":"경상북도 구미시 문장로 119"}},
{"type":"Feature","geometry":{"type":"Point","coordinates":[317412.1206,395620.3674]},"properties":{"A0":"128.30467235780407","A1":"36.151288368853265","A2":"경북 구미시 봉곡남로 16(부곡동)","A3":"경북 구미시 부곡동 637","A4":"4719010500106370000","A5":"1674","A6":"경북청","A7":"구미","A8":"봉곡","A9":"파출소","A10":"054-450-3130","A11":"경상북도 구미시 봉곡남로 16"}},
{"type":"Feature","geometry":{"type":"Point","coordinates":[319442.5028,412262.865]},"properties":{"A0":"128.32976499504943","A1":"36.300982386443","A2":"경북 구미시 도개면 도안로 121","A3":"경북 구미시 도개면 궁기리 748-2","A4":"4719033025107480002","A5":"1675","A6":"경북청","A7":"구미","A8":"도개","A9":"파출소","A10":"054-450-3128","A11":"경상북도 구미시 도개면 도안로 121"}},
{"type":"Feature","geometry":{"type":"Point","coordinates":[185433.7505,549472.0339]},"properties":{"A0":"126.83517268276142","A1":"37.5446459728913","A2":"서울 강서구 강서로45다길 71(화곡동)","A3":"서울 강서구 화곡동 1019","A4":"1150010300110190000","A5":"165","A6":"서울청","A7":"서울강서","A8":"화곡3","A9":"파출소","A10":"02-2604-2133","A11":"서울특별시 강서구  강서로45다길 71"}},
{"type":"Feature","geometry":{"type":"Point","coordinates":[334630.703,392939.4767]},"properties":{"A0":"128.495488547641","A1":"36.12489855045061","A2":"경북 구미시 장천면 강동로 170","A3":"경북 구미시 장천면 상장리 708-1","A4":"4719036021107080001","A5":"1676","A6":"경북청","A7":"구미","A8":"장천","A9":"파출소","A10":"054-450-3125","A11":"경상북도 구미시 장천면 강동로 170"}},
{"type":"Feature","geometry":{"type":"Point","coordinates":[319560.2483,402212.2499]},"properties":{"A0":"128.32953673925613","A1":"36.21041731214922","A2":"경북 구미시 고아읍 선산대로 974-6","A3":"경북 구미시 고아읍 관심리 635-3","A4":"4719025321106350003","A5":"1677","A6":"경북청","A7":"구미","A8":"고아","A9":"파출소","A10":"054-450-3122","A11":"경상북도 구미시 선산대로 974-6"}},
{"type":"Feature","geometry":{"type":"Point","coordinates":[329114.9167,397784.5559]},"properties":{"A0":"128.4350334840866","A1":"36.16929939766865","A2":"경북 구미시 산동읍 강동로 1030","A3":"경북 구미시 산동읍 적림리 79-1","A4":"4719025623100790001","A5":"1678","A6":"경북청","A7":"구미","A8":"산동","A9":"파출소","A10":"054-450-3124","A11":"경상북도 구미시 산동면 강동로 1030"}},
{"type":"Feature","geometry":{"type":"Point","coordinates":[325118.6009,400991.9485]},"properties":{"A0":"128.3911394166043","A1":"36.19872117593772","A2":"경북 구미시 해평면 강동로 1661","A3":"경북 구미시 해평면 낙성리 312-5","A4":"4719034021103120005","A5":"1679","A6":"경북청","A7":"구미","A8":"해평","A9":"파출소","A10":"054-450-3123","A11":"경상북도 구미시 해평면 강동로 1661"}},
{"type":"Feature","geometry":{"type":"Point","coordinates":[316831.0123,405786.1554]},"properties":{"A0":"128.29972965137563","A1":"36.242949509561214","A2":"경북 구미시 선산읍 선산중앙로 79","A3":"경북 구미시 선산읍 동부리 540","A4":"4719025022105400000","A5":"1680","A6":"경북청","A7":"구미","A8":"선산","A9":"파출소","A10":"054-450-3121","A11":"경상북도 구미시 선산읍 선산중앙로 79"}},
{"type":"Feature","geometry":{"type":"Point","coordinates":[307321.6158,407717.4359]},"properties":{"A0":"128.19422550585963","A1":"36.26145112474855","A2":"경북 구미시 무을면 상무로 951","A3":"경북 구미시 무을면 무수리 938-4","A4":"4719031022109380004","A5":"1681","A6":"경북청","A7":"구미","A8":"무을","A9":"파출소","A10":"054-450-3126","A11":"경상북도 구미시 무을면 상무로 951"}},
{"type":"Feature","geometry":{"type":"Point","coordinates":[314835.7439,411618.0522]},"properties":{"A0":"128.27839357724264","A1":"36.2957308603049","A2":"경북 구미시 옥성면 선상동로 841","A3":"경북 구미시 옥성면 주아리 154-2","A4":"4719032023101540002","A5":"1682","A6":"경북청","A7":"구미","A8":"옥성","A9":"파출소","A10":"054-450-3127","A11":"경상북도 구미시 선산읍 선상동로 841"}},
{"type":"Feature","geometry":{"type":"Point","coordinates":[327608.7593,395327.2824]},"properties":{"A0":"128.41789820783356","A1":"36.147363248405064","A2":"경북 구미시 흥안로 6(옥계동)","A3":"경북 구미시 옥계동 556-2","A4":"4719012800105560002","A5":"1683","A6":"경북청","A7":"구미","A8":"양포","A9":"파출소","A10":"054-450-3120","A11":"경상북도 구미시 흥안로 6"}},
{"type":"Feature","geometry":{"type":"Point","coordinates":[322503.3804,392426.9337]},"properties":{"A0":"128.36073526296363","A1":"36.12188742399904","A2":"경북 구미시 칠성로2길 32(신평동)","A3":"경북 구미시 신평동 150-63","A4":"4719011100101500063","A5":"1684","A6":"경북청","A7":"구미","A8":"신평","A9":"파출소","A10":"054-450-3119","A11":"경상북도 구미시 칠성로2길 32"}},
{"type":"Feature","geometry":{"type":"Point","coordinates":[328044.7327,390911.7604]},"properties":{"A0":"128.42202399073454","A1":"36.10752286420495","A2":"경북 구미시 인동중앙로 28(인의동)","A3":"경북 구미시 인의동 367-5","A4":"4719012200103670005","A5":"1685","A6":"경북청","A7":"구미","A8":"인동","A9":"파출소","A10":"054-450-3116","A11":"경상북도 구미시 인동중앙로 28"}},
{"type":"Feature","geometry":{"type":"Point","coordinates":[184477.8066,551978.568]},"properties":{"A0":"126.82430256214985","A1":"37.56721408130911","A2":"서울 강서구 마곡중앙5로 32(마곡동)","A3":"서울 강서구 마곡동 737-19","A4":"1150010500107370019","A5":"166","A6":"서울청","A7":"서울강서","A8":"마곡","A9":"지구대","A10":"02-2620-9541","A11":"서울특별시 강서구 마곡중앙5로 32"}},
{"type":"Feature","geometry":{"type":"Point","coordinates":[328375.4468,389547.4784]},"properties":{"A0":"128.42547544295869","A1":"36.09518666832638","A2":"경북 구미시 인동22길 33(진평동)","A3":"경북 구미시 진평동 111-1","A4":"4719012300101110001","A5":"1686","A6":"경북청","A7":"구미","A8":"진평","A9":"파출소","A10":"054-450-3118","A11":"경상북도 구미시 인동22길 33"}},
{"type":"Feature","geometry":{"type":"Point","coordinates":[355496.2361,359732.3198]},"properties":{"A0":"128.7206724941506","A1":"35.822642430112964","A2":"경북 경산시 성암로 27(옥산동)","A3":"경북 경산시 옥산동 848-2","A4":"4729010900108480002","A5":"1687","A6":"경북청","A7":"경산","A8":"서부","A9":"지구대","A10":"053-770-0111","A11":"경상북도 경산시 성암로 27"}},
{"type":"Feature","geometry":{"type":"Point","coordinates":[357369.5826,359938.468]},"properties":{"A0":"128.7414343799885","A1":"35.824200994849264","A2":"경북 경산시 원효로 35(중방동)","A3":"경북 경산시 중방동 717","A4":"4729011700107170000","A5":"1688","A6":"경북청","A7":"경산","A8":"중앙","A9":"파출소","A10":"053-770-0112","A11":"경상북도 경산시 원효로 35"}},
{"type":"Feature","geometry":{"type":"Point","coordinates":[364799.6385,359649.985]},"properties":{"A0":"128.8235596144291","A1":"35.820384314974284","A2":"경북 경산시 자인면 금학로 8","A3":"경북 경산시 자인면 동부리 2-2","A4":"4729033021100020002","A5":"1689","A6":"경북청","A7":"경산","A8":"자인","A9":"파출소","A10":"053-770-0116","A11":"경상북도 경산시 자인면 금학로 8"}},
{"type":"Feature","geometry":{"type":"Point","coordinates":[357977.1273,359439.2657]},"properties":{"A0":"128.74805617717757","A1":"35.819606325861145","A2":"경북 경산시 계양로 44(계양동)","A3":"경북 경산시 계양동 679-8","A4":"4729011600106790008","A5":"1690","A6":"경북청","A7":"경산","A8":"동부","A9":"파출소","A10":"053-770-0115","A11":"경상북도 경산시 계양로 44"}},
{"type":"Feature","geometry":{"type":"Point","coordinates":[364738.6871,371527.3513]},"properties":{"A0":"128.82533740472314","A1":"35.92738020569702","A2":"경북 경산시 하양읍 금송로 179","A3":"경북 경산시 하양읍 한사리 497-8","A4":"4729025029104970008","A5":"1691","A6":"경북청","A7":"경산","A8":"하양","A9":"파출소","A10":"053-770-0120","A11":"경상북도 경산시 하양읍 금송로 179"}},
{"type":"Feature","geometry":{"type":"Point","coordinates":[359086.7711,362155.5766]},"properties":{"A0":"128.76087040230541","A1":"35.84389661214625","A2":"경북 경산시 압량읍 부적길 50","A3":"경북 경산시 압량읍 부적리 462-1","A4":"4729025621104620001","A5":"1692","A6":"경북청","A7":"경산","A8":"압량","A9":"파출소","A10":"053-770-0122","A11":"경상북도 경산시 압량면 부적길 50"}},
{"type":"Feature","geometry":{"type":"Point","coordinates":[363660.3921,365704.7714]},"properties":{"A0":"128.81219705814235","A1":"35.87511554651845","A2":"경북 경산시 진량읍 낙산길 6","A3":"경북 경산시 진량읍 신상리 1138-5","A4":"4729025321111380005","A5":"1693","A6":"경북청","A7":"경산","A8":"진량","A9":"파출소","A10":"053-770-0121","A11":"경상북도 경산시 진량읍 낙산길 6"}},
{"type":"Feature","geometry":{"type":"Point","coordinates":[365655.0349,373670.5444]},"properties":{"A0":"128.8359332974438","A1":"35.94653600554955","A2":"경북 경산시 와촌면 금송로 419","A3":"경북 경산시 와촌면 소월리 22","A4":"4729031021100220000","A5":"1694","A6":"경북청","A7":"경산","A8":"와촌","A9":"파출소","A10":"053-770-0123","A11":"경상북도 경산시 와촌면 금송로 419"}},
{"type":"Feature","geometry":{"type":"Point","coordinates":[355184.8446,441910.3747]},"properties":{"A0":"128.7334724404763","A1":"36.56294743573679","A2":"경북 안동시 경동로 690(운흥동)","A3":"경북 안동시 운흥동 190-9","A4":"4717011300101900009","A5":"1695","A6":"경북청","A7":"안동","A8":"역전","A9":"지구대","A10":"054-859-2301","A11":"경상북도 안동시  경동로 690"}},
{"type":"Feature","geometry":{"type":"Point","coordinates":[210661.6693,549242.5472]},"properties":{"A0":"127.12064162653738","A1":"37.54263153547706","A2":"서울 강동구 구천면로 141(천호동) 천호지구대","A3":"서울 강동구 천호동 337-121","A4":"1174010900103370121","A5":"167","A6":"서울청","A7":"서울강동","A8":"천호","A9":"지구대","A10":"02-3449-7804","A11":"서울특별시 강동구  구천면로 141, 천호지구대"}},
{"type":"Feature","geometry":{"type":"Point","coordinates":[351427.6333,442921.2665]},"properties":{"A0":"128.69171844236303","A1":"36.572655876678745","A2":"경북 안동시 경동로 278(옥동)","A3":"경북 안동시 옥동 997-4","A4":"4717013300109970004","A5":"1696","A6":"경북청","A7":"안동","A8":"송하","A9":"지구대","A10":"054-852-3402","A11":"경상북도 안동시  경동로 278"}},
{"type":"Feature","geometry":{"type":"Point","coordinates":[353432.8656,441829.8164]},"properties":{"A0":"128.7138948202545","A1":"36.562506069152505","A2":"경북 안동시 태화2길 7(태화동)","A3":"경북 안동시 태화동 248-8","A4":"4717012200102480008","A5":"1697","A6":"경북청","A7":"안동","A8":"태화","A9":"지구대","A10":"054-852-3401","A11":"경상북도 안동시  태화2길 7"}},
{"type":"Feature","geometry":{"type":"Point","coordinates":[369613.2381,430595.7946]},"properties":{"A0":"128.89208568699797","A1":"36.458589166214814","A2":"경북 안동시 길안면 천지길 41","A3":"경북 안동시 길안면 천지리 740","A4":"4717039021107400000","A5":"1698","A6":"경북청","A7":"안동","A8":"길안","A9":"파출소","A10":"054-822-2112","A11":"경상북도 안동시 길안면 천지길 41"}},
{"type":"Feature","geometry":{"type":"Point","coordinates":[334937.1441,440816.0306]},"properties":{"A0":"128.50718275003305","A1":"36.55616296439432","A2":"경북 안동시 풍천면 지풍로 1479","A3":"경북 안동시 풍천면 갈전리 561-2","A4":"4717034021105610002","A5":"1699","A6":"경북청","A7":"안동","A8":"풍천","A9":"파출소","A10":"054-853-2112","A11":"경상북도 안동시 풍천면 지풍로 1479"}},
{"type":"Feature","geometry":{"type":"Point","coordinates":[368504.4062,453105.7642]},"properties":{"A0":"128.88464027900017","A1":"36.66152343838941","A2":"경북 안동시 예안면 임예로 1923","A3":"경북 안동시 예안면 정산리 664-4","A4":"4717041034106640004","A5":"1700","A6":"경북청","A7":"안동","A8":"예안","A9":"파출소","A10":"054-822-1612","A11":"경상북도 안동시 예안면 임예로 1923"}},
{"type":"Feature","geometry":{"type":"Point","coordinates":[341052.2976,443401.0171]},"properties":{"A0":"128.5759353971951","A1":"36.57856439776488","A2":"경북 안동시 풍산읍 풍산중앙길 139","A3":"경북 안동시 풍산읍 안교리 62-2","A4":"4717025021100620002","A5":"1701","A6":"경북청","A7":"안동","A8":"풍산","A9":"파출소","A10":"054-858-6112","A11":"경상북도 안동시 풍산읍 풍산중앙길 139"}},
{"type":"Feature","geometry":{"type":"Point","coordinates":[363935.9755,437813.0751]},"properties":{"A0":"128.83031176862121","A1":"36.5245792876299","A2":"경북 안동시 임하면 충효로 3257","A3":"경북 안동시 임하면 신덕리 688-2","A4":"4717038024106880002","A5":"1702","A6":"경북청","A7":"안동","A8":"임하","A9":"파출소","A10":"054-822-4412","A11":"경상북도 안동시 임하면 충효로 3257"}},
{"type":"Feature","geometry":{"type":"Point","coordinates":[358608.7475,437899.9805]},"properties":{"A0":"128.77087818645452","A1":"36.526262969292425","A2":"경북 안동시 남선면 충효로 3854","A3":"경북 안동시 남선면 구미리 122-3","A4":"4717037023101220003","A5":"1703","A6":"경북청","A7":"안동","A8":"남선","A9":"파출소","A10":"054-8221211","A11":"경상북도 안동시 남선면 충효로 3854"}},
{"type":"Feature","geometry":{"type":"Point","coordinates":[353960.375,440719.029]},"properties":{"A0":"128.71956343062442","A1":"36.55241276063147","A2":"경북 안동시 강남로 169(정하동)","A3":"경북 안동시 정하동 645-4","A4":"4717014000106450004","A5":"1704","A6":"경북청","A7":"안동","A8":"강남","A9":"파출소","A10":"054-858-7672","A11":"경상북도 안동시  강남로 169"}},
{"type":"Feature","geometry":{"type":"Point","coordinates":[357510.4963,441009.6602]},"properties":{"A0":"128.75925547620776","A1":"36.55445414962033","A2":"경북 안동시 경동로 959(용상동)","A3":"경북 안동시 용상동 1630","A4":"4717011000116300000","A5":"1705","A6":"경북청","A7":"안동","A8":"용상","A9":"파출소","A10":"054-821-3303","A11":"경상북도 안동시  경동로 959"}},
{"type":"Feature","geometry":{"type":"Point","coordinates":[212304.3164,547793.4553]},"properties":{"A0":"127.13920387978598","A1":"37.529554921737386","A2":"서울 강동구 양재대로96길 35(둔촌동)","A3":"서울 강동구 둔촌동 495","A4":"1174010600104950000","A5":"168","A6":"서울청","A7":"서울강동","A8":"길동","A9":"지구대","A10":"02-3449-7814","A11":"서울특별시 강동구 양재대로96길 35"}},
{"type":"Feature","geometry":{"type":"Point","coordinates":[371742.4008,442662.3698]},"properties":{"A0":"128.91850486101464","A1":"36.56688823346792","A2":"경북 안동시 임동면 챗거리길 25","A3":"경북 안동시 임동면 중평리 894","A4":"4717040021108940000","A5":"1706","A6":"경북청","A7":"안동","A8":"임동","A9":"파출소","A10":"054-822-4112","A11":"경상북도 안동시 임동면 챗거리길 25"}},
{"type":"Feature","geometry":{"type":"Point","coordinates":[348896.8796,432064.229]},"properties":{"A0":"128.66136419989226","A1":"36.47525604908341","A2":"경북 안동시 일직면 경북대로 7356","A3":"경북 안동시 일직면 운산리 53-17","A4":"4717035033100530017","A5":"1707","A6":"경북청","A7":"안동","A8":"일직","A9":"파출소","A10":"054-858-4112","A11":"경상북도 안동시 일직면 경북대로 7356"}},
{"type":"Feature","geometry":{"type":"Point","coordinates":[363755.9984,461865.3906]},"properties":{"A0":"128.8334295867442","A1":"36.74124680014711","A2":"경북 안동시 도산면 퇴계로 2543","A3":"경북 안동시 도산면 온혜리 385-4","A4":"4717042028103850004","A5":"1708","A6":"경북청","A7":"안동","A8":"도산","A9":"파출소","A10":"054-856-1112","A11":"경상북도 안동시  도산면 퇴계로 2543"}},
{"type":"Feature","geometry":{"type":"Point","coordinates":[352204.4832,455597.3362]},"properties":{"A0":"128.70290465641614","A1":"36.686710883168594","A2":"경북 안동시 북후면 북평로 897","A3":"경북 안동시 북후면 옹천리 577-11","A4":"4717032021105770011","A5":"1709","A6":"경북청","A7":"안동","A8":"북후","A9":"파출소","A10":"054-859-5112","A11":"경상북도 안동시 북후면 북평로 897"}},
{"type":"Feature","geometry":{"type":"Point","coordinates":[358078.0683,448066.6119]},"properties":{"A0":"128.76704251116516","A1":"36.61792664088905","A2":"경북 안동시 와룡면 퇴계로 841","A3":"경북 안동시 와룡면 태리 49-1","A4":"4717031027100490001","A5":"1710","A6":"경북청","A7":"안동","A8":"와룡","A9":"파출소","A10":"054-857-2113","A11":"경상북도 안동시 와룡면  퇴계로 841"}},
{"type":"Feature","geometry":{"type":"Point","coordinates":[350917.8368,441282.4225]},"properties":{"A0":"128.6857055096275","A1":"36.5579720715512","A2":"경북 안동시 광명로 7(옥동)","A3":"경북 안동시 옥동 1310-5","A4":"4717013300113100005","A5":"1711","A6":"경북청","A7":"안동","A8":"옥동","A9":"지구대","A10":"054-854-3401","A11":"경상북도 안동시 광명로 7"}},
{"type":"Feature","geometry":{"type":"Point","coordinates":[313189.1663,396475.7759]},"properties":{"A0":"128.25788064774696","A1":"36.159497671368456","A2":"경북 김천시 아포읍 국사길 143","A3":"경북 김천시 아포읍 국사리 39-1","A4":"4715025028100390001","A5":"1712","A6":"경북청","A7":"김천","A8":"아포","A9":"파출소","A10":"054-431-5112","A11":"경상북도 김천시 아포읍 국사길 143"}},
{"type":"Feature","geometry":{"type":"Point","coordinates":[292627.3516,376871.3947]},"properties":{"A0":"128.0271130650683","A1":"35.98502944771822","A2":"경북 김천시 지례면 상부길 107","A3":"경북 김천시 지례면 교리 571-2","A4":"4715042021105710002","A5":"1713","A6":"경북청","A7":"김천","A8":"남부","A9":"파출소","A10":"054-435-0112","A11":"경상북도 김천시 지례면 상부길 107"}},
{"type":"Feature","geometry":{"type":"Point","coordinates":[287265.1907,369199.5127]},"properties":{"A0":"127.96681893792828","A1":"35.91639143296024","A2":"경북 김천시 대덕면 대덕로 761","A3":"경북 김천시 대덕면 관기리 423-7","A4":"4715044028104230007","A5":"1714","A6":"경북청","A7":"김천","A8":"대덕","A9":"파출소","A10":"054-435-1112","A11":"경상북도 김천시 대덕면 대덕로 761"}},
{"type":"Feature","geometry":{"type":"Point","coordinates":[300328.5237,392307.7727]},"properties":{"A0":"128.1144520000953","A1":"36.12335885279543","A2":"경북 김천시 김천로 119(평화동)","A3":"경북 김천시 평화동 264-142","A4":"4715010500102640142","A5":"1715","A6":"경북청","A7":"김천","A8":"역전","A9":"파출소","A10":"054-436-4148","A11":"경상북도 김천시 김천로 119"}},
{"type":"Feature","geometry":{"type":"Point","coordinates":[211200.456,547696.0204]},"properties":{"A0":"127.12671393060435","A1":"37.528691151448896","A2":"서울 강동구 성내로 57(성내동) 성내지구대","A3":"서울 강동구 성내동 541-1","A4":"1174010800105410001","A5":"169","A6":"서울청","A7":"서울강동","A8":"성내","A9":"지구대","A10":"02-3449-7834","A11":"서울특별시 강동구  성내로 57 성내지구대"}},
{"type":"Feature","geometry":{"type":"Point","coordinates":[293833.0345,381836.8428]},"properties":{"A0":"128.04106623079997","A1":"36.029657259534105","A2":"경북 김천시 구성면 남김천대로 2327-4","A3":"경북 김천시 구성면 상원리 22-9","A4":"4715041035100220009","A5":"1716","A6":"경북청","A7":"김천","A8":"구성","A9":"파출소","A10":"054-434-5112","A11":"경상북도 김천시 구성면 남김천대로 2327-4"}},
{"type":"Feature","geometry":{"type":"Point","coordinates":[303440.8614,391840.7644]},"properties":{"A0":"128.14895776427312","A1":"36.11882275244221","A2":"경북 김천시 영남대로 2009(덕곡동)","A3":"경북 김천시 덕곡동 1415-1","A4":"4715011600114150001","A5":"1717","A6":"경북청","A7":"김천","A8":"중앙","A9":"지구대","A10":"054-435-4148","A11":"경상북도 김천시 영남대로 2009"}},
{"type":"Feature","geometry":{"type":"Point","coordinates":[301471.9256,391885.3965]},"properties":{"A0":"128.1270986153992","A1":"36.119433196014356","A2":"경북 김천시 자산로 41-2(모암동)","A3":"경북 김천시 모암동 142-3","A4":"4715010300101420003","A5":"1718","A6":"경북청","A7":"김천","A8":"자산","A9":"파출소","A10":"054-436-0112","A11":"경상북도 김천시 자산로 41-2"}},
{"type":"Feature","geometry":{"type":"Point","coordinates":[298988.1657,382460.668]},"properties":{"A0":"128.09833325916557","A1":"36.0347679599809","A2":"경북 김천시 조마면 강곡1길 22","A3":"경북 김천시 조마면 강곡리 285-3","A4":"4715040023102850003","A5":"1719","A6":"경북청","A7":"김천","A8":"조마","A9":"파출소","A10":"054-437-7112","A11":"경상북도 김천시 조마면 강곡1길 22"}},
{"type":"Feature","geometry":{"type":"Point","coordinates":[298687.1649,392322.5814]},"properties":{"A0":"128.09622696392188","A1":"36.12366040092887","A2":"경북 김천시 송설로 106(부곡동)","A3":"경북 김천시 부곡동 1285-7","A4":"4715011400112850007","A5":"1720","A6":"경북청","A7":"김천","A8":"서부","A9":"지구대","A10":"054-437-3148","A11":"경상북도 김천시 송설로 106"}},
{"type":"Feature","geometry":{"type":"Point","coordinates":[291665.279,391465.1205]},"properties":{"A0":"128.01813875024183","A1":"36.1166219880758","A2":"경북 김천시 대항면 직지로 182","A3":"경북 김천시 대항면 향천리 308-3","A4":"4715038021103080003","A5":"1721","A6":"경북청","A7":"김천","A8":"직지","A9":"파출소","A10":"054-436-6112","A11":"경상북도 김천시 대항면 직지로 182"}},
{"type":"Feature","geometry":{"type":"Point","coordinates":[298078.5616,393729.5219]},"properties":{"A0":"128.08964287186353","A1":"36.136395823895725","A2":"경북 김천시 대학로 129(삼락동)","A3":"경북 김천시 삼락동 358-2","A4":"4715011000103580002","A5":"1722","A6":"경북청","A7":"김천","A8":"북부","A9":"지구대","A10":"054-435-3148","A11":"경상북도 김천시 대학로 129"}},
{"type":"Feature","geometry":{"type":"Point","coordinates":[300548.7691,398447.1692]},"properties":{"A0":"128.11768445990322","A1":"36.178655463338245","A2":"경북 김천시 어모면 어모로 249","A3":"경북 김천시 어모면 중왕리 539-4","A4":"4715036021105390004","A5":"1723","A6":"경북청","A7":"김천","A8":"어모","A9":"파출소","A10":"054-430-3112","A11":"경상북도 김천시 어모면 어모로 249"}},
{"type":"Feature","geometry":{"type":"Point","coordinates":[305610.8372,402098.982]},"properties":{"A0":"128.174432501825","A1":"36.21102120315797","A2":"경북 김천시 감문면 감문로 985","A3":"경북 김천시 감문면 보광리 346-1","A4":"4715035021103460001","A5":"1724","A6":"경북청","A7":"김천","A8":"감문","A9":"파출소","A10":"054-430-5112","A11":"경상북도 김천시 감문로 985"}},
{"type":"Feature","geometry":{"type":"Point","coordinates":[307083.3325,392504.9272]},"properties":{"A0":"128.1894996609194","A1":"36.1244132236973","A2":"경북 김천시 혁신6로 75(율곡동)","A3":"경북 김천시 율곡동 967","A4":"4715012000109670000","A5":"1725","A6":"경북청","A7":"김천","A8":"동부","A9":"지구대","A10":"054-430-2112","A11":"경상북도 김천시 혁신6로 75"}},
{"type":"Feature","geometry":{"type":"Point","coordinates":[212442.9053,550614.6286]},"properties":{"A0":"127.14081960766919","A1":"37.554971793980314","A2":"서울 강동구 고덕로 137(암사동) 암사지구대","A3":"서울 강동구 암사동 414-19","A4":"1174010700104140019","A5":"170","A6":"서울청","A7":"서울강동","A8":"암사","A9":"지구대","A10":"02-3449-7824","A11":"서울특별시 강동구  고덕로 137 암사지구대"}},
{"type":"Feature","geometry":{"type":"Point","coordinates":[344930.6346,469320.0952]},"properties":{"A0":"128.62415635182566","A1":"36.811457234283154","A2":"경북 영주시 선비로 66(휴천동)","A3":"경북 영주시 휴천동 257-5","A4":"4721010400102570005","A5":"1726","A6":"경북청","A7":"영주","A8":"신영주","A9":"지구대","A10":"054-633-0127","A11":"경상북도 영주시 선비로 66"}},
{"type":"Feature","geometry":{"type":"Point","coordinates":[344366.0333,470534.398]},"properties":{"A0":"128.6180627639519","A1":"36.82248056371863","A2":"경북 영주시 선비로 205(영주동)","A3":"경북 영주시 영주동 470-218","A4":"4721010100104700218","A5":"1727","A6":"경북청","A7":"영주","A8":"서부","A9":"지구대","A10":"054-633-0125","A11":"경상북도 영주시 선비로 205"}},
{"type":"Feature","geometry":{"type":"Point","coordinates":[345888.1977,471333.5952]},"properties":{"A0":"128.6352701315989","A1":"36.82944500969356","A2":"경북 영주시 원당로 228(상망동)","A3":"경북 영주시 상망동 861-13","A4":"4721010200108610013","A5":"1728","A6":"경북청","A7":"영주","A8":"동부","A9":"지구대","A10":"054-633-0124","A11":"경상북도 영주시 원당로 228"}},
{"type":"Feature","geometry":{"type":"Point","coordinates":[338828.75,473076.554]},"properties":{"A0":"128.55648626651725","A1":"36.846208084671","A2":"경북 영주시 안정면 신재로 541","A3":"경북 영주시 안정면 신전리 77-4","A4":"4721035021100770004","A5":"1731","A6":"경북청","A7":"영주","A8":"안정","A9":"파출소","A10":"054-634-4112","A11":"경상북도 영주시 신재로 541"}},
{"type":"Feature","geometry":{"type":"Point","coordinates":[340389.5581,480773.2152]},"properties":{"A0":"128.5754023586769","A1":"36.91530510801379","A2":"경북 영주시 순흥면 순흥로 63","A3":"경북 영주시 순흥면 읍내리 314-2","A4":"4721037024103140002","A5":"1732","A6":"경북청","A7":"영주","A8":"순흥","A9":"파출소","A10":"054-633-2112","A11":"경상북도 영주시 순흥면 순흥로 63"}},
{"type":"Feature","geometry":{"type":"Point","coordinates":[335853.4937,475780.2181]},"properties":{"A0":"128.5236222288035","A1":"36.87099219431587","A2":"경북 영주시 풍기읍 기주로 114","A3":"경북 영주시 풍기읍 성내리 151-1","A4":"4721025021101510001","A5":"1733","A6":"경북청","A7":"영주","A8":"풍기","A9":"파출소","A10":"054-636-2112","A11":"경상북도 영주시 풍기읍 기주로 114"}},
{"type":"Feature","geometry":{"type":"Point","coordinates":[369157.8669,372106.4071]},"properties":{"A0":"128.87440324004632","A1":"35.931845706733355","A2":"경북 영천시 금호읍 금호로 115","A3":"경북 영천시 금호읍 교대리 167-45","A4":"4723025021101670045","A5":"1734","A6":"경북청","A7":"영천","A8":"금호","A9":"파출소","A10":"054-334-0112","A11":"경상북도 영천시 금호읍 금호로 115"}},
{"type":"Feature","geometry":{"type":"Point","coordinates":[384601.8562,380163.3457]},"properties":{"A0":"129.04731396603125","A1":"36.00161813388755","A2":"경북 영천시 고경면 호국로 1079","A3":"경북 영천시 고경면 해선리 317-2","A4":"4723038033103170002","A5":"1735","A6":"경북청","A7":"영천","A8":"고경","A9":"파출소","A10":"054-336-3112","A11":"경상북도 영천시 고경면 호국로 1079"}},
{"type":"Feature","geometry":{"type":"Point","coordinates":[377981.0804,381606.9794]},"properties":{"A0":"128.9742509595635","A1":"36.0158514419314","A2":"경북 영천시 임고면 포은로 439","A3":"경북 영천시 임고면 양항리 460-1","A4":"4723037021104600001","A5":"1736","A6":"경북청","A7":"영천","A8":"임고","A9":"파출소","A10":"054-335-7112","A11":"경상북도 영천시 임고면 포은로 439"}},
{"type":"Feature","geometry":{"type":"Point","coordinates":[367466.7512,381706.4188]},"properties":{"A0":"128.85769831767723","A1":"36.01861005930948","A2":"경북 영천시 화산면 장수로 908","A3":"경북 영천시 화산면 유성리 571","A4":"4723033033105710000","A5":"1737","A6":"경북청","A7":"영천","A8":"화산","A9":"파출소","A10":"054-335-5112","A11":"경상북도 영천시 화산면 장수로 908"}},
{"type":"Feature","geometry":{"type":"Point","coordinates":[212869.8328,547319.6179]},"properties":{"A0":"127.1455935711527","A1":"37.525277869981615","A2":"서울 강동구 진황도로 239(둔촌동) 둔촌파출소","A3":"서울 강동구 둔촌동 115","A4":"1174010600101150000","A5":"171","A6":"서울청","A7":"서울강동","A8":"둔촌","A9":"파출소","A10":"02-3449-7854","A11":"서울특별시 강동구  진황도로 239 둔촌파출소"}},
{"type":"Feature","geometry":{"type":"Point","coordinates":[361099.8909,384243.5859]},"properties":{"A0":"128.7876224198152","A1":"36.042537357452005","A2":"경북 영천시 신녕면 장수로 1691","A3":"경북 영천시 신녕면 화성리 870-2","A4":"4723032027108700002","A5":"1738","A6":"경북청","A7":"영천","A8":"신녕","A9":"파출소","A10":"054-332-9112","A11":"경상북도 영천시 신녕면 장수로 1691"}},
{"type":"Feature","geometry":{"type":"Point","coordinates":[370439.7173,386399.5944]},"properties":{"A0":"128.89166982655058","A1":"36.060367477752465","A2":"경북 영천시 화남면 천문로 1599","A3":"경북 영천시 화남면 삼창리 241","A4":"4723035027102410000","A5":"1739","A6":"경북청","A7":"영천","A8":"화남","A9":"파출소","A10":"054-337-7212","A11":"경상북도 영천시 화남면 천문로 1599"}},
{"type":"Feature","geometry":{"type":"Point","coordinates":[381329.7159,370784.4428]},"properties":{"A0":"129.0089032701183","A1":"35.91775765736109","A2":"경북 영천시 북안면 운북로 2023","A3":"경북 영천시 북안면 임포리 321-3","A4":"4723039034103210003","A5":"1740","A6":"경북청","A7":"영천","A8":"북안","A9":"파출소","A10":"054-333-6912","A11":"경상북도 영천시 북안면 운북로 2023"}},
{"type":"Feature","geometry":{"type":"Point","coordinates":[371215.4501,365940.8897]},"properties":{"A0":"128.89586867527578","A1":"35.87594851679688","A2":"경북 영천시 대창면 금창로 674","A3":"경북 영천시 대창면 대창리 743-3","A4":"4723040032107430003","A5":"1741","A6":"경북청","A7":"영천","A8":"대창","A9":"파출소","A10":"054-335-4112","A11":"경상북도 영천시 대창면 금창로 674"}},
{"type":"Feature","geometry":{"type":"Point","coordinates":[376483.2795,378434.3913]},"properties":{"A0":"128.95693896242256","A1":"35.987548049574386","A2":"경북 영천시 창신2길 13(망정동)","A3":"경북 영천시 망정동 417-42","A4":"4723010200104170042","A5":"1742","A6":"경북청","A7":"영천","A8":"동부","A9":"지구대","A10":"054-334-3721","A11":"경상북도 영천시 창신2길13"}},
{"type":"Feature","geometry":{"type":"Point","coordinates":[375086.7133,375921.1775]},"properties":{"A0":"128.94090718232877","A1":"35.96516767444003","A2":"경북 영천시 완산2길 43(완산동)","A3":"경북 영천시 완산동 729-7","A4":"4723011300107290007","A5":"1743","A6":"경북청","A7":"영천","A8":"남부","A9":"지구대","A10":"054-334-2104","A11":"경상북도 영천시 완산2길 43"}},
{"type":"Feature","geometry":{"type":"Point","coordinates":[374332.0901,376197.2949]},"properties":{"A0":"128.9326072547924","A1":"35.967783674090356","A2":"경북 영천시 최무선로 303(창구동)","A3":"경북 영천시 창구동 207-5","A4":"4723010600102070005","A5":"1744","A6":"경북청","A7":"영천","A8":"중앙","A9":"파출소","A10":"054-333-8112","A11":"경상북도 영천시 최무선로 303"}},
{"type":"Feature","geometry":{"type":"Point","coordinates":[364076.5069,379073.225]},"properties":{"A0":"128.81956335897019","A1":"35.99546214595003","A2":"경북 영천시 청통면 금송로 1025","A3":"경북 영천시 청통면 치일리 36-2","A4":"4723031030100360002","A5":"1745","A6":"경북청","A7":"영천","A8":"청통","A9":"파출소","A10":"054-335-1112","A11":"경상북도 영천시 청통면 금송로 1025"}},
{"type":"Feature","geometry":{"type":"Point","coordinates":[303661.4914,424756.7466]},"properties":{"A0":"128.15577141750956","A1":"36.415375614046695","A2":"경북 상주시 상서문로 63(남성동)","A3":"경북 상주시 남성동 36-19","A4":"4725010700100360019","A5":"1746","A6":"경북청","A7":"상주","A8":"중앙","A9":"지구대","A10":"054-534-8920","A11":"경상북도 상주시 상서문로 63"}},
{"type":"Feature","geometry":{"type":"Point","coordinates":[305749.3213,425089.8841]},"properties":{"A0":"128.17909155501005","A1":"36.418150103741056","A2":"경북 상주시 중앙로 371(복룡동)","A3":"경북 상주시 복룡동 193-12","A4":"4725010400101930012","A5":"1747","A6":"경북청","A7":"상주","A8":"동문","A9":"지구대","A10":"054-534-8922","A11":"경상북도 상주시 중앙로 371"}},
{"type":"Feature","geometry":{"type":"Point","coordinates":[213791.5728,550464.1187]},"properties":{"A0":"127.1560799581411","A1":"37.55359661460811","A2":"서울 강동구 동남로 895(명일동) 명일파출소","A3":"서울 강동구 명일동 47-30","A4":"1174010100100470030","A5":"172","A6":"서울청","A7":"서울강동","A8":"명일","A9":"파출소","A10":"02-3449-7844","A11":"서울특별시 강동구 동남로 895 명일파출소"}},
{"type":"Feature","geometry":{"type":"Point","coordinates":[286204.0877,413867.6044]},"properties":{"A0":"127.95995026855584","A1":"36.318984341416","A2":"경북 상주시 모동면 용호1길 21","A3":"경북 상주시 모동면 용호리 26-5","A4":"4725038023100260005","A5":"1748","A6":"경북청","A7":"상주","A8":"모동","A9":"파출소","A10":"054-533-3112","A11":"경상북도 상주시 모동면 용호1길 21"}},
{"type":"Feature","geometry":{"type":"Point","coordinates":[282312.0073,440827.4695]},"properties":{"A0":"127.91947847856171","A1":"36.56224621420104","A2":"경북 상주시 화북면 문장로 1718","A3":"경북 상주시 화북면 용유리 362-4","A4":"4725042021103620004","A5":"1749","A6":"경북청","A7":"상주","A8":"화북","A9":"파출소","A10":"054-533-1112","A11":"경상북도 상주시 화북면 문장로 1718"}},
{"type":"Feature","geometry":{"type":"Point","coordinates":[296162.5331,437780.3169]},"properties":{"A0":"128.07379353293396","A1":"36.533499445013405","A2":"경북 상주시 은척면 봉중1길 6","A3":"경북 상주시 은척면 봉중리 390-2","A4":"4725044021103900002","A5":"1750","A6":"경북청","A7":"상주","A8":"은척","A9":"파출소","A10":"054-541-7112","A11":"경상북도 상주시 은척면 봉중1길 6"}},
{"type":"Feature","geometry":{"type":"Point","coordinates":[316448.2091,419283.329]},"properties":{"A0":"128.2974849844461","A1":"36.364598740045984","A2":"경북 상주시 낙동면 영남제일로 105","A3":"경북 상주시 낙동면 낙동리 1119-2","A4":"4725033022111190002","A5":"1751","A6":"경북청","A7":"상주","A8":"낙동","A9":"파출소","A10":"054-532-8112","A11":"경상북도 상주시 낙동면 영남제일로 105"}},
{"type":"Feature","geometry":{"type":"Point","coordinates":[285586.0724,421630.6505]},"properties":{"A0":"127.95392344420299","A1":"36.38898955744643","A2":"경북 상주시 화동면 이소1길 42","A3":"경북 상주시 화동면 이소리 368-2","A4":"4725040021103680002","A5":"1752","A6":"경북청","A7":"상주","A8":"화동","A9":"파출소","A10":"054-533-4112","A11":"경상북도 상주시 화동면 이소1길 42"}},
{"type":"Feature","geometry":{"type":"Point","coordinates":[308405.6132,430647.5134]},"properties":{"A0":"128.2094797853048","A1":"36.46792817586558","A2":"경북 상주시 사벌국면 덕담1길 59","A3":"경북 상주시 사벌국면 덕담리 380-4","A4":"4725032521103800004","A5":"1753","A6":"경북청","A7":"상주","A8":"사벌국","A9":"파출소","A10":"054-532-1112","A11":"경상북도 상주시 사벌면 덕담1길 59"}},
{"type":"Feature","geometry":{"type":"Point","coordinates":[301514.1323,416332.9294]},"properties":{"A0":"128.13073403898267","A1":"36.33970746071862","A2":"경북 상주시 청리면 청리중앙로 166-10","A3":"경북 상주시 청리면 월로리 894-2","A4":"4725034022108940002","A5":"1754","A6":"경북청","A7":"상주","A8":"청리","A9":"파출소","A10":"054-532-6112","A11":"경상북도 상주시 청리면 청리중앙로 166-10"}},
{"type":"Feature","geometry":{"type":"Point","coordinates":[298240.3929,410213.2568]},"properties":{"A0":"128.09350388404954","A1":"36.28490489673468","A2":"경북 상주시 공성면 공성중앙로 99","A3":"경북 상주시 공성면 옥산리 169-1","A4":"4725035021101690001","A5":"1755","A6":"경북청","A7":"상주","A8":"공성","A9":"파출소","A10":"054-532-4112","A11":"경상북도 상주시 공성면 공성중앙로 99"}},
{"type":"Feature","geometry":{"type":"Point","coordinates":[303591.933,435563.9866]},"properties":{"A0":"128.15644370981352","A1":"36.51275492085511","A2":"경북 상주시 공검면 비재로 1288","A3":"경북 상주시 공검면 양정리 886-9","A4":"4725045025108860009","A5":"1756","A6":"경북청","A7":"상주","A8":"공검","A9":"파출소","A10":"054-541-2112","A11":"경상북도 상주시 공검면 비재로 1288"}},
{"type":"Feature","geometry":{"type":"Point","coordinates":[305361.3944,441780.3055]},"properties":{"A0":"128.1770400562687","A1":"36.568568818679836","A2":"경북 상주시 함창읍 함창중앙로 112","A3":"경북 상주시 함창읍 구향리 165-3","A4":"4725025021101650003","A5":"1757","A6":"경북청","A7":"상주","A8":"함창","A9":"파출소","A10":"054-541-3112","A11":"경상북도 상주시 함창읍 함창중앙로 112"}},
{"type":"Feature","geometry":{"type":"Point","coordinates":[215309.4238,551713.6234]},"properties":{"A0":"127.17328355200155","A1":"37.56483051085058","A2":"서울 강동구 아리수로91길 20(강일동)","A3":"서울 강동구 강일동 678-3","A4":"1174011000106780003","A5":"173","A6":"서울청","A7":"서울강동","A8":"강일","A9":"파출소","A10":"02-3449-7864","A11":"서울특별시 강동구  아리수로91길 20"}},
{"type":"Feature","geometry":{"type":"Point","coordinates":[285091.5323,427782.5969]},"properties":{"A0":"127.9490861296773","A1":"36.44446534090675","A2":"경북 상주시 화서면 화령로 21","A3":"경북 상주시 화서면 신봉리 171-4","A4":"4725041021101710004","A5":"1758","A6":"경북청","A7":"상주","A8":"화서","A9":"파출소","A10":"054-533-0112","A11":"경상북도 상주시 화서면 화령로 21"}},
{"type":"Feature","geometry":{"type":"Point","coordinates":[289699.7651,444930.8663]},"properties":{"A0":"128.00246945079178","A1":"36.598554702176926","A2":"경북 문경시 농암면 농암길 78","A3":"경북 문경시 농암면 농암리 166-2","A4":"4728037021101660002","A5":"1759","A6":"경북청","A7":"문경","A8":"농암","A9":"파출소","A10":"054-550-7387","A11":"경상북도 문경시 농암면 농암길 78"}},
{"type":"Feature","geometry":{"type":"Point","coordinates":[295125.8411,449925.6506]},"properties":{"A0":"128.06371972024283","A1":"36.64303125979979","A2":"경북 문경시 가은읍 가은로 137","A3":"경북 문경시 가은읍 왕능리 336-4","A4":"4728025321103360004","A5":"1760","A6":"경북청","A7":"문경","A8":"가은","A9":"파출소","A10":"054-550-7386","A11":"경상북도 문경시 가은읍 가은로 137"}},
{"type":"Feature","geometry":{"type":"Point","coordinates":[312717.1877,451578.0869]},"properties":{"A0":"128.2606331917261","A1":"36.655998079715474","A2":"경북 문경시 산북면 강동로 14","A3":"경북 문경시 산북면 대상리 10-18","A4":"4728034022100100018","A5":"1761","A6":"경북청","A7":"문경","A8":"산북","A9":"파출소","A10":"054-550-7395","A11":"경상북도 문경시 산북면 강동로 14"}},
{"type":"Feature","geometry":{"type":"Point","coordinates":[312592.2226,446605.5788]},"properties":{"A0":"128.25850688773994","A1":"36.61121625004644","A2":"경북 문경시 산양면 산양로 107","A3":"경북 문경시 산양면 불암리 57-7","A4":"4728032029100570007","A5":"1762","A6":"경북청","A7":"문경","A8":"산양","A9":"파출소","A10":"054-550-7396","A11":"경상북도 문경시 산양면 산양로 107"}},
{"type":"Feature","geometry":{"type":"Point","coordinates":[307451.1775,445494.1044]},"properties":{"A0":"128.20091496884842","A1":"36.601758746919245","A2":"경북 문경시 돈달로 142(흥덕동)","A3":"경북 문경시 흥덕동 716-14","A4":"4728010300107160014","A5":"1763","A6":"경북청","A7":"문경","A8":"점촌","A9":"파출소","A10":"054-550-7302","A11":"경상북도 문경시 돈달로 142"}},
{"type":"Feature","geometry":{"type":"Point","coordinates":[306389.6857,444598.7308]},"properties":{"A0":"128.18891428522159","A1":"36.59384745651843","A2":"경북 문경시 모전로 144(모전동)","A3":"경북 문경시 모전동 959-9","A4":"4728011000109590009","A5":"1764","A6":"경북청","A7":"문경","A8":"남부","A9":"파출소","A10":"054-550-7303","A11":"경상북도 문경시 모전로 144"}},
{"type":"Feature","geometry":{"type":"Point","coordinates":[298906.4057,460464.1729]},"properties":{"A0":"128.1073489958788","A1":"36.73759314381046","A2":"경북 문경시 문경읍 문희로 61","A3":"경북 문경시 문경읍 상리 454-4","A4":"4728025021104540004","A5":"1765","A6":"경북청","A7":"문경","A8":"문경","A9":"파출소","A10":"054-550-7385","A11":"경상북도 문경시 문경읍 문희로 61"}},
{"type":"Feature","geometry":{"type":"Point","coordinates":[300145.1716,455528.3481]},"properties":{"A0":"128.12057099436902","A1":"36.692994768138206","A2":"경북 문경시 마성면 문경대로 1768","A3":"경북 문경시 마성면 오천리 835-1","A4":"4728036026108350001","A5":"1766","A6":"경북청","A7":"문경","A8":"마성","A9":"파출소","A10":"054-550-7398","A11":"경상북도 문경시 호계면 문경대로 1768"}},
{"type":"Feature","geometry":{"type":"Point","coordinates":[325994.8054,377905.6903]},"properties":{"A0":"128.3971916643635","A1":"35.99061575418973","A2":"경북 칠곡군 왜관읍 2번도로길 33","A3":"경북 칠곡군 왜관읍 왜관리 265","A4":"4785025021102650000","A5":"1767","A6":"경북청","A7":"칠곡","A8":"왜관","A9":"지구대","A10":"054-974-2228","A11":"경상북도 칠곡군 왜관읍 2번도로길 33"}},
{"type":"Feature","geometry":{"type":"Point","coordinates":[197547.0386,552360.7356]},"properties":{"A0":"126.9722333188795","A1":"37.57078485459535","A2":"서울 종로구 경희궁길 6-3(신문로1가)","A3":"서울 종로구 신문로1가 58-16","A4":"1111012000100580016","A5":"18","A6":"서울청","A7":"서울종로","A8":"신문로","A9":"파출소","A10":"02-3701-4311","A11":"서울특별시 종로구  경희궁길 6-3"}},
{"type":"Feature","geometry":{"type":"Point","coordinates":[213405.8835,550881.6193]},"properties":{"A0":"127.15172281299303","A1":"37.55736369478949","A2":"서울 강동구 고덕로61길 61(고덕동)","A3":"서울 강동구 고덕동 691-9","A4":"1174010200106910009","A5":"174","A6":"서울청","A7":"서울강동","A8":"고덕","A9":"파출소","A10":"02-3449-7874","A11":"서울특별시 강동구  고덕로 61길61"}},
{"type":"Feature","geometry":{"type":"Point","coordinates":[325573.1136,387418.0885]},"properties":{"A0":"128.39403121716853","A1":"36.07636987722246","A2":"경북 칠곡군 석적읍 석적로 965","A3":"경북 칠곡군 석적읍 남율리 749","A4":"4785025623107490000","A5":"1768","A6":"경북청","A7":"칠곡","A8":"석적","A9":"지구대","A10":"054-974-2112","A11":"경상북도 칠곡군 석적읍 석적로 965"}},
{"type":"Feature","geometry":{"type":"Point","coordinates":[321023.7895,385839.2838]},"properties":{"A0":"128.34329409043602","A1":"36.06272014448852","A2":"경북 칠곡군 북삼읍 인평1길 2","A3":"경북 칠곡군 북삼읍 인평리 367-5","A4":"4785025325103670005","A5":"1769","A6":"경북청","A7":"칠곡","A8":"북삼","A9":"지구대","A10":"054-972-0112","A11":"경상북도 칠곡군 북삼읍 인평1길 2"}},
{"type":"Feature","geometry":{"type":"Point","coordinates":[340131.23,377026.6997]},"properties":{"A0":"128.5537501847674","A1":"35.98076389311869","A2":"경북 칠곡군 동명면 금암중앙길 21","A3":"경북 칠곡군 동명면 송산리 1-3","A4":"4785032031100010003","A5":"1770","A6":"경북청","A7":"칠곡","A8":"동명","A9":"파출소","A10":"054-976-8112","A11":"경상북도 칠곡군 동명면 금암중앙길 21"}},
{"type":"Feature","geometry":{"type":"Point","coordinates":[334352.9366,374205.6599]},"properties":{"A0":"128.4892242039556","A1":"35.956159197059776","A2":"경북 칠곡군 지천면 신동로 154","A3":"경북 칠곡군 지천면 신리 402-5","A4":"4785031036104020005","A5":"1771","A6":"경북청","A7":"칠곡","A8":"지천","A9":"파출소","A10":"054-972-2112","A11":"경상북도 칠곡군 지천면 신동로 154"}},
{"type":"Feature","geometry":{"type":"Point","coordinates":[338601.8207,388721.8431]},"properties":{"A0":"128.53884585607472","A1":"36.08634531105555","A2":"경북 칠곡군 가산면 경북대로 1576","A3":"경북 칠곡군 가산면 천평리 140-2","A4":"4785033039101400002","A5":"1772","A6":"경북청","A7":"칠곡","A8":"가산","A9":"파출소","A10":"054-975-8112","A11":"경상북도 칠곡군 동명면 경북대로 1576"}},
{"type":"Feature","geometry":{"type":"Point","coordinates":[322991.6102,382600.2065]},"properties":{"A0":"128.3646294965975","A1":"36.03329202903768","A2":"경북 칠곡군 약목면 약목로3길 12","A3":"경북 칠곡군 약목면 복성리 973-1","A4":"4785036028109730001","A5":"1773","A6":"경북청","A7":"칠곡","A8":"약목","A9":"파출소","A10":"054-975-0112","A11":"경상북도 칠곡군 약목면 약목로3길 12"}},
{"type":"Feature","geometry":{"type":"Point","coordinates":[352882.3565,418658.5787]},"properties":{"A0":"128.7031665926639","A1":"36.35389642594144","A2":"경북 의성군 의성읍 충효로 65","A3":"경북 의성군 의성읍 상리리 642-5","A4":"4773025023106420005","A5":"1774","A6":"경북청","A7":"의성","A8":"의성","A9":"지구대","A10":"054-833-1112","A11":"경상북도 의성군 의성읍 충효로 65"}},
{"type":"Feature","geometry":{"type":"Point","coordinates":[341808.1316,421054.314]},"properties":{"A0":"128.5802848114696","A1":"36.37715282034138","A2":"경북 의성군 안평면 안평의성로 1","A3":"경북 의성군 안평면 박곡리 900-7","A4":"4773046036109000007","A5":"1775","A6":"경북청","A7":"의성","A8":"안평","A9":"파출소","A10":"054-832-5112","A11":"경상북도 의성군 안평면 안평의성로 1"}},
{"type":"Feature","geometry":{"type":"Point","coordinates":[324104.0406,420697.9761]},"properties":{"A0":"128.38299260409275","A1":"36.37638988035065","A2":"경북 의성군 단밀면 주속길 70","A3":"경북 의성군 단밀면 속암리 160-2","A4":"4773041029101600002","A5":"1776","A6":"경북청","A7":"의성","A8":"단밀","A9":"파출소","A10":"054-862-0112","A11":"경상북도 의성군 단밀면 주속길 70"}},
{"type":"Feature","geometry":{"type":"Point","coordinates":[341868.4964,412392.7044]},"properties":{"A0":"128.5793804588057","A1":"36.299114959429346","A2":"경북 의성군 봉양면 도리원1길 53","A3":"경북 의성군 봉양면 화전리 134-3","A4":"4773038040101340003","A5":"1777","A6":"경북청","A7":"의성","A8":"봉양","A9":"파출소","A10":"054-832-2112","A11":"경상북도 의성군 봉양면 도리원1길 53"}},
{"type":"Feature","geometry":{"type":"Point","coordinates":[214652.8111,550755.9854]},"properties":{"A0":"127.16583242096951","A1":"37.55621293315146","A2":"서울 강동구 고덕로80길 7(상일동)","A3":"서울 강동구 상일동 520-2","A4":"1174010300105200002","A5":"175","A6":"서울청","A7":"서울강동","A8":"상일","A9":"파출소","A10":"02-3449-7894","A11":"서울특별시 강동구 고덕로 80길 7"}},
{"type":"Feature","geometry":{"type":"Point","coordinates":[328918.8949,421662.2148]},"properties":{"A0":"128.4367903482776","A1":"36.38442628752427","A2":"경북 의성군 안계면 안계길 143","A3":"경북 의성군 안계면 용기리 833-4","A4":"4773043030108330004","A5":"1778","A6":"경북청","A7":"의성","A8":"안계","A9":"파출소","A10":"054-861-0112","A11":"경상북도 의성군 안계면 안계길 143"}},
{"type":"Feature","geometry":{"type":"Point","coordinates":[362992.6049,405936.5995]},"properties":{"A0":"128.81310496993774","A1":"36.23762317617316","A2":"경북 의성군 춘산면 금성현서로 1491","A3":"경북 의성군 춘산면 옥정리 316-14","A4":"4773035029103160014","A5":"1779","A6":"경북청","A7":"의성","A8":"춘산","A9":"파출소","A10":"054-832-8112","A11":"경상북도 의성군 춘산면 금성현서로 1491"}},
{"type":"Feature","geometry":{"type":"Point","coordinates":[351102.3051,407760.0449]},"properties":{"A0":"128.68125281920305","A1":"36.25599781661823","A2":"경북 의성군 금성면 탑리길 55","A3":"경북 의성군 금성면 대리리 66-6","A4":"4773037037100660006","A5":"1780","A6":"경북청","A7":"의성","A8":"금성","A9":"파출소","A10":"054-832-3112","A11":"경상북도 의성군 금성면 탑리길 55"}},
{"type":"Feature","geometry":{"type":"Point","coordinates":[361955.4201,423333.9638]},"properties":{"A0":"128.80517928431016","A1":"36.39450082033187","A2":"경북 의성군 옥산면 신감옥산로 1228-3","A3":"경북 의성군 옥산면 정자리 240-1","A4":"4773033032102400001","A5":"1781","A6":"경북청","A7":"의성","A8":"옥산","A9":"파출소","A10":"054-833-3112","A11":"경상북도 의성군 옥산면 신감옥산로 1228-3"}},
{"type":"Feature","geometry":{"type":"Point","coordinates":[321512.1549,428670.5935]},"properties":{"A0":"128.3553638454256","A1":"36.44854506584605","A2":"경북 의성군 다인면 서릉길 62","A3":"경북 의성군 다인면 서릉리 110-3","A4":"4773044036101100003","A5":"1782","A6":"경북청","A7":"의성","A8":"다인","A9":"파출소","A10":"054-861-5112","A11":"경상북도 의성군 다인면 서릉길 62"}},
{"type":"Feature","geometry":{"type":"Point","coordinates":[346552.5028,339503.4564]},"properties":{"A0":"128.61804924113702","A1":"35.641772547546466","A2":"경북 청도군 풍각면 헐티로 212","A3":"경북 청도군 풍각면 송서리 592-1","A4":"4782032033105920001","A5":"1783","A6":"경북청","A7":"청도","A8":"풍각","A9":"파출소","A10":"054-372-2112","A11":"경상북도 청도군 풍각면 헐티로 212"}},
{"type":"Feature","geometry":{"type":"Point","coordinates":[350972.5873,341905.9316]},"properties":{"A0":"128.66728118978","A1":"35.662752614480645","A2":"경북 청도군 이서면 학산1길 48","A3":"경북 청도군 이서면 학산리 176-1","A4":"4782034044101760001","A5":"1784","A6":"경북청","A7":"청도","A8":"이서","A9":"파출소","A10":"054-372-4112","A11":"경상북도 청도군 이서면 학산1길 48"}},
{"type":"Feature","geometry":{"type":"Point","coordinates":[358102.5317,339676.6547]},"properties":{"A0":"128.74555316873608","A1":"35.64155397625383","A2":"경북 청도군 청도읍 청화로 194","A3":"경북 청도군 청도읍 고수리 969-54","A4":"4782025321109690054","A5":"1785","A6":"경북청","A7":"청도","A8":"중앙","A9":"파출소","A10":"054-373-3112","A11":"경상북도 청도군 청도읍 청화로 194"}},
{"type":"Feature","geometry":{"type":"Point","coordinates":[354432.2762,340330.0891]},"properties":{"A0":"128.70517373736692","A1":"35.64801895971592","A2":"경북 청도군 화양읍 도주관로 142","A3":"경북 청도군 화양읍 서상리 284","A4":"4782025022102840000","A5":"1786","A6":"경북청","A7":"청도","A8":"화양","A9":"파출소","A10":"054-373-4112","A11":"경상북도 청도군 화양읍 도주관로 142"}},
{"type":"Feature","geometry":{"type":"Point","coordinates":[371187.8035,345619.2134]},"properties":{"A0":"128.89121782228156","A1":"35.69290419272626","A2":"경북 청도군 금천면 금천로 46","A3":"경북 청도군 금천면 동곡리 786-11","A4":"4782036031107860011","A5":"1787","A6":"경북청","A7":"청도","A8":"금천","A9":"파출소","A10":"054-372-3112","A11":"경상북도 청도군 금천면 금천로 46"}},
{"type":"Feature","geometry":{"type":"Point","coordinates":[204879.1518,556600.0044]},"properties":{"A0":"127.05525858335332","A1":"37.60897063765086","A2":"서울 성북구 화랑로32가길 20(석관동) 석관파출소","A3":"서울 성북구 석관동 407-3","A4":"1129013900104070003","A5":"176","A6":"서울청","A7":"서울종암","A8":"석관","A9":"파출소","A10":"02-3396-7663","A11":"서울특별시 성북구  화랑로32가길 20 석관파출소"}},
{"type":"Feature","geometry":{"type":"Point","coordinates":[368147.767,342796.2971]},"properties":{"A0":"128.85705757997204","A1":"35.66799817942501","A2":"경북 청도군 매전면 청려로 3711","A3":"경북 청도군 매전면 동산리 183-1","A4":"4782037044101830001","A5":"1788","A6":"경북청","A7":"청도","A8":"매전","A9":"파출소","A10":"054-372-5112","A11":"경상북도 청도군 매전면 청려로 3711"}},
{"type":"Feature","geometry":{"type":"Point","coordinates":[413155.3689,412212.7145]},"properties":{"A0":"129.3724418136854","A1":"36.28436639971369","A2":"경북 영덕군 남정면 진불길 29","A3":"경북 영덕군 남정면 장사리 224-1","A4":"4777032036102240001","A5":"1789","A6":"경북청","A7":"영덕","A8":"남정","A9":"파출소","A10":"054-732-4113","A11":"경상북도 영덕군 남정면 진불길 29"}},
{"type":"Feature","geometry":{"type":"Point","coordinates":[412610.4135,426213.1052]},"properties":{"A0":"129.37019518587715","A1":"36.410563833730045","A2":"경북 영덕군 영덕읍 중앙길 89","A3":"경북 영덕군 영덕읍 남석리 5-8","A4":"4777025023100050008","A5":"1790","A6":"경북청","A7":"영덕","A8":"영덕","A9":"파출소","A10":"054-734-3820","A11":"경상북도 영덕군 영덕읍 중앙길 89"}},
{"type":"Feature","geometry":{"type":"Point","coordinates":[413696.5292,420334.7412]},"properties":{"A0":"129.3806802385526","A1":"36.35739234934084","A2":"경북 영덕군 강구면 동해대로 4482","A3":"경북 영덕군 강구면 오포리 75-1","A4":"4777031032100750001","A5":"1791","A6":"경북청","A7":"영덕","A8":"강구","A9":"파출소","A10":"054-733-4112","A11":"경상북도 영덕군 강구면 동해대로 4482"}},
{"type":"Feature","geometry":{"type":"Point","coordinates":[415619.7838,440316.1592]},"properties":{"A0":"129.40764372939879","A1":"36.53687252151313","A2":"경북 영덕군 영해면 예주2길 9","A3":"경북 영덕군 영해면 성내리 672-3","A4":"4777036030106720003","A5":"1792","A6":"경북청","A7":"영덕","A8":"영해","A9":"파출소","A10":"054-732-1112","A11":"경상북도 영덕군 영해면 예주2길 9"}},
{"type":"Feature","geometry":{"type":"Point","coordinates":[418773.3413,436900.6239]},"properties":{"A0":"129.44186494444978","A1":"36.505403366993306","A2":"경북 영덕군 축산면 영덕대게로 2049","A3":"경북 영덕군 축산면 축산리 426-15","A4":"4777035032104260015","A5":"1793","A6":"경북청","A7":"영덕","A8":"축산","A9":"파출소","A10":"054-732-5112","A11":"경상북도 영덕군 축산면 영덕대게로 2049"}},
{"type":"Feature","geometry":{"type":"Point","coordinates":[415728.1944,447486.8896]},"properties":{"A0":"129.4108610740173","A1":"36.60140739905934","A2":"경북 영덕군 병곡면 병곡길 62","A3":"경북 영덕군 병곡면 병곡리 70-1","A4":"4777037038100700001","A5":"1794","A6":"경북청","A7":"영덕","A8":"병곡","A9":"파출소","A10":"054-732-2112","A11":"경상북도 영덕군 병곡면 병곡길 62"}},
{"type":"Feature","geometry":{"type":"Point","coordinates":[418932.2668,469503.3303]},"properties":{"A0":"129.45293140395108","A1":"36.798894688274174","A2":"경북 울진군 기성면 기성로 667","A3":"경북 울진군 기성면 척산리 87","A4":"4793035021100870000","A5":"1795","A6":"경북청","A7":"울진","A8":"기성","A9":"파출소","A10":"054-785-0316","A11":"경상북도 울진군 기성면 기성로 667"}},
{"type":"Feature","geometry":{"type":"Point","coordinates":[410983.15,502973.8013]},"properties":{"A0":"129.37327517825162","A1":"37.10203831994729","A2":"경북 울진군 북면 울진북로 2080","A3":"경북 울진군 북면 부구리 146-17","A4":"4793031021101460017","A5":"1796","A6":"경북청","A7":"울진","A8":"북면","A9":"파출소","A10":"054-785-0312","A11":"경상북도 울진군 북면 울진북로 2080"}},
{"type":"Feature","geometry":{"type":"Point","coordinates":[415407.2375,498376.4212]},"properties":{"A0":"129.42168219756496","A1":"37.0596438743046","A2":"경북 울진군 죽변면 죽변중앙로 159","A3":"경북 울진군 죽변면 죽변리 351","A4":"4793037021103510000","A5":"1797","A6":"경북청","A7":"울진","A8":"죽변","A9":"파출소","A10":"054-785-0302","A11":"경상북도 울진군 죽변면 죽변중앙로 159"}},
{"type":"Feature","geometry":{"type":"Point","coordinates":[202862.7846,556089.4473]},"properties":{"A0":"127.03242030460049","A1":"37.604379099111995","A2":"서울 성북구 종암로32길 5(하월곡동) 월곡지구대","A3":"서울 성북구 하월곡동 90-1152","A4":"1129013600100901152","A5":"178","A6":"서울청","A7":"서울종암","A8":"월곡","A9":"지구대","A10":"02-3396-7684","A11":"서울특별시 성북구  종암로32길 5 월곡지구대"}},
{"type":"Feature","geometry":{"type":"Point","coordinates":[413901.3144,491285.817]},"properties":{"A0":"129.40275358938467","A1":"36.9961516404999","A2":"경북 울진군 울진읍 읍내10길 20","A3":"경북 울진군 울진읍 읍내리 556-5","A4":"4793025021105560005","A5":"1798","A6":"경북청","A7":"울진","A8":"울진","A9":"파출소","A10":"054-785-0301","A11":"경상북도 울진군 울진읍 읍내10길 20"}},
{"type":"Feature","geometry":{"type":"Point","coordinates":[413388.8545,487595.1185]},"properties":{"A0":"129.3959556291092","A1":"36.96304210567717","A2":"경북 울진군 근남면 울진북로 147","A3":"경북 울진군 근남면 노음리 326-17","A4":"4793033021103260017","A5":"1799","A6":"경북청","A7":"울진","A8":"근남","A9":"파출소","A10":"054-785-0313","A11":"경상북도 울진군 근남면 울진북로 147"}},
{"type":"Feature","geometry":{"type":"Point","coordinates":[418426.0706,455891.4344]},"properties":{"A0":"129.44335053783774","A1":"36.67652734648178","A2":"경북 울진군 후포면 울진대게로 34-8","A3":"경북 울진군 후포면 삼율리 169-7","A4":"4793038022101690007","A5":"1800","A6":"경북청","A7":"울진","A8":"후포","A9":"파출소","A10":"054-785-0318","A11":"경상북도 울진군 후포면 울진대게로 34-8"}},
{"type":"Feature","geometry":{"type":"Point","coordinates":[418100.8366,461386.8706]},"properties":{"A0":"129.4413040096179","A1":"36.726009765685845","A2":"경북 울진군 평해읍 평해로 61","A3":"경북 울진군 평해읍 평해리 823-5","A4":"4793025321108230005","A5":"1801","A6":"경북청","A7":"울진","A8":"평해","A9":"파출소","A10":"054-785-0320","A11":"경상북도 울진군 평해읍 평해로 61"}},
{"type":"Feature","geometry":{"type":"Point","coordinates":[400417.8686,484297.3345]},"properties":{"A0":"129.24955120314036","A1":"36.93619766059865","A2":"경북 울진군 금강송면 불영계곡로 1723","A3":"경북 울진군 금강송면 삼근리 194-1","A4":"4793039021101940001","A5":"1802","A6":"경북청","A7":"울진","A8":"금강송","A9":"파출소","A10":"054-785-0314","A11":"경상북도 울진군 금강송면 불영계곡로 1723"}},
{"type":"Feature","geometry":{"type":"Point","coordinates":[383474.3351,495953.006]},"properties":{"A0":"129.06232124471967","A1":"37.04460664526694","A2":"경북 봉화군 석포면 석포로1길 6","A3":"경북 봉화군 석포면 석포리 569-3","A4":"4792039021105690003","A5":"1803","A6":"경북청","A7":"봉화","A8":"석포","A9":"파출소","A10":"054-672-6112","A11":"경상북도 봉화군 석포면 석포로1길 6"}},
{"type":"Feature","geometry":{"type":"Point","coordinates":[370423.2003,483739.5258]},"properties":{"A0":"128.91294203645816","A1":"36.937072978606174","A2":"경북 봉화군 춘양면 의양로 54","A3":"경북 봉화군 춘양면 의양리 351-2","A4":"4792034021103510002","A5":"1804","A6":"경북청","A7":"봉화","A8":"춘양","A9":"파출소","A10":"054-672-3112","A11":"경상북도 봉화군 춘양면 의양로 54"}},
{"type":"Feature","geometry":{"type":"Point","coordinates":[378310.1781,484232.4296]},"properties":{"A0":"129.00152664130957","A1":"36.94008510569235","A2":"경북 봉화군 소천면 소천로 1259","A3":"경북 봉화군 소천면 현동리 687-3","A4":"4792035021106870003","A5":"1805","A6":"경북청","A7":"봉화","A8":"소천","A9":"파출소","A10":"054-672-7112","A11":"경상북도 봉화군 소천면 소천로 1259"}},
{"type":"Feature","geometry":{"type":"Point","coordinates":[369280.0774,474718.2882]},"properties":{"A0":"128.89810281069435","A1":"36.85603355814192","A2":"경북 봉화군 명호면 노루목재길 24","A3":"경북 봉화군 명호면 도천리 240-7","A4":"4792037021102400007","A5":"1806","A6":"경북청","A7":"봉화","A8":"명호","A9":"파출소","A10":"054-672-1112","A11":"경상북도 봉화군 명호면 노루목재길 24"}},
{"type":"Feature","geometry":{"type":"Point","coordinates":[354022.0094,478427.119]},"properties":{"A0":"128.7278438967547","A1":"36.892047288202065","A2":"경북 봉화군 봉화읍 봉화로 1077","A3":"경북 봉화군 봉화읍 해저리 85-5","A4":"4792025026100850005","A5":"1807","A6":"경북청","A7":"봉화","A8":"봉화","A9":"파출소","A10":"054-673-0112","A11":"경상북도 봉화군 봉화읍 봉화로 1077"}},
{"type":"Feature","geometry":{"type":"Point","coordinates":[202758.0098,555616.2137]},"properties":{"A0":"127.03123197513136","A1":"37.60011566308516","A2":"서울 성북구 종암로23길 52(종암동)","A3":"서울 성북구 종암동 80-9","A4":"1129013500100800009","A5":"179","A6":"서울청","A7":"서울종암","A8":"종암","A9":"파출소","A10":"02-3396-7693","A11":"서울특별시 성북구  종암로23길 52"}},
{"type":"Feature","geometry":{"type":"Point","coordinates":[354598.6884,487578.5664]},"properties":{"A0":"128.73617854475077","A1":"36.97437801782691","A2":"경북 봉화군 물야면 문수로 981","A3":"경북 봉화군 물야면 오록리 394-8","A4":"4792031021103940008","A5":"1808","A6":"경북청","A7":"봉화","A8":"물야","A9":"파출소","A10":"054-672-2112","A11":"경상북도 봉화군 물야면 문수로 981"}},
{"type":"Feature","geometry":{"type":"Point","coordinates":[329297.7445,451107.6198]},"properties":{"A0":"128.4459413814907","A1":"36.649655165511675","A2":"경북 예천군 예천읍 충효로 198","A3":"경북 예천군 예천읍 서본리 216-4","A4":"4790025026102160004","A5":"1809","A6":"경북청","A7":"예천","A8":"예천","A9":"지구대","A10":"054-650-2301","A11":"경상북도 예천군 예천읍 충효로 198"}},
{"type":"Feature","geometry":{"type":"Point","coordinates":[314088.5706,446180.0847]},"properties":{"A0":"128.27516598290418","A1":"36.60720385466344","A2":"경북 예천군 용궁면 용궁로 92","A3":"경북 예천군 용궁면 읍부리 330-1","A4":"4790038021103300001","A5":"1810","A6":"경북청","A7":"예천","A8":"용궁","A9":"파출소","A10":"054-650-2303","A11":"경상북도 예천군 용궁면 용궁로 92"}},
{"type":"Feature","geometry":{"type":"Point","coordinates":[316394.592,435502.7932]},"properties":{"A0":"128.2993241448327","A1":"36.510734224949665","A2":"경북 예천군 풍양면 낙상1길 60-3","A3":"경북 예천군 풍양면 낙상리 165-1","A4":"4790041040101650001","A5":"1811","A6":"경북청","A7":"예천","A8":"풍양","A9":"파출소","A10":"054-650-2305","A11":"경상북도 예천군 풍양면 낙상1길 60-3"}},
{"type":"Feature","geometry":{"type":"Point","coordinates":[325991.1155,455338.8523]},"properties":{"A0":"128.40967102124105","A1":"36.68821936461008","A2":"경북 예천군 용문면 용문경천로 1213","A3":"경북 예천군 용문면 상금곡리 548-2","A4":"4790031039105480002","A5":"1812","A6":"경북청","A7":"예천","A8":"용문","A9":"파출소","A10":"054-650-2309","A11":"경상북도 예천군 용문면 용문경천로 1213"}},
{"type":"Feature","geometry":{"type":"Point","coordinates":[331408.1422,445103.7115]},"properties":{"A0":"128.46850897589556","A1":"36.59528025722348","A2":"경북 예천군 호명읍 호명로 547","A3":"경북 예천군 호명읍 오천리 181-1","A4":"4790025328101810001","A5":"1813","A6":"경북청","A7":"예천","A8":"호명","A9":"지구대","A10":"054-650-2306","A11":"경상북도 예천군 호명면 호명로 547번지"}},
{"type":"Feature","geometry":{"type":"Point","coordinates":[324386.0523,439514.2543]},"properties":{"A0":"128.38915400581834","A1":"36.54586658764425","A2":"경북 예천군 지보면 지보로 151","A3":"경북 예천군 지보면 소화리 544-4","A4":"4790040021105440004","A5":"1814","A6":"경북청","A7":"예천","A8":"지보","A9":"파출소","A10":"054-650-2304","A11":"경상북도 예천군 지보면 지보로 151"}},
{"type":"Feature","geometry":{"type":"Point","coordinates":[336369.8582,459104.0491]},"properties":{"A0":"128.52638074024196","A1":"36.720684577701604","A2":"경북 예천군 감천면 충효로 1385","A3":"경북 예천군 감천면 포리 415-3","A4":"4790034036104150003","A5":"1815","A6":"경북청","A7":"예천","A8":"감천","A9":"파출소","A10":"054-650-2308","A11":"경상북도 예천군 예천읍 충효로 1385"}},
{"type":"Feature","geometry":{"type":"Point","coordinates":[328841.3003,461659.0548]},"properties":{"A0":"128.44261385493607","A1":"36.74476843540154","A2":"경북 예천군 은풍면 은풍로 85","A3":"경북 예천군 은풍면 우곡리 135-4","A4":"4790043021101350004","A5":"1816","A6":"경북청","A7":"예천","A8":"은풍","A9":"파출소","A10":"054-650-2311","A11":"경상북도 예천군 은풍면 은풍로 85"}},
{"type":"Feature","geometry":{"type":"Point","coordinates":[309825.0737,373071.448]},"properties":{"A0":"128.21725293689317","A1":"35.94900409657456","A2":"경북 성주군 벽진면 벽봉로 17","A3":"경북 성주군 벽진면 수촌리 808-4","A4":"4784037039108080004","A5":"1817","A6":"경북청","A7":"성주","A8":"벽진","A9":"파출소","A10":"054-932-7112","A11":"경상북도 성주군 벽진면 벽봉로 17"}},
{"type":"Feature","geometry":{"type":"Point","coordinates":[189731.4846,544762.3564]},"properties":{"A0":"126.88387015958631","A1":"37.502269600126674","A2":"서울 구로구 새말로 26(구로동) 신구로지구대","A3":"서울 구로구 구로동 569-3","A4":"1153010200105690003","A5":"180","A6":"서울청","A7":"서울구로","A8":"신구로","A9":"지구대","A10":"02-853-0189","A11":"서울특별시 구로구 새말로 26 신구로지구대"}},
{"type":"Feature","geometry":{"type":"Point","coordinates":[307775.6783,360157.0609]},"properties":{"A0":"128.1927948121965","A1":"35.83286750516747","A2":"경북 성주군 수륜면 참별로 917","A3":"경북 성주군 수륜면 신파리 118-3","A4":"4784033036101180003","A5":"1818","A6":"경북청","A7":"성주","A8":"수륜","A9":"파출소","A10":"054-932-3112","A11":"경상북도 성주군 수륜면 참별로 917"}},
{"type":"Feature","geometry":{"type":"Point","coordinates":[305220.4852,365915.9706]},"properties":{"A0":"128.16527605213685","A1":"35.885036609059114","A2":"경북 성주군 가천면 가천로 73","A3":"경북 성주군 가천면 창천리 533","A4":"4784034030105330000","A5":"1819","A6":"경북청","A7":"성주","A8":"가천","A9":"파출소","A10":"054-932-4112","A11":"경상북도 성주군 가천면 가천로 73"}},
{"type":"Feature","geometry":{"type":"Point","coordinates":[313964.7025,375995.1288]},"properties":{"A0":"128.26354289853595","A1":"35.97487620726375","A2":"경북 성주군 초전면 대장길 111","A3":"경북 성주군 초전면 대장리 586-7","A4":"4784038032105860007","A5":"1820","A6":"경북청","A7":"성주","A8":"초전","A9":"파출소","A10":"054-932-8112","A11":"경상북도 성주군 초전면 대장길 111"}},
{"type":"Feature","geometry":{"type":"Point","coordinates":[322029.5482,367940.3318]},"properties":{"A0":"128.35170065760553","A1":"35.90132714995787","A2":"경북 성주군 선남면 관화길 90","A3":"경북 성주군 선남면 관화리 678-4","A4":"4784031045106780004","A5":"1821","A6":"경북청","A7":"성주","A8":"선남","A9":"파출소","A10":"054-932-1112","A11":"경상북도 성주군 선남면 관화길 90"}},
{"type":"Feature","geometry":{"type":"Point","coordinates":[320787.3255,360599.833]},"properties":{"A0":"128.33682183329893","A1":"35.8353311244871","A2":"경북 성주군 용암면 운용로 1025","A3":"경북 성주군 용암면 용정리 298","A4":"4784032043102980000","A5":"1822","A6":"경북청","A7":"성주","A8":"용암","A9":"파출소","A10":"054-932-2112","A11":"경상북도 성주군 용암면 운용로 1025"}},
{"type":"Feature","geometry":{"type":"Point","coordinates":[316564.6644,369651.7715]},"properties":{"A0":"128.29143301159303","A1":"35.91741452264665","A2":"경북 성주군 성주읍 성밖숲길 151","A3":"경북 성주군 성주읍 성산리 658-6","A4":"4784025024106580006","A5":"1823","A6":"경북청","A7":"성주","A8":"중부","A9":"지구대","A10":"054-932-0112","A11":"경상북도 성주군 성주읍 성밖숲길 151"}},
{"type":"Feature","geometry":{"type":"Point","coordinates":[383247.7781,438675.0625]},"properties":{"A0":"129.04600286966945","A1":"36.52884303997956","A2":"경북 청송군 진보면 진보로 129","A3":"경북 청송군 진보면 진안리 43-1","A4":"4775037036100430001","A5":"1824","A6":"경북청","A7":"청송","A8":"진보","A9":"파출소","A10":"054-874-2112","A11":"경상북도 청송군 진보면 진보로 129"}},
{"type":"Feature","geometry":{"type":"Point","coordinates":[393861.9143,419813.8843]},"properties":{"A0":"129.15972510123146","A1":"36.356905921316","A2":"경북 청송군 주왕산면 이전앞길 5","A3":"경북 청송군 주왕산면 주산지리 829-1","A4":"4775031527108290001","A5":"1825","A6":"경북청","A7":"청송","A8":"주왕산","A9":"파출소","A10":"054-873-2112","A11":"경상북도 청송군 주왕산면 이전앞길 5"}},
{"type":"Feature","geometry":{"type":"Point","coordinates":[376189.3213,412011.905]},"properties":{"A0":"128.96119604206143","A1":"36.290027454369","A2":"경북 청송군 안덕면 안덕로 95","A3":"경북 청송군 안덕면 명당리 455","A4":"4775035033104550000","A5":"1827","A6":"경북청","A7":"청송","A8":"안덕","A9":"파출소","A10":"054-872-0112","A11":"경상북도 청송군 안덕면 안덕로 95"}},
{"type":"Feature","geometry":{"type":"Point","coordinates":[370477.4473,410421.1592]},"properties":{"A0":"128.897343445167","A1":"36.27663378987933","A2":"경북 청송군 현서면 구산동로 43","A3":"경북 청송군 현서면 구산리 36-1","A4":"4775034043100360001","A5":"1828","A6":"경북청","A7":"청송","A8":"현서","A9":"파출소","A10":"054-872-5112","A11":"경상북도 청송군 현서면 구산동로 43"}},
{"type":"Feature","geometry":{"type":"Point","coordinates":[185751.3418,543946.0242]},"properties":{"A0":"126.83887389941079","A1":"37.4948615638817","A2":"서울 구로구 고척로1길 34(오류동) 오류지구대","A3":"서울 구로구 오류동 81-130","A4":"1153010800100810130","A5":"181","A6":"서울청","A7":"서울구로","A8":"오류","A9":"지구대","A10":"02-840-8305","A11":"서울특별시 구로구  고척로1길 34 오류지구대"}},
{"type":"Feature","geometry":{"type":"Point","coordinates":[384318.1117,427680.6252]},"properties":{"A0":"129.05533652952795","A1":"36.42962331085351","A2":"경북 청송군 청송읍 금월로 231","A3":"경북 청송군 청송읍 금곡리 843-18","A4":"4775025023108430018","A5":"1829","A6":"경북청","A7":"청송","A8":"청송","A9":"파출소","A10":"054-872-9112","A11":"경상북도 청송군 청송읍 금월로 231"}},
{"type":"Feature","geometry":{"type":"Point","coordinates":[386986.4036,445693.4338]},"properties":{"A0":"129.08943072349894","A1":"36.591323021783296","A2":"경북 영양군 입암면 입암로 72","A3":"경북 영양군 입암면 산해리 9-6","A4":"4776031042100090006","A5":"1831","A6":"경북청","A7":"영양","A8":"입암","A9":"파출소","A10":"054-682-4112","A11":"경상북도 영양군 입암면 입암로 72"}},
{"type":"Feature","geometry":{"type":"Point","coordinates":[390230.1668,441990.2995]},"properties":{"A0":"129.12474137491915","A1":"36.55733482853594","A2":"경북 영양군 석보면 원리길 15","A3":"경북 영양군 석보면 원리리 269-4","A4":"4776035034102690004","A5":"1832","A6":"경북청","A7":"영양","A8":"석보","A9":"파출소","A10":"054-682-5112","A11":"경상북도 영양군 석보면 원리길 15"}},
{"type":"Feature","geometry":{"type":"Point","coordinates":[396262.7134,465339.7122]},"properties":{"A0":"129.19804927471841","A1":"36.7663716285736","A2":"경북 영양군 수비면 한티로 459","A3":"경북 영양군 수비면 발리리 519-5","A4":"4776034031105190005","A5":"1833","A6":"경북청","A7":"영양","A8":"수비","A9":"파출소","A10":"054-682-7112","A11":"경상북도 영양군 수비면 한티로 459"}},
{"type":"Feature","geometry":{"type":"Point","coordinates":[384404.4798,453395.5377]},"properties":{"A0":"129.06244410707305","A1":"36.66118852209811","A2":"경북 영양군 청기면 청기1길 9-6","A3":"경북 영양군 청기면 청기리 791-1","A4":"4776032037107910001","A5":"1834","A6":"경북청","A7":"영양","A8":"청기","A9":"파출소","A10":"054-682-8112","A11":"경상북도 영양군 청기면 청기1길 9-6"}},
{"type":"Feature","geometry":{"type":"Point","coordinates":[388848.7654,453702.2961]},"properties":{"A0":"129.11219625253779","A1":"36.66307847138811","A2":"경북 영양군 영양읍 동서대로 29","A3":"경북 영양군 영양읍 서부리 495-2","A4":"4776025022104950002","A5":"1835","A6":"경북청","A7":"영양","A8":"영양","A9":"파출소","A10":"054-683-3112","A11":"경상북도 영양군 영양읍 동서대로 29"}},
{"type":"Feature","geometry":{"type":"Point","coordinates":[323497.2081,351384.9631]},"properties":{"A0":"128.36539683463357","A1":"35.751977631348794","A2":"경북 고령군 성산면 성산로 954","A3":"경북 고령군 성산면 어곡리 30-12","A4":"4783033035100300012","A5":"1836","A6":"경북청","A7":"고령","A8":"성산","A9":"파출소","A10":"054-954-4112","A11":"경상북도 고령군 성산면 성산로 954"}},
{"type":"Feature","geometry":{"type":"Point","coordinates":[331217.7267,359973.0488]},"properties":{"A0":"128.45213808632639","A1":"35.828355626698425","A2":"경북 고령군 다산면 평리1길 15-1","A3":"경북 고령군 다산면 평리리 103-9","A4":"4783034031101030009","A5":"1837","A6":"경북청","A7":"고령","A8":"다산","A9":"파출소","A10":"054-955-6112","A11":"경상북도 고령군 다산면 평리1길 15-1"}},
{"type":"Feature","geometry":{"type":"Point","coordinates":[312548.0319,343147.7463]},"properties":{"A0":"128.2432135157887","A1":"35.67906771567904","A2":"경북 고령군 쌍림면 대가야로 610","A3":"경북 고령군 쌍림면 귀원리 223-5","A4":"4783037037102230005","A5":"1839","A6":"경북청","A7":"고령","A8":"쌍림","A9":"파출소","A10":"054-955-0223","A11":"경상북도 고령군 대가야읍 대가야로 610"}},
{"type":"Feature","geometry":{"type":"Point","coordinates":[545246.2654,550250.3665]},"properties":{"A0":"130.90293960506807","A1":"37.48722926071716","A2":"경북 울릉군 울릉읍 도동4길 4","A3":"경북 울릉군 울릉읍 도동리 160-3","A4":"4794025024101600003","A5":"1840","A6":"경북청","A7":"울릉","A8":"도동","A9":"파출소","A10":"054-790-3332","A11":"경상북도 울릉군 울릉읍 도동4길4"}},
{"type":"Feature","geometry":{"type":"Point","coordinates":[190326.3696,543305.6728]},"properties":{"A0":"126.89061715686465","A1":"37.4891512890466","A2":"서울 구로구 도림로 63(구로동) 구일지구대","A3":"서울 구로구 구로동 766-238","A4":"1153010200107660238","A5":"182","A6":"서울청","A7":"서울구로","A8":"구일","A9":"지구대","A10":"02-840-8302","A11":"서울특별시 구로구  도림로 63 구일지구대"}},
{"type":"Feature","geometry":{"type":"Point","coordinates":[539414.6917,548358.9854]},"properties":{"A0":"130.83626072197984","A1":"37.47239811081825","A2":"경북 울릉군 서면 남양4길 37","A3":"경북 울릉군 서면 남양리 659-4","A4":"4794031024106590004","A5":"1842","A6":"경북청","A7":"울릉","A8":"서면","A9":"파출소","A10":"054-790-3333","A11":"경상북도 울릉군 서면 남양4길37"}},
{"type":"Feature","geometry":{"type":"Point","coordinates":[542427.7307,556560.6284]},"properties":{"A0":"130.87406864701495","A1":"37.54501222743812","A2":"경북 울릉군 북면 천부1길 20","A3":"경북 울릉군 북면 천부리 529-3","A4":"4794032024105290003","A5":"1843","A6":"경북청","A7":"울릉","A8":"북면","A9":"파출소","A10":"054-790-3335","A11":"경상북도 울릉군 북면 천부1길20"}},
{"type":"Feature","geometry":{"type":"Point","coordinates":[354103.1066,293661.766]},"properties":{"A0":"128.6927120547681","A1":"35.2276263033647","A2":"경남 창원시 성산구 신사로45번길 35(신월동)","A3":"경남 창원시 성산구 신월동 68-6","A4":"4812313600100680006","A5":"1844","A6":"경남청","A7":"창원중부","A8":"신월","A9":"지구대","A10":"055-285-0112","A11":"경상남도 창원시 성산구  신사로45번길 35"}},
{"type":"Feature","geometry":{"type":"Point","coordinates":[354577.28,291538.9484]},"properties":{"A0":"128.69752123229048","A1":"35.20842886466048","A2":"경남 창원시 성산구 원이대로863번길 22(가음동)","A3":"경남 창원시 성산구 가음동 21-2","A4":"4812313100100210002","A5":"1845","A6":"경남청","A7":"창원중부","A8":"가음정","A9":"지구대","A10":"055-282-1209","A11":"경상남도 창원시 성산구  원이대로863번길 22"}},
{"type":"Feature","geometry":{"type":"Point","coordinates":[352624.2261,293539.193]},"properties":{"A0":"128.6764523361696","A1":"35.22674908528109","A2":"경남 창원시 성산구 원이대로566번길 27-19(중앙동)","A3":"경남 창원시 성산구 중앙동 69-17","A4":"4812312500100690017","A5":"1846","A6":"경남청","A7":"창원중부","A8":"중앙","A9":"파출소","A10":"055-283-0113","A11":"경상남도 창원시 성산구  원이대로566번길 27-19"}},
{"type":"Feature","geometry":{"type":"Point","coordinates":[352017.5615,294490.6312]},"properties":{"A0":"128.66996674191213","A1":"35.2354133314375","A2":"경남 창원시 성산구 원이대로473번길 17(반림동)","A3":"경남 창원시 성산구 반림동 14-8","A4":"4812312600100140008","A5":"1847","A6":"경남청","A7":"창원중부","A8":"반송","A9":"파출소","A10":"055-282-0112","A11":"경상남도 창원시 성산구  원이대로473번길 17"}},
{"type":"Feature","geometry":{"type":"Point","coordinates":[355591.3388,292354.4932]},"properties":{"A0":"128.70880580531963","A1":"35.21562090826079","A2":"경남 창원시 성산구 대암로 113(대방동)","A3":"경남 창원시 성산구 대방동 339-5","A4":"4812310500103390005","A5":"1848","A6":"경남청","A7":"창원중부","A8":"사파","A9":"파출소","A10":"055-263-1142","A11":"경상남도 창원시 성산구  대암로 113"}},
{"type":"Feature","geometry":{"type":"Point","coordinates":[348166.6974,291332.5803]},"properties":{"A0":"128.6271119759663","A1":"35.20753365903062","A2":"경남 창원시 성산구 봉양로 408(신촌동)","A3":"경남 창원시 성산구 신촌동 15-8","A4":"4812312300100150008","A5":"1849","A6":"경남청","A7":"창원중부","A8":"신촌","A9":"파출소","A10":"055-286-0112","A11":"경상남도 창원시 성산구  봉양로 408"}},
{"type":"Feature","geometry":{"type":"Point","coordinates":[350278.7701,295450.6151]},"properties":{"A0":"128.65104792529888","A1":"35.24432452312464","A2":"경남 창원시 의창구 원이대로261번길 16-19(봉곡동)","A3":"경남 창원시 의창구 봉곡동 32-9","A4":"4812112700100320009","A5":"1850","A6":"경남청","A7":"창원서부","A8":"명곡","A9":"지구대","A10":"055-288-0112","A11":"경상남도 창원시 의창구 원이대로261번길 16-19"}},
{"type":"Feature","geometry":{"type":"Point","coordinates":[348118.2131,297167.4731]},"properties":{"A0":"128.6276286557556","A1":"35.26011455328252","A2":"경남 창원시 의창구 의창대로266번길 11(중동)","A3":"경남 창원시 의창구 중동 755-2","A4":"4812110200107550002","A5":"1851","A6":"경남청","A7":"창원서부","A8":"의창","A9":"파출소","A10":"055-291-1112","A11":"경상남도 창원시 의창구 의창대로266번길 11"}},
{"type":"Feature","geometry":{"type":"Point","coordinates":[187470.2133,545252.941]},"properties":{"A0":"126.85828863684694","A1":"37.50666176508312","A2":"서울 구로구 중앙로15길 30(고척동) 고척지구대","A3":"서울 구로구 고척동 339-3","A4":"1153010600103390003","A5":"183","A6":"서울청","A7":"서울구로","A8":"고척","A9":"지구대","A10":"02-2612-0112","A11":"서울특별시 구로구 중앙로 15길 30 고척지구대"}},
{"type":"Feature","geometry":{"type":"Point","coordinates":[349595.5696,294587.4132]},"properties":{"A0":"128.64338771255598","A1":"35.236649437744916","A2":"경남 창원시 의창구 창원대로397번길 30(팔용동)","A3":"경남 창원시 의창구 팔용동 33-1","A4":"4812112900100330001","A5":"1852","A6":"경남청","A7":"창원서부","A8":"팔용","A9":"파출소","A10":"055-273-1212","A11":"경상남도 창원시 의창구 창원대로397번길 30"}},
{"type":"Feature","geometry":{"type":"Point","coordinates":[353700.4873,299324.1555]},"properties":{"A0":"128.68935128816184","A1":"35.278703031863145","A2":"경남 창원시 의창구 동읍 의창대로 902","A3":"경남 창원시 의창구 동읍 용잠리 222-5","A4":"4812125032102220005","A5":"1853","A6":"경남청","A7":"창원서부","A8":"동읍","A9":"파출소","A10":"055-291-3112","A11":"경상남도 창원시 의창구 동읍 의창대로 902"}},
{"type":"Feature","geometry":{"type":"Point","coordinates":[345756.1962,303525.6193]},"properties":{"A0":"128.60281126865468","A1":"35.317746932619","A2":"","A3":"경남 창원시 의창구 북면 동전리 700-11번지","A4":"4812131029107000011","A5":"1854","A6":"경남청","A7":"창원서부","A8":"북면","A9":"파출소","A10":"055-298-0112","A11":"경상남도 창원시 의창구 북면 동전리 700-11"}},
{"type":"Feature","geometry":{"type":"Point","coordinates":[355345.2448,305789.641]},"properties":{"A0":"128.7086461344814","A1":"35.336700733721415","A2":"경남 창원시 의창구 대산면 진산대로 415","A3":"경남 창원시 의창구 대산면 가술리 286-3","A4":"4812132024102860003","A5":"1855","A6":"경남청","A7":"창원서부","A8":"대산","A9":"파출소","A10":"055-291-4112","A11":"경상남도 창원시 의창구 대산면 진산대로 415"}},
{"type":"Feature","geometry":{"type":"Point","coordinates":[341869.6534,288667.2105]},"properties":{"A0":"128.55752378102835","A1":"35.184429878829675","A2":"경남 창원시 마산합포구 문화남5길 52(청계동)","A3":"경남 창원시 마산합포구 청계동 11-2","A4":"4812515400100110002","A5":"1856","A6":"경남청","A7":"마산중부","A8":"신마산","A9":"지구대","A10":"055-240-2101","A11":"경상남도 창원시 마산합포구  문화남5길 52"}},
{"type":"Feature","geometry":{"type":"Point","coordinates":[342403.4964,289519.3402]},"properties":{"A0":"128.56352978795417","A1":"35.19203221796566","A2":"경남 창원시 마산합포구 중앙남11길 12(신흥동)","A3":"경남 창원시 마산합포구 신흥동 7-7","A4":"4812512700100070007","A5":"1857","A6":"경남청","A7":"마산중부","A8":"완월","A9":"파출소","A10":"055-240-2102","A11":"경상남도 창원시 마산합포구 중앙남11길 12"}},
{"type":"Feature","geometry":{"type":"Point","coordinates":[342989.229,290762.9935]},"properties":{"A0":"128.5701744561502","A1":"35.203155381535495","A2":"경남 창원시 마산합포구 3.15대로 295(서성동)","A3":"경남 창원시 마산합포구 서성동 83-22","A4":"4812512000100830022","A5":"1858","A6":"경남청","A7":"마산중부","A8":"남성","A9":"파출소","A10":"055-240-2103","A11":"경상남도 창원시 마산합포구  3·15대로 295"}},
{"type":"Feature","geometry":{"type":"Point","coordinates":[343404.9987,291745.4532]},"properties":{"A0":"128.57491050950455","A1":"35.21194494101376","A2":"경남 창원시 마산합포구 천하장사로 111(상남동)","A3":"경남 창원시 마산합포구 상남동 140-97","A4":"4812511900101400097","A5":"1859","A6":"경남청","A7":"마산중부","A8":"오동","A9":"파출소","A10":"055-240-2104","A11":"경상남도 창원시 마산합포구  천하장사로 111"}},
{"type":"Feature","geometry":{"type":"Point","coordinates":[344052.0302,281562.6671]},"properties":{"A0":"128.58023697903366","A1":"35.12010493092488","A2":"경남 창원시 마산합포구 구산면 구산로 562","A3":"경남 창원시 마산합포구 구산면 수정리 649-2","A4":"4812531024106490002","A5":"1861","A6":"경남청","A7":"마산중부","A8":"구산","A9":"파출소","A10":"055-240-2106","A11":"경상남도 창원시 마산합포구 구산면 구산로562"}},
{"type":"Feature","geometry":{"type":"Point","coordinates":[335758.9489,281107.4554]},"properties":{"A0":"128.48921549680531","A1":"35.11715800351256","A2":"경남 창원시 마산합포구 진동면 삼진의거대로 661","A3":"경남 창원시 마산합포구 진동면 진동리 529-3","A4":"4812532024105290003","A5":"1862","A6":"경남청","A7":"마산중부","A8":"진동","A9":"파출소","A10":"055-240-2107","A11":"경상남도 창원시 마산합포구 진동면 삼진의거대로 661"}},
{"type":"Feature","geometry":{"type":"Point","coordinates":[187307.5622,543610.247]},"properties":{"A0":"126.85647728206976","A1":"37.491858949207206","A2":"서울 구로구 개봉로18길 5(개봉동) 개봉지구대","A3":"서울 구로구 개봉동 259-1","A4":"1153010700102590001","A5":"184","A6":"서울청","A7":"서울구로","A8":"개봉","A9":"지구대","A10":"02-2612-0330","A11":"서울특별시 구로구  개봉로18길 5 개봉지구대"}},
{"type":"Feature","geometry":{"type":"Point","coordinates":[329389.0424,279355.8528]},"properties":{"A0":"128.4190864413363","A1":"35.102211184478875","A2":"경남 창원시 마산합포구 진전면 대실로 156","A3":"경남 창원시 마산합포구 진전면 오서리 606-3","A4":"4812534030106060003","A5":"1863","A6":"경남청","A7":"마산중부","A8":"진전","A9":"파출소","A10":"055-240-2108","A11":"경상남도 창원시 마산합포구 진전면 대실로 156"}},
{"type":"Feature","geometry":{"type":"Point","coordinates":[344342.1939,294699.5026]},"properties":{"A0":"128.5857162617894","A1":"35.23842910995804","A2":"경남 창원시 마산회원구 합성남8길 21(합성동)","A3":"경남 창원시 마산회원구 합성동 265-3","A4":"4812710600102650003","A5":"1864","A6":"경남청","A7":"마산동부","A8":"합성","A9":"지구대","A10":"055-296-0112","A11":"경상남도 창원시 마산회원구  합성남8길 21"}},
{"type":"Feature","geometry":{"type":"Point","coordinates":[344866.0193,292846.4691]},"properties":{"A0":"128.59114277486935","A1":"35.22165777127738","A2":"경남 창원시 마산회원구 봉양로 35(양덕동)","A3":"경남 창원시 마산회원구 양덕동 164-19","A4":"4812710500101640019","A5":"1865","A6":"경남청","A7":"마산동부","A8":"양덕","A9":"지구대","A10":"055-293-0112","A11":"경상남도 창원시 마산회원구 봉양로 35"}},
{"type":"Feature","geometry":{"type":"Point","coordinates":[343405.2259,293830.3377]},"properties":{"A0":"128.57527240758327","A1":"35.23073206142935","A2":"경남 창원시 마산회원구 석전동6길 20(석전동)","A3":"경남 창원시 마산회원구 석전동 248-31","A4":"4812710400102480031","A5":"1866","A6":"경남청","A7":"마산동부","A8":"석전","A9":"파출소","A10":"055-255-0112","A11":"경상남도 창원시 마산회원구 석전동6길 20"}},
{"type":"Feature","geometry":{"type":"Point","coordinates":[344025.1403,292430.3615]},"properties":{"A0":"128.58183733663103","A1":"35.21802962896575","A2":"경남 창원시 마산합포구 산호북15길 1(산호동)","A3":"경남 창원시 마산합포구 산호동 28-20","A4":"4812511800100280020","A5":"1867","A6":"경남청","A7":"마산동부","A8":"산호","A9":"파출소","A10":"055-241-0112","A11":"경상남도 창원시 마산합포구 산호북15길 1"}},
{"type":"Feature","geometry":{"type":"Point","coordinates":[342438.0837,292425.116]},"properties":{"A0":"128.5644114705164","A1":"35.218208873598996","A2":"경남 창원시 마산회원구 회원남25길 73(회원동)","A3":"경남 창원시 마산회원구 회원동 670-10","A4":"4812710800106700010","A5":"1868","A6":"경남청","A7":"마산동부","A8":"회원","A9":"파출소","A10":"055-252-0112","A11":"경상남도 창원시 마산회원구 회원남25길 73"}},
{"type":"Feature","geometry":{"type":"Point","coordinates":[336667.7941,293880.1419]},"properties":{"A0":"128.50129717685047","A1":"35.23212147475918","A2":"경남 창원시 마산회원구 내서읍 삼계로 32","A3":"경남 창원시 마산회원구 내서읍 삼계리 20-3","A4":"4812725028100200003","A5":"1869","A6":"경남청","A7":"마산동부","A8":"삼계","A9":"파출소","A10":"055-231-0112","A11":"경상남도 창원시 마산회원구 내서읍 삼계로 32"}},
{"type":"Feature","geometry":{"type":"Point","coordinates":[338676.596,295787.0666]},"properties":{"A0":"128.52367865739342","A1":"35.24902775492168","A2":"경남 창원시 마산회원구 내서읍 호원로 164","A3":"경남 창원시 마산회원구 내서읍 중리 327-4","A4":"4812725025103270004","A5":"1870","A6":"경남청","A7":"마산동부","A8":"중리","A9":"파출소","A10":"055-232-0112","A11":"경상남도 창원시 마산회원구 내서읍 호원로164"}},
{"type":"Feature","geometry":{"type":"Point","coordinates":[298410.0936,289121.5907]},"properties":{"A0":"128.08054624988932","A1":"35.1937229740293","A2":"경남 진주시 비봉로33번길 2(중안동)","A3":"경남 진주시 중안동 119-2","A4":"4817011100101190002","A5":"1871","A6":"경남청","A7":"진주","A8":"비봉","A9":"지구대","A10":"055-743-0112","A11":"경상남도 진주시 비봉로33번길 2"}},
{"type":"Feature","geometry":{"type":"Point","coordinates":[302015.0982,287682.4758]},"properties":{"A0":"128.11994552602118","A1":"35.18039215400428","A2":"경남 진주시 동진로 263(상대동)","A3":"경남 진주시 상대동 314-21","A4":"4817011900103140021","A5":"1872","A6":"경남청","A7":"진주","A8":"상대","A9":"지구대","A10":"055-754-0113","A11":"경상남도 진주시 동진로 263"}},
{"type":"Feature","geometry":{"type":"Point","coordinates":[197265.3414,553003.448]},"properties":{"A0":"126.9690422054272","A1":"37.576574864130365","A2":"서울 종로구 사직로9가길 6(필운동) 임시파출소 1층","A3":"서울 종로구 필운동 139-1","A4":"1111011300101390001","A5":"19","A6":"서울청","A7":"서울종로","A8":"사직","A9":"파출소","A10":"02-3701-4309","A11":"서울특별시 종로구  사직로9가길 6 1층(임시파출소)"}},
{"type":"Feature","geometry":{"type":"Point","coordinates":[190448.0026,543142.7961]},"properties":{"A0":"126.89199570460357","A1":"37.48768502919749","A2":"서울 구로구 디지털로31길 86(구로동, 삼성래미안아파트) 3 파출소","A3":"서울 구로구 구로동 256-1","A4":"1153010200102560001","A5":"185","A6":"서울청","A7":"서울구로","A8":"구로3","A9":"파출소","A10":"02-866-0112","A11":"서울특별시 구로구  디지털로31길 86 구로3파출소"}},
{"type":"Feature","geometry":{"type":"Point","coordinates":[297644.7476,288655.5508]},"properties":{"A0":"128.07208962516987","A1":"35.18959559890092","A2":"경남 진주시 창렬로7번길 12(인사동)","A3":"경남 진주시 인사동 182-19","A4":"4817010800101820019","A5":"1873","A6":"경남청","A7":"진주","A8":"남강","A9":"지구대","A10":"055-747-0113","A11":"경상남도 진주시 창렬로7번길 12"}},
{"type":"Feature","geometry":{"type":"Point","coordinates":[297027.5199,286907.6424]},"properties":{"A0":"128.06510760497093","A1":"35.173903020900354","A2":"경남 진주시 평거로 42(평거동)","A3":"경남 진주시 평거동 763-1","A4":"4817012600107630001","A5":"1874","A6":"경남청","A7":"진주","A8":"진양호","A9":"지구대","A10":"055-747-0112","A11":"경상남도 진주시 평거로 42"}},
{"type":"Feature","geometry":{"type":"Point","coordinates":[301661.5382,288677.9393]},"properties":{"A0":"128.11618730514957","A1":"35.18940023621837","A2":"경남 진주시 대신로 323-6(하대동)","A3":"경남 진주시 하대동 339-8","A4":"4817012000103390008","A5":"1875","A6":"경남청","A7":"진주","A8":"하대","A9":"지구대","A10":"055-753-0112","A11":"경상남도 진주시 대신로 323-6"}},
{"type":"Feature","geometry":{"type":"Point","coordinates":[300937.2552,285043.8848]},"properties":{"A0":"128.10779209032452","A1":"35.15672235267695","A2":"경남 진주시 진주대로 560(가좌동)","A3":"경남 진주시 가좌동 448-3","A4":"4817013100104480003","A5":"1876","A6":"경남청","A7":"진주","A8":"개양","A9":"파출소","A10":"055-759-9227","A11":"경상남도 진주시 진주대로 560"}},
{"type":"Feature","geometry":{"type":"Point","coordinates":[304747.1418,287092.953]},"properties":{"A0":"128.14985841154248","A1":"35.17479850500921","A2":"경남 진주시 충의로 149(충무공동)","A3":"경남 진주시 충무공동 277-2","A4":"4817013700102770002","A5":"1877","A6":"경남청","A7":"진주","A8":"충무공","A9":"파출소","A10":"055-752-5112","A11":"경상남도 진주시 충무공동 충의로 149"}},
{"type":"Feature","geometry":{"type":"Point","coordinates":[306052.4555,286309.2743]},"properties":{"A0":"128.16408447650838","A1":"35.16759940209532","A2":"경남 진주시 문산읍 동부로587번길 1","A3":"경남 진주시 문산읍 삼곡리 1264-12","A4":"4817025023112640012","A5":"1878","A6":"경남청","A7":"진주","A8":"문산","A9":"파출소","A10":"055-761-5112","A11":"경상남도 진주시 문산읍 동부로587번길 1"}},
{"type":"Feature","geometry":{"type":"Point","coordinates":[304555.8163,291418.7321]},"properties":{"A0":"128.14830688444823","A1":"35.21380058106175","A2":"경남 진주시 금산면 금산로 111","A3":"경남 진주시 금산면 장사리 930-1","A4":"4817041027109300001","A5":"1879","A6":"경남청","A7":"진주","A8":"금산","A9":"파출소","A10":"055-761-2112","A11":"경상남도 진주시 금산면 금산로 111"}},
{"type":"Feature","geometry":{"type":"Point","coordinates":[315634.3565,293943.1189]},"properties":{"A0":"128.27030808019254","A1":"35.23533208704156","A2":"경남 진주시 지수면 지수로 492","A3":"경남 진주시 지수면 승산리 203-1","A4":"4817039027102030001","A5":"1881","A6":"경남청","A7":"진주","A8":"지수","A9":"파출소","A10":"055-754-5112","A11":"경상남도 진주시 지수면 지수로 492"}},
{"type":"Feature","geometry":{"type":"Point","coordinates":[285384.6586,289063.088]},"properties":{"A0":"127.93753974527672","A1":"35.194386476826224","A2":"경남 진주시 수곡면 곤수로 903","A3":"경남 진주시 수곡면 효자리 503-3","A4":"4817046025105030003","A5":"1882","A6":"경남청","A7":"진주","A8":"수곡","A9":"파출소","A10":"055-754-4512","A11":"경상남도 진주시 수곡면 곤수로 903"}},
{"type":"Feature","geometry":{"type":"Point","coordinates":[306331.2879,296810.9916]},"properties":{"A0":"128.16849966417215","A1":"35.26220836425205","A2":"경남 진주시 대곡면 진의로 1065","A3":"경남 진주시 대곡면 광석리 314-1","A4":"4817040022103140001","A5":"1883","A6":"경남청","A7":"진주","A8":"대곡","A9":"파출소","A10":"055-744-0112","A11":"경상남도 진주시 대곡면 진의로 1065"}},
{"type":"Feature","geometry":{"type":"Point","coordinates":[190506.7825,542201.4396]},"properties":{"A0":"126.89267133638434","A1":"37.47920389337092","A2":"서울 구로구 남부순환로 1275(가리봉동) 가리봉파출소","A3":"서울 구로구 가리봉동 136-80","A4":"1153010300101360080","A5":"186","A6":"서울청","A7":"서울구로","A8":"가리봉","A9":"파출소","A10":"02-854-0112","A11":"서울특별시 구로구 남부순환로 1275 가리봉파출소"}},
{"type":"Feature","geometry":{"type":"Point","coordinates":[370055.2544,295334.0743]},"properties":{"A0":"128.8682038299974","A1":"35.240118283595066","A2":"경남 김해시 내외중앙로 118(내동)","A3":"경남 김해시 내동 1132-3","A4":"4825010800111320003","A5":"1884","A6":"경남청","A7":"김해중부","A8":"연지","A9":"지구대","A10":"055-323-1112","A11":"경상남도 김해시 내외중앙로 118"}},
{"type":"Feature","geometry":{"type":"Point","coordinates":[373650.5171,296136.4602]},"properties":{"A0":"128.9078494891652","A1":"35.24672826921492","A2":"경남 김해시 삼안로217번길 32(삼방동)","A3":"경남 김해시 삼방동 679-10","A4":"4825011900106790010","A5":"1885","A6":"경남청","A7":"김해중부","A8":"신어","A9":"지구대","A10":"055-332-3112","A11":"김해시 삼안로217번길 32"}},
{"type":"Feature","geometry":{"type":"Point","coordinates":[369996.4985,297866.3901]},"properties":{"A0":"128.86808106356557","A1":"35.26293758714259","A2":"경남 김해시 해반천로168번길 8(삼계동)","A3":"경남 김해시 삼계동 1469-3","A4":"4825010700114690003","A5":"1886","A6":"경남청","A7":"김해중부","A8":"왕릉","A9":"지구대","A10":"055-336-2109","A11":"경상남도 김해시 해반천로168번길 8"}},
{"type":"Feature","geometry":{"type":"Point","coordinates":[371379.9711,294136.1966]},"properties":{"A0":"128.88249938736897","A1":"35.22909944642952","A2":"경남 김해시 가락로 30(부원동)","A3":"경남 김해시 부원동 609-1","A4":"4825010300106090001","A5":"1887","A6":"경남청","A7":"김해중부","A8":"중앙","A9":"지구대","A10":"055-336-0112","A11":"경상남도 김해시 가락로 30"}},
{"type":"Feature","geometry":{"type":"Point","coordinates":[375562.3109,302985.1107]},"properties":{"A0":"128.9303074659911","A1":"35.308092181716944","A2":"경남 김해시 상동면 상동로 553","A3":"경남 김해시 상동면 대감리 639-6","A4":"4825036021106390006","A5":"1888","A6":"경남청","A7":"김해중부","A8":"상동","A9":"파출소","A10":"055-323-6112","A11":"경상남도 김해시 상동면 상동로 553"}},
{"type":"Feature","geometry":{"type":"Point","coordinates":[380200.4597,295872.8181]},"properties":{"A0":"128.97971806449095","A1":"35.24319851564047","A2":"경남 김해시 대동면 대동로 597","A3":"경남 김해시 대동면 초정리 189-1","A4":"4825037025101890001","A5":"1889","A6":"경남청","A7":"김해중부","A8":"대동","A9":"파출소","A10":"055-335-6112","A11":"경상남도 김해시 대동면 대동로 597"}},
{"type":"Feature","geometry":{"type":"Point","coordinates":[368142.0765,304872.9007]},"properties":{"A0":"128.84914662299687","A1":"35.32637268315104","A2":"경남 김해시 생림면 봉림로 21","A3":"경남 김해시 생림면 봉림리 571-4","A4":"4825035023105710004","A5":"1890","A6":"경남청","A7":"김해중부","A8":"생림","A9":"파출소","A10":"055-323-9112","A11":"경상남도 김해시 봉림로 21"}},
{"type":"Feature","geometry":{"type":"Point","coordinates":[363601.2907,289205.2523]},"properties":{"A0":"128.7961150344066","A1":"35.18597467433216","A2":"경남 김해시 계동로102번길 19(대청동)","A3":"경남 김해시 대청동 322-1","A4":"4825012900103220001","A5":"1891","A6":"경남청","A7":"김해서부","A8":"장유","A9":"지구대","A10":"055-312-0112","A11":"경상남도 김해시  계동로 102번길 19"}},
{"type":"Feature","geometry":{"type":"Point","coordinates":[366125.548,287445.4481]},"properties":{"A0":"128.8234612726471","A1":"35.16970652443873","A2":"경남 김해시 율하숲길 12(장유동)","A3":"경남 김해시 장유동 844","A4":"4825013200108440000","A5":"1892","A6":"경남청","A7":"김해서부","A8":"율하","A9":"파출소","A10":"055-323-0112","A11":"경상남도 김해시 율하숲길 12"}},
{"type":"Feature","geometry":{"type":"Point","coordinates":[357473.1594,302115.3196]},"properties":{"A0":"128.73133583193345","A1":"35.30326490274808","A2":"경남 김해시 진영읍 진영로 167","A3":"경남 김해시 진영읍 진영리 275-99","A4":"4825025026102750099","A5":"1893","A6":"경남청","A7":"김해서부","A8":"진영","A9":"파출소","A10":"055-342-0112","A11":"경상남도 김해시 진영읍 진영로 167"}},
{"type":"Feature","geometry":{"type":"Point","coordinates":[186075.9806,542719.0275]},"properties":{"A0":"126.84256782709468","A1":"37.483811266906834","A2":"서울 구로구 오리로 1102-8(천왕동)","A3":"서울 구로구 천왕동 281-4","A4":"1153011100102810004","A5":"187","A6":"서울청","A7":"서울구로","A8":"천왕","A9":"파출소","A10":"02-840-8308","A11":"서울특별시 구로구 오리로 1102-8"}},
{"type":"Feature","geometry":{"type":"Point","coordinates":[363522.6541,304684.0548]},"properties":{"A0":"128.79833155215505","A1":"35.32543423105999","A2":"경남 김해시 한림면 한림로 453","A3":"경남 김해시 한림면 장방리 438-117","A4":"4825034028104380117","A5":"1894","A6":"경남청","A7":"김해서부","A8":"한림","A9":"파출소","A10":"055-342-6112","A11":"경상남도 김해시 한림면 한림로 453"}},
{"type":"Feature","geometry":{"type":"Point","coordinates":[359118.6242,296053.2483]},"properties":{"A0":"128.74824487243183","A1":"35.24839060690428","A2":"경남 김해시 진례면 진례로 235","A3":"경남 김해시 진례면 송정리 236-4","A4":"4825033023102360004","A5":"1895","A6":"경남청","A7":"김해서부","A8":"진례","A9":"파출소","A10":"055-345-5112","A11":"경상남도 김해시 진례면 진례로 235"}},
{"type":"Feature","geometry":{"type":"Point","coordinates":[366709.2159,294793.6091]},"properties":{"A0":"128.83135148839324","A1":"35.23580810502257","A2":"경남 김해시 주촌면 서부로1638번길 7","A3":"경남 김해시 주촌면 천곡리 665","A4":"4825032024106650000","A5":"1896","A6":"경남청","A7":"김해서부","A8":"주촌","A9":"파출소","A10":"055-329-1112","A11":"경상남도 김해시 주촌면 서부로1638번길 7"}},
{"type":"Feature","geometry":{"type":"Point","coordinates":[368605.3536,292230.1821]},"properties":{"A0":"128.85164549073477","A1":"35.21239907316789","A2":"경남 김해시 칠산로459번길 15(흥동)","A3":"경남 김해시 흥동 915-2","A4":"4825011000109150002","A5":"1897","A6":"경남청","A7":"김해서부","A8":"칠산","A9":"파출소","A10":"055-323-2112","A11":"경상남도 김해시  칠산로459번길 15"}},
{"type":"Feature","geometry":{"type":"Point","coordinates":[380924.6748,304140.7172]},"properties":{"A0":"128.98948945161646","A1":"35.31754296115693","A2":"경남 양산시 물금읍 가촌로 61","A3":"경남 양산시 물금읍 가촌리 1123-5","A4":"4833025323111230005","A5":"1898","A6":"경남청","A7":"양산","A8":"물금","A9":"지구대","A10":"055-382-0112","A11":"경상남도 양산시 물금읍 가촌로 61"}},
{"type":"Feature","geometry":{"type":"Point","coordinates":[395624.2304,310935.8525]},"properties":{"A0":"129.15265615808005","A1":"35.37598096791263","A2":"경남 양산시 덕계로 95(덕계동)","A3":"경남 양산시 덕계동 718-19","A4":"4833012000107180019","A5":"1900","A6":"경남청","A7":"양산","A8":"덕계","A9":"파출소","A10":"055-365-0112","A11":"경상남도 양산시 덕계로 95"}},
{"type":"Feature","geometry":{"type":"Point","coordinates":[397374.903,315041.4929]},"properties":{"A0":"129.1729007602367","A1":"35.41261484974191","A2":"경남 양산시 삼호로 158(삼호동)","A3":"경남 양산시 삼호동 764-3","A4":"4833011400107640003","A5":"1901","A6":"경남청","A7":"양산","A8":"서창","A9":"파출소","A10":"055-367-0112","A11":"경상남도 양산시 삼호로 158"}},
{"type":"Feature","geometry":{"type":"Point","coordinates":[385479.5289,307388.4227]},"properties":{"A0":"129.04028442086414","A1":"35.34596632215891","A2":"경남 양산시 북안남5길 11-16(북부동)","A3":"경남 양산시 북부동 330-2","A4":"4833010400103300002","A5":"1902","A6":"경남청","A7":"양산","A8":"중앙","A9":"파출소","A10":"055-385-0112","A11":"경상남도 양산시 북안남5길 11-16"}},
{"type":"Feature","geometry":{"type":"Point","coordinates":[386165.3419,309142.3245]},"properties":{"A0":"129.04822268494001","A1":"35.36163500684549","A2":"경남 양산시 북정11길 4(북정동)","A3":"경남 양산시 북정동 531-12","A4":"4833010700105310012","A5":"1903","A6":"경남청","A7":"양산","A8":"삼성","A9":"파출소","A10":"055-384-0112","A11":"경상남도 양산시 북정11길 4"}},
{"type":"Feature","geometry":{"type":"Point","coordinates":[387492.7825,304891.4998]},"properties":{"A0":"129.06184556300605","A1":"35.32309747309901","A2":"경남 양산시 동면 내송로 39","A3":"경남 양산시 동면 내송리 233-13","A4":"4833031025102330013","A5":"1904","A6":"경남청","A7":"양산","A8":"동면","A9":"파출소","A10":"055-389-0112","A11":"경상남도 양산시 동면 내송로 39"}},
{"type":"Feature","geometry":{"type":"Point","coordinates":[200458.1577,545168.2227]},"properties":{"A0":"127.00518170156838","A1":"37.50598345807225","A2":"서울 서초구 신반포로 190(반포동)","A3":"서울 서초구 반포동 19-5","A4":"1165010700100190005","A5":"188","A6":"서울청","A7":"서울서초","A8":"반포","A9":"지구대","A10":"02-536-8477","A11":"서울특별시 서초구 신반포로190"}},
{"type":"Feature","geometry":{"type":"Point","coordinates":[387401.4733,315429.1218]},"properties":{"A0":"129.06325659512405","A1":"35.41803136691767","A2":"경남 양산시 상북면 상북중앙로 394","A3":"경남 양산시 상북면 석계리 79-3","A4":"4833033021100790003","A5":"1905","A6":"경남청","A7":"양산","A8":"상북","A9":"파출소","A10":"055-375-0112","A11":"경상남도 양산시 상북면 상북중앙로 394"}},
{"type":"Feature","geometry":{"type":"Point","coordinates":[389404.0471,323519.8851]},"properties":{"A0":"129.08717379930715","A1":"35.49052938602468","A2":"경남 양산시 하북면 신평로 24","A3":"경남 양산시 하북면 순지리 691-8","A4":"4833034021106910008","A5":"1906","A6":"경남청","A7":"양산","A8":"하북","A9":"파출소","A10":"055-381-0112","A11":"경상남도 양산시 하북면 신평로 24"}},
{"type":"Feature","geometry":{"type":"Point","coordinates":[384291.2413,305759.7567]},"properties":{"A0":"129.02685392072647","A1":"35.33151644705744","A2":"경남 양산시 양주로 34(남부동)","A3":"경남 양산시 남부동 607-1","A4":"4833010200106070001","A5":"1907","A6":"경남청","A7":"양산","A8":"양주","A9":"파출소","A10":"055-388-0112","A11":"경상남도 양산시 양주로 34"}},
{"type":"Feature","geometry":{"type":"Point","coordinates":[396579.7829,315178.3161]},"properties":{"A0":"129.16418558277414","A1":"35.41400424529809","A2":"경남 양산시 대평들1길 9-17(소주동)","A3":"경남 양산시 소주동 42-3","A4":"4833011700100420003","A5":"1908","A6":"경남청","A7":"양산","A8":"소주","A9":"파출소","A10":"055-388-0113","A11":"경상남도 양산시 대평들 1길 9-17"}},
{"type":"Feature","geometry":{"type":"Point","coordinates":[395029.618,311551.6451]},"properties":{"A0":"129.1462639371647","A1":"35.381645713282055","A2":"경남 양산시 평산로 79(평산동)","A3":"경남 양산시 평산동 490","A4":"4833011900104900000","A5":"1909","A6":"경남청","A7":"양산","A8":"평산","A9":"파출소","A10":"055-387-0112","A11":"경산남도 양산시 평산로 79"}},
{"type":"Feature","geometry":{"type":"Point","coordinates":[349076.4859,255083.7656]},"properties":{"A0":"128.6305937154703","A1":"34.88079607118937","A2":"경남 거제시 고현천로 135(고현동)","A3":"경남 거제시 고현동 313-2","A4":"4831010900103130002","A5":"1910","A6":"경남청","A7":"거제","A8":"신현","A9":"지구대","A10":"055-636-0112","A11":"경상남도 거제시 고현천로 135"}},
{"type":"Feature","geometry":{"type":"Point","coordinates":[354756.8007,256799.9742]},"properties":{"A0":"128.6930184469047","A1":"34.89541015449963","A2":"경남 거제시 옥포로22길 21(옥포동)","A3":"경남 거제시 옥포동 520-24","A4":"4831010600105200024","A5":"1911","A6":"경남청","A7":"거제","A8":"옥포","A9":"지구대","A10":"055-688-0112","A11":"경상남도 거제시 옥포로22길 21"}},
{"type":"Feature","geometry":{"type":"Point","coordinates":[346655.683,256272.2813]},"properties":{"A0":"128.60432991664135","A1":"34.89185774008614","A2":"경남 거제시 장평1로 154(장평동)","A3":"경남 거제시 장평동 626","A4":"4831010800106260000","A5":"1912","A6":"경남청","A7":"거제","A8":"장평","A9":"지구대","A10":"055-637-0112","A11":"경상남도 거제시 장평1로 154"}},
{"type":"Feature","geometry":{"type":"Point","coordinates":[357542.1558,253395.2205]},"properties":{"A0":"128.7228374217754","A1":"34.86430632202635","A2":"경남 거제시 장승로 109(장승포동)","A3":"경남 거제시 장승포동 535-2","A4":"4831010200105350002","A5":"1913","A6":"경남청","A7":"거제","A8":"장승포","A9":"지구대","A10":"055-682-0112","A11":"경상남도 거제시 장승로 109"}},
{"type":"Feature","geometry":{"type":"Point","coordinates":[354517.4792,253380.2927]},"properties":{"A0":"128.68977004093205","A1":"34.86463642713156","A2":"경남 거제시 아주로 47(아주동)","A3":"경남 거제시 아주동 317-2","A4":"4831010500103170002","A5":"1914","A6":"경남청","A7":"거제","A8":"아주","A9":"지구대","A10":"055-682-0113","A11":"경상남도 거제시 아주로 47"}},
{"type":"Feature","geometry":{"type":"Point","coordinates":[202561.1681,543118.6452]},"properties":{"A0":"127.02895933075703","A1":"37.48751319302391","A2":"서울 서초구 서운로 38(서초동)","A3":"서울 서초구 서초동 1356-6","A4":"1165010800113560006","A5":"189","A6":"서울청","A7":"서울서초","A8":"서초2","A9":"파출소","A10":"02-536-8477","A11":"서울 서초구 서운로 38"}},
{"type":"Feature","geometry":{"type":"Point","coordinates":[351090.4038,258548.4735]},"properties":{"A0":"128.6532414081512","A1":"34.91171700765306","A2":"경남 거제시 연초면 거제대로 4275","A3":"경남 거제시 연초면 죽토리 1153-23","A4":"4831037024111530023","A5":"1915","A6":"경남청","A7":"거제","A8":"연초","A9":"파출소","A10":"055-635-0113","A11":"경상남도 거제시 연초면 거제대로 4275"}},
{"type":"Feature","geometry":{"type":"Point","coordinates":[345302.1927,251316.8782]},"properties":{"A0":"128.5886729180461","A1":"34.84740428122179","A2":"경남 거제시 거제면 거제남서로 3431","A3":"경남 거제시 거제면 서정리 767-1","A4":"4831034026107670001","A5":"1916","A6":"경남청","A7":"거제","A8":"거제","A9":"파출소","A10":"055-633-0112","A11":"경상남도 거제시 거제면 거제남서로 3431"}},
{"type":"Feature","geometry":{"type":"Point","coordinates":[346922.6653,248992.0422]},"properties":{"A0":"128.60597645804756","A1":"34.826219852492635","A2":"경남 거제시 동부면 거제남서로 3118","A3":"경남 거제시 동부면 산양리 846-1","A4":"4831032022108460001","A5":"1917","A6":"경남청","A7":"거제","A8":"동부","A9":"파출소","A10":"055-633-2112","A11":"경상남도 거제시 동부면 거제남서로 3118"}},
{"type":"Feature","geometry":{"type":"Point","coordinates":[353476.0591,266987.109]},"properties":{"A0":"128.68088873037954","A1":"34.987351876120755","A2":"경남 거제시 장목면 거제북로 1165","A3":"경남 거제시 장목면 장목리 240-28","A4":"4831039026102400028","A5":"1918","A6":"경남청","A7":"거제","A8":"장목","A9":"파출소","A10":"055-635-0112","A11":"경상남도 거제시 장목면 거제북로 1165"}},
{"type":"Feature","geometry":{"type":"Point","coordinates":[355279.9294,284494.9935]},"properties":{"A0":"128.70390473018477","A1":"35.14491551864652","A2":"경남 창원시 진해구 덕산로36번길 9(덕산동) 덕산지구대","A3":"경남 창원시 진해구 덕산동 64-18","A4":"4812914300100640018","A5":"1919","A6":"경남청","A7":"진해","A8":"덕산","A9":"지구대","A10":"055-549-8301","A11":"경상남도 창원시 진해구  덕산로 36번길 9, 덕산지구대"}},
{"type":"Feature","geometry":{"type":"Point","coordinates":[365434.771,279770.6819]},"properties":{"A0":"128.8143479138701","A1":"35.100679554759196","A2":"경남 창원시 진해구 용원로41번길 12(용원동) 용원지구대","A3":"경남 창원시 진해구 용원동 1218-4","A4":"4812916400112180004","A5":"1920","A6":"경남청","A7":"진해","A8":"용원","A9":"지구대","A10":"055-549-8302","A11":"경상남도 창원시 진해구  용원로41번길 12, 용원지구대"}},
{"type":"Feature","geometry":{"type":"Point","coordinates":[351332.7336,284975.8595]},"properties":{"A0":"128.66070072941557","A1":"35.14979200019329","A2":"경남 창원시 진해구 벚꽃로 36(통신동) 충무파출소","A3":"경남 창원시 진해구 통신동 2-1","A4":"4812912500100020001","A5":"1921","A6":"경남청","A7":"진해","A8":"충무","A9":"파출소","A10":"055-549-8303","A11":"경상남도 창원시 진해구  벚꽃로 36, 충무파출소"}},
{"type":"Feature","geometry":{"type":"Point","coordinates":[353832.1362,285460.2375]},"properties":{"A0":"128.68820830674792","A1":"35.153776310502465","A2":"경남 창원시 진해구 충장로 329(경화동) 경화파출소","A3":"경남 창원시 진해구 경화동 33","A4":"4812913900100330000","A5":"1922","A6":"경남청","A7":"진해","A8":"경화","A9":"파출소","A10":"055-549-8305","A11":"경상남도 창원시 진해구  충장로 329, 경화파출소"}},
{"type":"Feature","geometry":{"type":"Point","coordinates":[362473.0684,282476.991]},"properties":{"A0":"128.78241121586203","A1":"35.12554116811108","A2":"경남 창원시 진해구 웅동로57번가길 5(마천동) 웅동파출소","A3":"경남 창원시 진해구 마천동 134-5","A4":"4812915800101340005","A5":"1923","A6":"경남청","A7":"진해","A8":"웅동","A9":"파출소","A10":"055-549-8304","A11":"경상남도 창원시 진해구  웅동로57번가길 5, 웅동파출소"}},
{"type":"Feature","geometry":{"type":"Point","coordinates":[356108.0676,285527.0627]},"properties":{"A0":"128.7132136563605","A1":"35.154144667517244","A2":"경남 창원시 진해구 장복대로 157(자은동) 자은파출소","A3":"경남 창원시 진해구 자은동 146","A4":"4812914200101460000","A5":"1924","A6":"경남청","A7":"진해","A8":"자은","A9":"파출소","A10":"055-549-8306","A11":"경상남도 창원시 진해구 장복대로 157, 자은파출소"}},
{"type":"Feature","geometry":{"type":"Point","coordinates":[200952.6948,543617.8212]},"properties":{"A0":"127.01077284225701","A1":"37.49201386557881","A2":"서울 서초구 반포대로30길 40(서초동)","A3":"서울 서초구 서초동 1555-4","A4":"1165010800115550004","A5":"190","A6":"서울청","A7":"서울서초","A8":"서초3","A9":"파출소","A10":"02-572-0692","A11":"서울 서초구 반포대로30길 40"}},
{"type":"Feature","geometry":{"type":"Point","coordinates":[329481.7245,255033.7904]},"properties":{"A0":"128.41632159416102","A1":"34.883031267884455","A2":"경남 통영시 광도면 죽림3로 25","A3":"경남 통영시 광도면 죽림리 1569-8","A4":"4822034024115690008","A5":"1925","A6":"경남청","A7":"통영","A8":"광도","A9":"지구대","A10":"055-642-3112","A11":"경상남도 통영시 광도면 죽림3로 25"}},
{"type":"Feature","geometry":{"type":"Point","coordinates":[330312.8173,252480.1576]},"properties":{"A0":"128.42501275360192","A1":"34.85991365990316","A2":"경남 통영시 무전대로 40(무전동)","A3":"경남 통영시 무전동 1029-1","A4":"4822011100110290001","A5":"1926","A6":"경남청","A7":"통영","A8":"북신","A9":"지구대","A10":"055-648-0112","A11":"경상남도 통영시  무전대로 40"}},
{"type":"Feature","geometry":{"type":"Point","coordinates":[329158.3699,249398.4646]},"properties":{"A0":"128.41191879390936","A1":"34.83229021486926","A2":"경남 통영시 운하2길 17(미수동)","A3":"경남 통영시 미수동 21-1","A4":"4822011500100210001","A5":"1927","A6":"경남청","A7":"통영","A8":"미수","A9":"지구대","A10":"055-646-0112","A11":"경상남도 통영시  운하2길 17"}},
{"type":"Feature","geometry":{"type":"Point","coordinates":[330188.7578,250315.9727]},"properties":{"A0":"128.42332056791253","A1":"34.84042749259028","A2":"경남 통영시 동충2길 32-6(항남동)","A3":"경남 통영시 항남동 147-19","A4":"4822010400101470019","A5":"1928","A6":"경남청","A7":"통영","A8":"중앙","A9":"지구대","A10":"055-649-3112","A11":"경상남도 통영시 동충2길 32-6"}},
{"type":"Feature","geometry":{"type":"Point","coordinates":[327038.1797,245940.0503]},"properties":{"A0":"128.38822189404078","A1":"34.8013920507505","A2":"경남 통영시 산양읍 산양중앙로 1","A3":"경남 통영시 산양읍 남평리 1381-2","A4":"4822025026113810002","A5":"1929","A6":"경남청","A7":"통영","A8":"산양","A9":"파출소","A10":"055-642-1112","A11":"경상남도 통영시 산양읍 산양중앙로 1"}},
{"type":"Feature","geometry":{"type":"Point","coordinates":[315965.1578,227463.9302]},"properties":{"A0":"128.26471118754736","A1":"34.63620470401028","A2":"경남 통영시 욕지면 천왕로 29","A3":"경남 통영시 욕지면 동항리 787-23","A4":"4822035021107870023","A5":"1930","A6":"경남청","A7":"통영","A8":"욕지","A9":"파출소","A10":"055-642-5112","A11":"경상남도 통영시 욕지면 천왕로 29"}},
{"type":"Feature","geometry":{"type":"Point","coordinates":[338055.1436,242301.9005]},"properties":{"A0":"128.50798037981644","A1":"34.767173782643624","A2":"경남 통영시 한산면 한산일주로 840-1","A3":"경남 통영시 한산면 하소리 28-7","A4":"4822036024100280007","A5":"1931","A6":"경남청","A7":"통영","A8":"한산","A9":"파출소","A10":"055-642-8112","A11":"경상남도 통영시 한산면 한산일주로 840-1"}},
{"type":"Feature","geometry":{"type":"Point","coordinates":[312048.9376,250523.0178]},"properties":{"A0":"128.2250737785568","A1":"34.84445120539509","A2":"경남 통영시 사량면 진촌2길 17","A3":"경남 통영시 사량면 금평리 54-2","A4":"4822037021100540002","A5":"1932","A6":"경남청","A7":"통영","A8":"사량","A9":"파출소","A10":"055-642-6112","A11":"경상남도 통영시 사량면 진촌2길 17"}},
{"type":"Feature","geometry":{"type":"Point","coordinates":[298383.279,260329.8603]},"properties":{"A0":"128.0768393973045","A1":"34.93424843596774","A2":"경남 사천시 중앙로 89(동금동)","A3":"경남 사천시 동금동 141-2","A4":"4824010400101410002","A5":"1933","A6":"경남청","A7":"사천","A8":"삼천포","A9":"지구대","A10":"055-835-0112","A11":"경상남도 사천시  중앙로 89(동금동)"}},
{"type":"Feature","geometry":{"type":"Point","coordinates":[299202.1428,276863.7656]},"properties":{"A0":"128.08777192617373","A1":"35.08317548493852","A2":"경남 사천시 사천읍 평화2길 31","A3":"경남 사천시 사천읍 평화리 51","A4":"4824025023100510000","A5":"1934","A6":"경남청","A7":"사천","A8":"사천","A9":"지구대","A10":"055-852-0112","A11":"경상남도 사천시 사천읍 평화2길 31(평화리)"}},
{"type":"Feature","geometry":{"type":"Point","coordinates":[203346.7528,542788.8355]},"properties":{"A0":"127.03784050491505","A1":"37.48453907083898","A2":"서울 서초구 남부순환로356길 9(양재동)","A3":"서울 서초구 양재동 1-3","A4":"1165010200100010003","A5":"191","A6":"서울청","A7":"서울서초","A8":"양재","A9":"파출소","A10":"02-572-0113","A11":"서울 서초구 남부순환로356길 9"}},
{"type":"Feature","geometry":{"type":"Point","coordinates":[296893.3445,269077.7323]},"properties":{"A0":"128.06154995894022","A1":"35.0132304259771","A2":"경남 사천시 용현면 진삼로 635","A3":"경남 사천시 용현면 송지리 229-1","A4":"4824033021102290001","A5":"1935","A6":"경남청","A7":"사천","A8":"용현","A9":"파출소","A10":"055-834-0112","A11":"경상남도 사천시  진삼로 635(송지리)"}},
{"type":"Feature","geometry":{"type":"Point","coordinates":[297229.6712,264074.143]},"properties":{"A0":"128.06465094100434","A1":"34.96810446008379","A2":"경남 사천시 진삼로 122(죽림동)","A3":"경남 사천시 죽림동 1102","A4":"4824012700111020000","A5":"1936","A6":"경남청","A7":"사천","A8":"남양","A9":"파출소","A10":"055-834-3112","A11":"경상남도 사천시  진삼로 122(송포동)"}},
{"type":"Feature","geometry":{"type":"Point","coordinates":[298016.2361,273421.7577]},"properties":{"A0":"128.07436414039847","A1":"35.05227264842314","A2":"경남 사천시 사남면 진삼로 1101","A3":"경남 사천시 사남면 죽천리 18-2","A4":"4824032021100180002","A5":"1937","A6":"경남청","A7":"사천","A8":"사남","A9":"파출소","A10":"055-854-4112","A11":"경상남도 사천시  진삼로 1101(죽천리)"}},
{"type":"Feature","geometry":{"type":"Point","coordinates":[287603.5787,273906.184]},"properties":{"A0":"127.96029622383763","A1":"35.05759334929073","A2":"경남 사천시 곤양면 성내공원길 8","A3":"경남 사천시 곤양면 성내리 193","A4":"4824035021101930000","A5":"1938","A6":"경남청","A7":"사천","A8":"곤양","A9":"파출소","A10":"055-853-0112","A11":"경상남도 사천시 곤양면 성내공원길 8(성내리)"}},
{"type":"Feature","geometry":{"type":"Point","coordinates":[289099.0424,268499.2663]},"properties":{"A0":"127.97610709268113","A1":"35.00873466005528","A2":"경남 사천시 서포면 서포로 284-16","A3":"경남 사천시 서포면 구평리 887-6","A4":"4824037027108870006","A5":"1939","A6":"경남청","A7":"사천","A8":"서포","A9":"파출소","A10":"055-853-1112","A11":"경상남도 사천시 서포면 서포로 284-16(구평리)"}},
{"type":"Feature","geometry":{"type":"Point","coordinates":[285667.7122,279878.8088]},"properties":{"A0":"127.93969473711024","A1":"35.1115874999018","A2":"경남 사천시 곤명면 곤명1로 105","A3":"경남 사천시 곤명면 봉계리 289","A4":"4824036024102890000","A5":"1940","A6":"경남청","A7":"사천","A8":"곤명","A9":"파출소","A10":"055-854-0112","A11":"경상남도 사천시 곤명면 곤명1로 105(봉계리)"}},
{"type":"Feature","geometry":{"type":"Point","coordinates":[358344.1648,322999.6508]},"properties":{"A0":"128.74495746467937","A1":"35.4912736545644","A2":"경남 밀양시 밀양대로 1879(내이동)","A3":"경남 밀양시 내이동 1072-1","A4":"4827010200110720001","A5":"1941","A6":"경남청","A7":"밀양","A8":"중앙","A9":"지구대","A10":"055-350-0152","A11":"경상남도 밀양시 밀양대로 1879"}},
{"type":"Feature","geometry":{"type":"Point","coordinates":[360675.3415,321080.7486]},"properties":{"A0":"128.7702572751159","A1":"35.473614187966135","A2":"경남 밀양시 중앙로 65(가곡동)","A3":"경남 밀양시 가곡동 472-1","A4":"4827010800104720001","A5":"1942","A6":"경남청","A7":"밀양","A8":"역전","A9":"파출소","A10":"055-350-0156","A11":"경상남도 밀양시 중앙로 65"}},
{"type":"Feature","geometry":{"type":"Point","coordinates":[355388.6623,310029.7223]},"properties":{"A0":"128.70992857773274","A1":"35.37489563026282","A2":"경남 밀양시 하남읍 수산중앙로 41-1","A3":"경남 밀양시 하남읍 수산리 450-8","A4":"4827025321104500008","A5":"1943","A6":"경남청","A7":"밀양","A8":"하남","A9":"파출소","A10":"055-350-0160","A11":"경상남도 밀양시 하남읍 수산중앙로 41-1"}},
{"type":"Feature","geometry":{"type":"Point","coordinates":[367394.2722,312983.7478]},"properties":{"A0":"128.84258753782936","A1":"35.399565799093395","A2":"경남 밀양시 삼랑진읍 천태로 70-2","A3":"경남 밀양시 삼랑진읍 송지리 156-164","A4":"4827025021101560164","A5":"1944","A6":"경남청","A7":"밀양","A8":"삼랑진","A9":"파출소","A10":"055-350-0164","A11":"경상남도 밀양시 삼랑진읍 천태로 70-2"}},
{"type":"Feature","geometry":{"type":"Point","coordinates":[201482.7491,542875.4257]},"properties":{"A0":"127.01676506785938","A1":"37.485324133152716","A2":"서울 서초구 효령로 297(서초동)","A3":"서울 서초구 서초동 1603-16","A4":"1165010800116030016","A5":"192","A6":"서울청","A7":"서울서초","A8":"서초","A9":"파출소","A10":"02-583-6249","A11":"서울 서초구 효령로 297"}},
{"type":"Feature","geometry":{"type":"Point","coordinates":[359583.8333,320136.8137]},"properties":{"A0":"128.75804809071664","A1":"35.46528373798802","A2":"경남 밀양시 상남면 밀양대로 1495","A3":"경남 밀양시 상남면 예림리 1135-8","A4":"4827036022111350008","A5":"1945","A6":"경남청","A7":"밀양","A8":"상남","A9":"파출소","A10":"055-350-0167","A11":"경상남도 밀양시 상남면 밀양대로 1495"}},
{"type":"Feature","geometry":{"type":"Point","coordinates":[350028.6681,320843.3005]},"properties":{"A0":"128.65295769534788","A1":"35.473137065647116","A2":"경남 밀양시 무안면 사명로 543","A3":"경남 밀양시 무안면 무안리 917-2","A4":"4827038021109170002","A5":"1946","A6":"경남청","A7":"밀양","A8":"무안","A9":"파출소","A10":"055-350-0170","A11":"경상남도 밀양시 무안면 사명로 543"}},
{"type":"Feature","geometry":{"type":"Point","coordinates":[356814.1545,325299.4088]},"properties":{"A0":"128.72854708013932","A1":"35.512239393820096","A2":"경남 밀양시 부북면 부북로 43","A3":"경남 밀양시 부북면 운전리 304-3","A4":"4827031021103040003","A5":"1947","A6":"경남청","A7":"밀양","A8":"부북","A9":"파출소","A10":"055-350-0174","A11":"경상남도 밀양시 부북면 부북로 43"}},
{"type":"Feature","geometry":{"type":"Point","coordinates":[364698.4553,324335.3296]},"properties":{"A0":"128.81522359889505","A1":"35.50227721613186","A2":"경남 밀양시 산외면 산외로 429","A3":"경남 밀양시 산외면 다죽리 218-4","A4":"4827033021102180004","A5":"1948","A6":"경남청","A7":"밀양","A8":"산외","A9":"파출소","A10":"055-350-0177","A11":"경상남도 밀양시 산외면 산외로 429"}},
{"type":"Feature","geometry":{"type":"Point","coordinates":[370414.1793,333575.2681]},"properties":{"A0":"128.88013125750018","A1":"35.58454618976542","A2":"경남 밀양시 산내면 산내로 323-1","A3":"경남 밀양시 산내면 송백리 1300-5","A4":"4827034021113000005","A5":"1949","A6":"경남청","A7":"밀양","A8":"산내","A9":"파출소","A10":"055-350-0181","A11":"경상남도 밀양시 산내면 산내로 323-1"}},
{"type":"Feature","geometry":{"type":"Point","coordinates":[370098.8775,325819.9249]},"properties":{"A0":"128.8750292230227","A1":"35.514745567852565","A2":"경남 밀양시 단장면 표충로 356","A3":"경남 밀양시 단장면 태룡리 415-1","A4":"4827035021104150001","A5":"1950","A6":"경남청","A7":"밀양","A8":"단장","A9":"파출소","A10":"055-350-0184","A11":"경상남도 밀양시 단장면 표충로 356"}},
{"type":"Feature","geometry":{"type":"Point","coordinates":[282753.1579,343771.487]},"properties":{"A0":"127.91420634984684","A1":"35.68763905601895","A2":"경남 거창군 거창읍 중앙로1길 20-5","A3":"경남 거창군 거창읍 대동리 847-4","A4":"4888025023108470004","A5":"1951","A6":"경남청","A7":"거창","A8":"아림","A9":"지구대","A10":"055-941-0112","A11":"경상남도 거창군 거창읍 중앙로1길 20-5"}},
{"type":"Feature","geometry":{"type":"Point","coordinates":[275401.8138,350601.3559]},"properties":{"A0":"127.8336421530279","A1":"35.749778165245274","A2":"경남 거창군 위천면 장터길 22-5","A3":"경남 거창군 위천면 장기리 514-4","A4":"4888035021105140004","A5":"1952","A6":"경남청","A7":"거창","A8":"원학","A9":"파출소","A10":"055-943-0112","A11":"경상남도 거창군 위천면 장터길 22-5"}},
{"type":"Feature","geometry":{"type":"Point","coordinates":[291663.8483,346358.8282]},"properties":{"A0":"128.01292759460273","A1":"35.71016702916977","A2":"경남 거창군 가조면 가조가야로 1079","A3":"경남 거창군 가조면 마상리 374-1","A4":"4888040028103740001","A5":"1953","A6":"경남청","A7":"거창","A8":"가조","A9":"파출소","A10":"055-942-0112","A11":"경상남도 거창군 거창읍 가조가야로 1079"}},
{"type":"Feature","geometry":{"type":"Point","coordinates":[283025.5824,356800.2611]},"properties":{"A0":"127.91856285753178","A1":"35.805024335628744","A2":"경남 거창군 웅양면 웅양로 1432","A3":"경남 거창군 웅양면 노현리 255-3","A4":"4888032027102550003","A5":"1954","A6":"경남청","A7":"거창","A8":"웅양","A9":"파출소","A10":"055-942-3112","A11":"경상남도 거창군 웅양면 웅양로 1432"}},
{"type":"Feature","geometry":{"type":"Point","coordinates":[201417.6575,539633.2798]},"properties":{"A0":"127.01602286032684","A1":"37.45611215134065","A2":"서울 서초구 양재대로2길 106(우면동)","A3":"서울 서초구 우면동 768","A4":"1165010300107680000","A5":"193","A6":"서울청","A7":"서울서초","A8":"우면","A9":"파출소","A10":"02-581-1120","A11":"서울 서초구 양재대로2길 106"}},
{"type":"Feature","geometry":{"type":"Point","coordinates":[282327.3007,339030.9855]},"properties":{"A0":"127.90901754656119","A1":"35.64495494661787","A2":"경남 거창군 남상면 수남로 1845","A3":"경남 거창군 남상면 무촌리 558-14","A4":"4888037021105580014","A5":"1955","A6":"경남청","A7":"거창","A8":"남상","A9":"파출소","A10":"055-943-4112","A11":"경상남도 거창군 남상면 수남로 1845"}},
{"type":"Feature","geometry":{"type":"Point","coordinates":[283882.1962,330481.002]},"properties":{"A0":"127.92528772790956","A1":"35.56781899984851","A2":"","A3":"경남 거창군 신원면 과정리 187-7번지","A4":"4888039026101870007","A5":"1956","A6":"경남청","A7":"거창","A8":"신원","A9":"파출소","A10":"055-942-8112","A11":"경상남도 거창군 신원면 과정리 187-7"}},
{"type":"Feature","geometry":{"type":"Point","coordinates":[278794.0069,357726.0714]},"properties":{"A0":"127.87184277163101","A1":"35.813717652403405","A2":"경남 거창군 고제면 입석2길 14","A3":"경남 거창군 고제면 농산리 753-4","A4":"4888033024107530004","A5":"1957","A6":"경남청","A7":"거창","A8":"고제","A9":"파출소","A10":"055-942-7112","A11":"경상남도 거창군 고제면 입석2길 14번지"}},
{"type":"Feature","geometry":{"type":"Point","coordinates":[305383.3378,330939.1017]},"properties":{"A0":"128.16249410203318","A1":"35.56984847506","A2":"경남 합천군 합천읍 충효로 106-5","A3":"경남 합천군 합천읍 합천리 1534","A4":"4889025021115340000","A5":"1958","A6":"경남청","A7":"합천","A8":"중부","A9":"지구대","A10":"055-930-6292","A11":"경상남도 합천군 합천읍 충효로 106-5"}},
{"type":"Feature","geometry":{"type":"Point","coordinates":[302980.5081,351601.3889]},"properties":{"A0":"128.13863366734637","A1":"35.7562893972388","A2":"경남 합천군 가야면 가야시장로 19","A3":"경남 합천군 가야면 황산리 976-5","A4":"4889033031109760005","A5":"1959","A6":"경남청","A7":"합천","A8":"가야","A9":"파출소","A10":"055-930-6295","A11":"경상남도 합천군 가야면 가야시장로 19"}},
{"type":"Feature","geometry":{"type":"Point","coordinates":[291997.9444,325452.2036]},"properties":{"A0":"128.0142374537297","A1":"35.52173606131371","A2":"경남 합천군 대병면 신성동길 20","A3":"경남 합천군 대병면 회양리 886-5","A4":"4889045023108860005","A5":"1960","A6":"경남청","A7":"합천","A8":"대병","A9":"파출소","A10":"055-930-6297","A11":"경상남도 합천군 대병면 신성동길 20"}},
{"type":"Feature","geometry":{"type":"Point","coordinates":[301795.1744,313704.3754]},"properties":{"A0":"128.12076126632928","A1":"35.41491517912342","A2":"경남 합천군 삼가면 삼가1로 73","A3":"경남 합천군 삼가면 금리 71","A4":"4889043027100710000","A5":"1961","A6":"경남청","A7":"합천","A8":"삼가","A9":"파출소","A10":"055-930-6294","A11":"경상남도 합천군 삼가면 삼가1로 73"}},
{"type":"Feature","geometry":{"type":"Point","coordinates":[305736.4444,345951.7068]},"properties":{"A0":"128.1683559712542","A1":"35.70508993368483","A2":"경남 합천군 야로면 가야산로 343","A3":"경남 합천군 야로면 구정리 280-1","A4":"4889034026102800001","A5":"1962","A6":"경남청","A7":"합천","A8":"야로","A9":"파출소","A10":"055-930-6296","A11":"경상남도 합천군 야로면 가야산로 343"}},
{"type":"Feature","geometry":{"type":"Point","coordinates":[294440.7902,337204.6089]},"properties":{"A0":"128.04253652807603","A1":"35.62741320449915","A2":"경남 합천군 봉산면 서부로 4337","A3":"경남 합천군 봉산면 김봉리 337-8","A4":"4889031025103370008","A5":"1963","A6":"경남청","A7":"합천","A8":"봉산","A9":"파출소","A10":"055-930-6298","A11":"경상남도 합천군 봉산면 서부로 4337"}},
{"type":"Feature","geometry":{"type":"Point","coordinates":[314680.9144,329887.5506]},"properties":{"A0":"128.2648861761818","A1":"35.559340522774875","A2":"경남 합천군 초계면 초계중앙로 43","A3":"경남 합천군 초계면 초계리 85-4","A4":"4889036022100850004","A5":"1964","A6":"경남청","A7":"합천","A8":"동부","A9":"파출소","A10":"055-930-6293","A11":"경상남도 합천군 초계면 초계중앙로 43"}},
{"type":"Feature","geometry":{"type":"Point","coordinates":[205737.5528,539513.8485]},"properties":{"A0":"127.0648468715589","A1":"37.45501928170363","A2":"서울 서초구 헌릉로 226(내곡동)","A3":"서울 서초구 내곡동 404","A4":"1165010900104040000","A5":"194","A6":"서울청","A7":"서울서초","A8":"내곡","A9":"파출소","A10":"02-573-5826","A11":"서울특별시 서초구 헌릉로 226"}},
{"type":"Feature","geometry":{"type":"Point","coordinates":[338498.3676,319170.8548]},"properties":{"A0":"128.52568005027854","A1":"35.45974295771724","A2":"경남 창녕군 영산면 영산계성로 96","A3":"경남 창녕군 영산면 성내리 613-2","A4":"4874038024106130002","A5":"1965","A6":"경남청","A7":"창녕","A8":"영산","A9":"지구대","A10":"055-536-3112","A11":"경상남도 창녕군 영산면 영산계성로 96"}},
{"type":"Feature","geometry":{"type":"Point","coordinates":[335949.2756,328344.6141]},"properties":{"A0":"128.49914249197508","A1":"35.542752239704114","A2":"경남 창녕군 창녕읍 종로 61","A3":"경남 창녕군 창녕읍 송현리 271","A4":"4874025021102710000","A5":"1966","A6":"경남청","A7":"창녕","A8":"창녕읍","A9":"파출소","A10":"055-533-3112","A11":"경상남도 창녕군 창녕읍 종로 61"}},
{"type":"Feature","geometry":{"type":"Point","coordinates":[334685.0932,311213.6427]},"properties":{"A0":"128.48237185932805","A1":"35.38857071289533","A2":"경남 창녕군 남지읍 선창길 9","A3":"경남 창녕군 남지읍 남지리 616-7","A4":"4874025321106160007","A5":"1967","A6":"경남청","A7":"창녕","A8":"남지","A9":"파출소","A10":"055-526-0112","A11":"경상남도 창녕군 남지읍 선창길 9"}},
{"type":"Feature","geometry":{"type":"Point","coordinates":[344318.8599,316785.5345]},"properties":{"A0":"128.5893521397047","A1":"35.43742441808566","A2":"경남 창녕군 부곡면 원앙로 188","A3":"경남 창녕군 부곡면 거문리 235-1","A4":"4874042022102350001","A5":"1968","A6":"경남청","A7":"창녕","A8":"부곡","A9":"파출소","A10":"055-521-0112","A11":"경상남도 창녕군 부곡면 원앙로 188"}},
{"type":"Feature","geometry":{"type":"Point","coordinates":[333336.6978,336277.2328]},"properties":{"A0":"128.4716461554492","A1":"35.6145772350463","A2":"경남 창녕군 대합면 창한로 121","A3":"경남 창녕군 대합면 십이리 226-1","A4":"4874033021102260001","A5":"1969","A6":"경남청","A7":"창녕","A8":"대합","A9":"파출소","A10":"055-532-2112","A11":"경상남도 창녕군 대합면 창한로 121"}},
{"type":"Feature","geometry":{"type":"Point","coordinates":[327907.4805,324254.3606]},"properties":{"A0":"128.40984423592081","A1":"35.506966810669326","A2":"경남 창녕군 유어면 우포1대로 563","A3":"경남 창녕군 유어면 부곡리 457-6","A4":"4874035021104570006","A5":"1970","A6":"경남청","A7":"창녕","A8":"유어","A9":"파출소","A10":"055-532-7112","A11":"경상남도 창녕군 유어면 우포1대로 563"}},
{"type":"Feature","geometry":{"type":"Point","coordinates":[325821.4798,332075.0864]},"properties":{"A0":"128.38807025981325","A1":"35.577698314023365","A2":"경남 창녕군 이방면 뒷골길 3","A3":"경남 창녕군 이방면 안리 812","A4":"4874034021108120000","A5":"1971","A6":"경남청","A7":"창녕","A8":"이방","A9":"파출소","A10":"055-532-5112","A11":"경상남도 창녕군 이방면 뒷골길 3"}},
{"type":"Feature","geometry":{"type":"Point","coordinates":[320388.0772,266112.0489]},"properties":{"A0":"128.3184726460577","A1":"34.983981508838525","A2":"경남 고성군 고성읍 대가로 27","A3":"경남 고성군 고성읍 기월리 173-6","A4":"4882025026101730006","A5":"1972","A6":"경남청","A7":"고성","A8":"공룡","A9":"지구대","A10":"055-674-0112","A11":"경상남도 고성군 대가면 대가로 27"}},
{"type":"Feature","geometry":{"type":"Point","coordinates":[329818.9145,272676.4334]},"properties":{"A0":"128.42275423124505","A1":"35.04197055338007","A2":"경남 고성군 동해면 장기3길 136","A3":"경남 고성군 동해면 장기리 420-1","A4":"4882042021104200001","A5":"1973","A6":"경남청","A7":"고성","A8":"동해","A9":"파출소","A10":"055-672-5112","A11":"경상남도 고성군 동해면 장기3길 136"}},
{"type":"Feature","geometry":{"type":"Point","coordinates":[328227.8648,266837.8699]},"properties":{"A0":"128.40442236790165","A1":"34.98955938192945","A2":"경남 고성군 거류면 거류로 655","A3":"경남 고성군 거류면 당동리 173-7","A4":"4882043021101730007","A5":"1974","A6":"경남청","A7":"고성","A8":"거류","A9":"파출소","A10":"055-672-1112","A11":"경상남도 고성군 거류면 거류로 655"}},
{"type":"Feature","geometry":{"type":"Point","coordinates":[198468.6558,552603.9643]},"properties":{"A0":"126.98266520134776","A1":"37.572978336749856","A2":"서울 종로구 우정국로 45-3(견지동, 한선빌딩) 1층 임시파출소","A3":"서울 종로구 견지동 110-39","A4":"1111012900101100039","A5":"20","A6":"서울청","A7":"서울종로","A8":"청진","A9":"파출소","A10":"02-3701-4313","A11":"서울특별시 종로구 우정국로 45-3 1층(임시파출소)"}},
{"type":"Feature","geometry":{"type":"Point","coordinates":[189268.354,548415.5891]},"properties":{"A0":"126.87857922243764","A1":"37.53518001507652","A2":"서울 양천구 목동동로 373(목동)","A3":"서울 양천구 목동 907-3","A4":"1147010200109070003","A5":"195","A6":"서울청","A7":"서울양천","A8":"목1","A9":"지구대","A10":"02-2648-0040","A11":"서울특별시 양천구  목동동로 373"}},
{"type":"Feature","geometry":{"type":"Point","coordinates":[324812.816,274249.7123]},"properties":{"A0":"128.3681408066024","A1":"35.056775957546776","A2":"경남 고성군 회화면 배둔로 19","A3":"경남 고성군 회화면 배둔리 829-4","A4":"4882040021108290004","A5":"1975","A6":"경남청","A7":"고성","A8":"회화","A9":"파출소","A10":"055-673-2112","A11":"경상남도 고성군 회화면 배둔로19"}},
{"type":"Feature","geometry":{"type":"Point","coordinates":[302556.175,259744.2612]},"properties":{"A0":"128.1224336703721","A1":"34.928557506340866","A2":"경남 고성군 하이면 남일로 433","A3":"경남 고성군 하이면 덕호리 539-4","A4":"4882033021105390004","A5":"1976","A6":"경남청","A7":"고성","A8":"하이","A9":"파출소","A10":"055-834-5112","A11":"경상남도 고성군 하이면 남일로 433"}},
{"type":"Feature","geometry":{"type":"Point","coordinates":[308349.4209,267674.7892]},"properties":{"A0":"128.18685741641525","A1":"34.99942635645476","A2":"경남 고성군 상리면 척번정1길 98","A3":"경남 고성군 상리면 척번정리 420-2","A4":"4882034021104200002","A5":"1977","A6":"경남청","A7":"고성","A8":"상리","A9":"파출소","A10":"055-672-8112","A11":"경상남도 고성군 상리면 척번정1길 98"}},
{"type":"Feature","geometry":{"type":"Point","coordinates":[312793.3002,279753.3667]},"properties":{"A0":"128.23716848595978","A1":"35.107785245091534","A2":"경남 고성군 영오면 영산1길 11","A3":"경남 고성군 영오면 영산리 240-3","A4":"4882037024102400003","A5":"1978","A6":"경남청","A7":"고성","A8":"영오","A9":"파출소","A10":"055-672-9112","A11":"경상남도 고성군 영오면 영산1길 11"}},
{"type":"Feature","geometry":{"type":"Point","coordinates":[256936.6849,288084.054]},"properties":{"A0":"127.62512518084606","A1":"35.18755344788083","A2":"경남 하동군 화개면 쌍계로 8","A3":"경남 하동군 화개면 탑리 747","A4":"4885031023107470000","A5":"1979","A6":"경남청","A7":"하동","A8":"화개","A9":"파출소","A10":"055-883-2112","A11":"경상남도 하동군 화개면 쌍계로 8"}},
{"type":"Feature","geometry":{"type":"Point","coordinates":[264576.6266,285195.0816]},"properties":{"A0":"127.70877869236543","A1":"35.16107733691634","A2":"경남 하동군 악양면 악양서로 343","A3":"경남 하동군 악양면 정서리 417-3","A4":"4885032031104170003","A5":"1980","A6":"경남청","A7":"하동","A8":"악양","A9":"파출소","A10":"055-883-3112","A11":"경상남도 하동군 악양면 악양서로 343"}},
{"type":"Feature","geometry":{"type":"Point","coordinates":[278563.5954,261798.8407]},"properties":{"A0":"127.86006874471887","A1":"34.94921827906096","A2":"경남 하동군 금남면 제먼당길 99","A3":"경남 하동군 금남면 노량리 762-2","A4":"4885036024107620002","A5":"1982","A6":"경남청","A7":"하동","A8":"금남","A9":"파출소","A10":"055-882-0112","A11":"경상남도 하동군 금남면 제먼당길 99"}},
{"type":"Feature","geometry":{"type":"Point","coordinates":[272424.8479,263596.3111]},"properties":{"A0":"127.79302710720269","A1":"34.965876463623246","A2":"경남 하동군 금성면 금성중앙길 2","A3":"경남 하동군 금성면 궁항리 1337-58","A4":"4885042022113370058","A5":"1983","A6":"경남청","A7":"하동","A8":"금성","A9":"파출소","A10":"055-882-1112","A11":"경상남도 하동군 금성면 금성중앙길 2"}},
{"type":"Feature","geometry":{"type":"Point","coordinates":[280077.9597,287444.2776]},"properties":{"A0":"127.87911972063648","A1":"35.18023181985044","A2":"경남 하동군 옥종면 은행나무길 78","A3":"경남 하동군 옥종면 청룡리 203-2","A4":"4885041021102030002","A5":"1984","A6":"경남청","A7":"하동","A8":"옥종","A9":"파출소","A10":"055-882-8112","A11":"경상남도 하동군 옥종면 은행나무길 78"}},
{"type":"Feature","geometry":{"type":"Point","coordinates":[268299.8428,275207.4702]},"properties":{"A0":"127.74881691102506","A1":"35.07081343267714","A2":"경남 하동군 하동읍 중앙로 36","A3":"경남 하동군 하동읍 읍내리 388-4","A4":"4885025021103880004","A5":"1985","A6":"경남청","A7":"하동","A8":"읍내","A9":"파출소","A10":"055-883-0112","A11":"경상남도 하동군 하동읍 중앙로 36"}},
{"type":"Feature","geometry":{"type":"Point","coordinates":[187837.0838,549451.2226]},"properties":{"A0":"126.86236833021393","A1":"37.544493209400514","A2":"서울 양천구 등촌로 166(목동)","A3":"서울 양천구 목동 657-23","A4":"1147010200106570023","A5":"196","A6":"서울청","A7":"서울양천","A8":"목2","A9":"지구대","A10":"02-2652-0112","A11":"서울특별시 양천구  등촌로 166"}},
{"type":"Feature","geometry":{"type":"Point","coordinates":[282432.2884,270350.9794]},"properties":{"A0":"127.90326281649632","A1":"35.025988180921544","A2":"경남 하동군 진교면 민다리안길 114","A3":"경남 하동군 진교면 진교리 292","A4":"4885037021102920000","A5":"1986","A6":"경남청","A7":"하동","A8":"진교","A9":"파출소","A10":"055-882-3112","A11":"경상남도 하동군 진교면 민다리안길 114"}},
{"type":"Feature","geometry":{"type":"Point","coordinates":[282057.725,249683.3279]},"properties":{"A0":"127.89712836504782","A1":"34.83974355357812","A2":"경남 남해군 남해읍 화전로96번길 30 중앙지구대","A3":"경남 남해군 남해읍 북변리 264-4","A4":"4884025021102640004","A5":"1987","A6":"경남청","A7":"남해","A8":"중앙","A9":"지구대","A10":"055-863-2112","A11":"경상남도 남해군 남해읍 화전로96번길 30 중앙지구대"}},
{"type":"Feature","geometry":{"type":"Point","coordinates":[292596.2037,251783.5741]},"properties":{"A0":"128.0125614251011","A1":"34.85776829468551","A2":"경남 남해군 창선면 창선로 99 창선파출소","A3":"경남 남해군 창선면 상죽리 122","A4":"4884039031101220000","A5":"1988","A6":"경남청","A7":"남해","A8":"창선","A9":"파출소","A10":"055-867-1112","A11":"경상남도 남해군 창선면 창선로 99 창선파출소"}},
{"type":"Feature","geometry":{"type":"Point","coordinates":[279709.5471,256124.3679]},"properties":{"A0":"127.87207132797185","A1":"34.89798432626168","A2":"경남 남해군 고현면 탑동로 75-4 고현파출소","A3":"경남 남해군 고현면 대사리 911-8","A4":"4884037027109110008","A5":"1989","A6":"경남청","A7":"남해","A8":"고현","A9":"파출소","A10":"055-862-3112","A11":"경상남도 남해군 고현면 탑동로 75-4 고현파출소"}},
{"type":"Feature","geometry":{"type":"Point","coordinates":[295791.9876,235679.7377]},"properties":{"A0":"128.0456679747138","A1":"34.71233433484275","A2":"경남 남해군 미조면 미송로 52 미조파출소","A3":"경남 남해군 미조면 미조리 105-14","A4":"4884034022101050014","A5":"1990","A6":"경남청","A7":"남해","A8":"미조","A9":"파출소","A10":"055-867-6112","A11":"경상남도 남해군 미조면 미송로 52 미조파출소"}},
{"type":"Feature","geometry":{"type":"Point","coordinates":[291523.9541,248850.9295]},"properties":{"A0":"128.00051823896894","A1":"34.831435248236055","A2":"경남 남해군 삼동면 동부대로1876번길 8 삼동파출소","A3":"경남 남해군 삼동면 지족리 286","A4":"4884033022102860000","A5":"1991","A6":"경남청","A7":"남해","A8":"삼동","A9":"파출소","A10":"055-867-0112","A11":"경상남도 남해군 삼동면 동부대로1876번길 8 삼동파출소"}},
{"type":"Feature","geometry":{"type":"Point","coordinates":[281222.0515,242070.949]},"properties":{"A0":"127.88725735847324","A1":"34.771201083718125","A2":"경남 남해군 남면 남서대로 774 남면파출소","A3":"경남 남해군 남면 당항리 1485-3","A4":"4884035021114850003","A5":"1992","A6":"경남청","A7":"남해","A8":"남면","A9":"파출소","A10":"055-862-8112","A11":"경상남도 남해군 남면 남서대로 774 남면파출소"}},
{"type":"Feature","geometry":{"type":"Point","coordinates":[266278.7499,325425.5666]},"properties":{"A0":"127.73071721441806","A1":"35.52354689108434","A2":"경남 함양군 함양읍 교산4길 11","A3":"경남 함양군 함양읍 교산리 152-5","A4":"4887025024101520005","A5":"1993","A6":"경남청","A7":"함양","A8":"읍내","A9":"파출소","A10":"055-963-4112","A11":"경상남도 함양군 함양읍 교산4길 11"}},
{"type":"Feature","geometry":{"type":"Point","coordinates":[273442.8345,337199.6757]},"properties":{"A0":"127.81076012291238","A1":"35.62915314476815","A2":"경남 함양군 안의면 금성길 15","A3":"경남 함양군 안의면 당본리 199-4","A4":"4887036022101990004","A5":"1994","A6":"경남청","A7":"함양","A8":"안의","A9":"파출소","A10":"055-963-6112","A11":"경상남도 함양군 안의면 금성길 15"}},
{"type":"Feature","geometry":{"type":"Point","coordinates":[262078.4385,343032.983]},"properties":{"A0":"127.68576619098232","A1":"35.68250055920547","A2":"경남 함양군 서상면 서상로 299-1","A3":"경남 함양군 서상면 대남리 1838-3","A4":"4887038021118380003","A5":"1995","A6":"경남청","A7":"함양","A8":"서상","A9":"파출소","A10":"055-963-0112","A11":"경상남도 함양군 서상면 서상로 299-1"}},
{"type":"Feature","geometry":{"type":"Point","coordinates":[187693.8262,546765.3074]},"properties":{"A0":"126.86079230296451","A1":"37.520291333252274","A2":"서울 양천구 중앙로32길 65(신정동)","A3":"서울 양천구 신정동 1021-8","A4":"1147010100110210008","A5":"197","A6":"서울청","A7":"서울양천","A8":"신정1","A9":"지구대","A10":"02-2643-0113","A11":"서울특별시 양천구  중앙로32길 65"}},
{"type":"Feature","geometry":{"type":"Point","coordinates":[271296.0365,325324.4489]},"properties":{"A0":"127.78601935631875","A1":"35.52228785228645","A2":"경남 함양군 수동면 수동길 11","A3":"경남 함양군 수동면 화산리 1254-3","A4":"4887034021112540003","A5":"1996","A6":"경남청","A7":"함양","A8":"수동","A9":"파출소","A10":"055-962-1112","A11":"경상남도 함양군 수동면 수동길 11"}},
{"type":"Feature","geometry":{"type":"Point","coordinates":[271844.5926,319232.9348]},"properties":{"A0":"127.79152736134877","A1":"35.467350126148666","A2":"경남 함양군 유림면 천왕봉로 2883","A3":"경남 함양군 유림면 화촌리 310-3","A4":"4887033024103100003","A5":"1997","A6":"경남청","A7":"함양","A8":"유림","A9":"파출소","A10":"055-962-4112","A11":"경상남도 함양군 유림면 천왕봉로 2883"}},
{"type":"Feature","geometry":{"type":"Point","coordinates":[257669.271,328545.5196]},"properties":{"A0":"127.63602633852008","A1":"35.55220318099978","A2":"경남 함양군 백전면 구산대안로 10","A3":"경남 함양군 백전면 평정리 376-5","A4":"4887039021103760005","A5":"1998","A6":"경남청","A7":"함양","A8":"백전","A9":"파출소","A10":"055-962-8112","A11":"경상남도 함양군 백전면 구산대안로 10"}},
{"type":"Feature","geometry":{"type":"Point","coordinates":[260339.6605,311256.4483]},"properties":{"A0":"127.66419312149016","A1":"35.39622599173367","A2":"경남 함양군 마천면 천왕봉로 1157","A3":"경남 함양군 마천면 가흥리 527-1","A4":"4887031021105270001","A5":"1999","A6":"경남청","A7":"함양","A8":"마천","A9":"파출소","A10":"055-962-5112","A11":"경상남도 함양군 마천면 천왕봉로 1157"}},
{"type":"Feature","geometry":{"type":"Point","coordinates":[279757.7187,313468.1112]},"properties":{"A0":"127.8781341937377","A1":"35.414792351724685","A2":"경남 산청군 산청읍 중앙로 34","A3":"경남 산청군 산청읍 산청리 244-2","A4":"4886025021102440002","A5":"2000","A6":"경남청","A7":"산청","A8":"경호","A9":"지구대","A10":"055-973-0412","A11":"경상남도 산청군 산청읍 중앙로 34"}},
{"type":"Feature","geometry":{"type":"Point","coordinates":[276249.5794,298259.3782]},"properties":{"A0":"127.83809654733915","A1":"35.27800277042644","A2":"경남 산청군 시천면 덕산대포로 7-2","A3":"경남 산청군 시천면 사리 922-20","A4":"4886036022109220020","A5":"2001","A6":"경남청","A7":"산청","A8":"시천","A9":"파출소","A10":"055-972-9112","A11":"경상남도 산청군 시천면 덕산대포로 7-2"}},
{"type":"Feature","geometry":{"type":"Point","coordinates":[287285.734,300766.7017]},"properties":{"A0":"127.95965349678777","A1":"35.299696740696795","A2":"경남 산청군 단성면 목화로 1006","A3":"경남 산청군 단성면 성내리 106-10","A4":"4886037021101060010","A5":"2002","A6":"경남청","A7":"산청","A8":"단성","A9":"파출소","A10":"055-973-0112","A11":"경상남도 산청군 단성면 목화로 1006"}},
{"type":"Feature","geometry":{"type":"Point","coordinates":[288428.1902,301203.7086]},"properties":{"A0":"127.97225997554122","A1":"35.303535377853976","A2":"경남 산청군 신안면 지리산대로 3477","A3":"경남 산청군 신안면 하정리 760-3","A4":"4886038021107600003","A5":"2003","A6":"경남청","A7":"산청","A8":"신안","A9":"파출소","A10":"055-972-0812","A11":"경상남도 산청군 신안면 지리산대로 3477"}},
{"type":"Feature","geometry":{"type":"Point","coordinates":[291856.4814,309645.4132]},"properties":{"A0":"128.01089412907442","A1":"35.3793012195788","A2":"경남 산청군 신등면 신등가회로 21","A3":"경남 산청군 신등면 단계리 666-5","A4":"4886040021106660005","A5":"2004","A6":"경남청","A7":"산청","A8":"신등","A9":"파출소","A10":"055-972-3112","A11":"경상남도 산청군 신등면 신등가회로 21"}},
{"type":"Feature","geometry":{"type":"Point","coordinates":[330132.9283,306857.6962]},"properties":{"A0":"128.4315910623855","A1":"35.34992702904849","A2":"경남 함안군 대산면 대산중앙로 174","A3":"경남 함안군 대산면 평림리 1032-6","A4":"4873034023110320006","A5":"2005","A6":"경남청","A7":"함안","A8":"대산","A9":"파출소","A10":"055-582-8112","A11":"경상남도 함안군 대산면 대산중앙로 174"}},
{"type":"Feature","geometry":{"type":"Point","coordinates":[187934.629,547226.3874]},"properties":{"A0":"126.86350869224582","A1":"37.5244488433147","A2":"서울 양천구 목동로17길 5(신정동)","A3":"서울 양천구 신정동 997-3","A4":"1147010100109970003","A5":"198","A6":"서울청","A7":"서울양천","A8":"신정2","A9":"지구대","A10":"02-2699-0678","A11":"서울특별시 양천구 목동로17길 5"}},
{"type":"Feature","geometry":{"type":"Point","coordinates":[323090.1925,302933.7767]},"properties":{"A0":"128.35353870418027","A1":"35.315461018646225","A2":"경남 함안군 법수면 우거북길 48","A3":"경남 함안군 법수면 우거리 775-1","A4":"4873033022107750001","A5":"2006","A6":"경남청","A7":"함안","A8":"법수","A9":"파출소","A10":"055-582-3112","A11":"경상남도 함안군 법수면 우거북길 48"}},
{"type":"Feature","geometry":{"type":"Point","coordinates":[329436.4921,294871.4488]},"properties":{"A0":"128.4220347135255","A1":"35.242184465818475","A2":"경남 함안군 함안면 함안대로 111","A3":"경남 함안군 함안면 북촌리 1002-8","A4":"4873031022110020008","A5":"2007","A6":"경남청","A7":"함안","A8":"함안","A9":"파출소","A10":"055-583-4112","A11":"경상남도 함안군 함안면 함안대로 111"}},
{"type":"Feature","geometry":{"type":"Point","coordinates":[336234.4843,305123.1005]},"properties":{"A0":"128.49840420260824","A1":"35.3334831345776","A2":"경남 함안군 칠서면 청계2길 27","A3":"경남 함안군 칠서면 청계리 732-2","A4":"4873035030107320002","A5":"2008","A6":"경남청","A7":"함안","A8":"칠서","A9":"파출소","A10":"055-586-0112","A11":"경상남도 함안군 칠서면 청계2길 27"}},
{"type":"Feature","geometry":{"type":"Point","coordinates":[322604.3832,297013.2743]},"properties":{"A0":"128.34731758137468","A1":"35.262171481859085","A2":"경남 함안군 군북면 함마대로 822","A3":"경남 함안군 군북면 중암리 46-2","A4":"4873032022100460002","A5":"2009","A6":"경남청","A7":"함안","A8":"군북","A9":"파출소","A10":"055-585-0112","A11":"경상남도 함안군 군북면 함마대로 822"}},
{"type":"Feature","geometry":{"type":"Point","coordinates":[327723.9111,298724.9525]},"properties":{"A0":"128.4038275794253","A1":"35.27695548563332","A2":"경남 함안군 가야읍 가야로 24","A3":"경남 함안군 가야읍 말산리 450-1","A4":"4873025021104500001","A5":"2010","A6":"경남청","A7":"함안","A8":"가야","A9":"지구대","A10":"055-584-0112","A11":"경상남도 함안군 가야읍 가야로 24"}},
{"type":"Feature","geometry":{"type":"Point","coordinates":[338053.1518,302189.2428]},"properties":{"A0":"128.51790666828933","A1":"35.30679899612029","A2":"경남 함안군 칠원읍 구성길 9","A3":"경남 함안군 칠원읍 용산리 110","A4":"4873025322101100000","A5":"2011","A6":"경남청","A7":"함안","A8":"칠원","A9":"지구대","A10":"055-587-0112","A11":"경상남도 함안군 칠원읍 구성길 9"}},
{"type":"Feature","geometry":{"type":"Point","coordinates":[314204.8065,303192.328]},"properties":{"A0":"128.25589422221032","A1":"35.31884488236216","A2":"경남 의령군 의령읍 의병로 176","A3":"경남 의령군 의령읍 서동리 298-11","A4":"4872025021102980011","A5":"2012","A6":"경남청","A7":"의령","A8":"중부","A9":"지구대","A10":"055-570-0301","A11":"경남 의령군 의령읍 의병로 176"}},
{"type":"Feature","geometry":{"type":"Point","coordinates":[319237.1375,315968.2652]},"properties":{"A0":"128.31308550421954","A1":"35.4333818573559","A2":"경남 의령군 유곡면 마장로 18-1","A3":"경남 의령군 유곡면 칠곡리 333-2","A4":"4872042027103330002","A5":"2013","A6":"경남청","A7":"의령","A8":"유곡","A9":"파출소","A10":"055-570-0306","A11":"경남 의령군 유곡면 마장로18-1"}},
{"type":"Feature","geometry":{"type":"Point","coordinates":[320517.3165,310041.5776]},"properties":{"A0":"128.3263040440583","A1":"35.3798218825623","A2":"경남 의령군 정곡면 법정로 930","A3":"경남 의령군 정곡면 중교리 416-5","A4":"4872036021104160005","A5":"2014","A6":"경남청","A7":"의령","A8":"정곡","A9":"파출소","A10":"055-570-0308","A11":"경남 의령군 정곡면 법정로 930"}},
{"type":"Feature","geometry":{"type":"Point","coordinates":[325967.4126,310453.9079]},"properties":{"A0":"128.38634898483008","A1":"35.38283843387106","A2":"경남 의령군 지정면 함의로 1527","A3":"경남 의령군 지정면 봉곡리 721-8","A4":"4872037021107210008","A5":"2015","A6":"경남청","A7":"의령","A8":"지정","A9":"파출소","A10":"055-570-0304","A11":"경남 의령군 지정면 함의로 1527"}},
{"type":"Feature","geometry":{"type":"Point","coordinates":[185424.4208,546689.9154]},"properties":{"A0":"126.8351221810552","A1":"37.51957867559653","A2":"서울 양천구 지양로 55(신월동)","A3":"서울 양천구 신월동 987","A4":"1147010300109870000","A5":"199","A6":"서울청","A7":"서울양천","A8":"신월2","A9":"지구대","A10":"02-2608-0112","A11":"서울특별시 양천구 지양로 55"}},
{"type":"Feature","geometry":{"type":"Point","coordinates":[308385.872,305577.6826]},"properties":{"A0":"128.19223242366948","A1":"35.34098778747982","A2":"경남 의령군 칠곡면 칠곡로 32","A3":"경남 의령군 칠곡면 신포리 441","A4":"4872032023104410000","A5":"2016","A6":"경남청","A7":"의령","A8":"칠곡","A9":"파출소","A10":"055-570-0309","A11":"경남 의령군 칠곡면 칠곡로 32"}},
{"type":"Feature","geometry":{"type":"Point","coordinates":[310211.7447,298561.5358]},"properties":{"A0":"128.21136887922245","A1":"35.27756393619491","A2":"경남 의령군 화정면 화정로 297","A3":"경남 의령군 화정면 상정리 517-1","A4":"4872034024105170001","A5":"2017","A6":"경남청","A7":"의령","A8":"화정","A9":"파출소","A10":"055-570-0307","A11":"경남 의령군 화정면 화정로 297"}},
{"type":"Feature","geometry":{"type":"Point","coordinates":[320197.723,319612.697]},"properties":{"A0":"128.3241984523412","A1":"35.466102275510245","A2":"경남 의령군 부림면 대한로 1757","A3":"경남 의령군 부림면 신반리 353-3","A4":"4872039021103530003","A5":"2018","A6":"경남청","A7":"의령","A8":"부림","A9":"파출소","A10":"055-570-0302","A11":"경남 의령군 부림면 대한로 1757"}},
{"type":"Feature","geometry":{"type":"Point","coordinates":[155774.3649,102525.8183]},"properties":{"A0":"126.52397640095509","A1":"33.51550660967912","A2":"제주 제주시 북성로 3(삼도이동)","A3":"제주 제주시 삼도이동 20-4","A4":"5011010600100200004","A5":"2019","A6":"제주청","A7":"제주동부","A8":"중앙","A9":"지구대","A10":"064-722-3316","A11":"제주특별자치도 제주시  북성로 3"}},
{"type":"Feature","geometry":{"type":"Point","coordinates":[157613.9406,100806.8046]},"properties":{"A0":"126.54385747800387","A1":"33.50008292167118","A2":"제주 제주시 연신로 6(이도이동)","A3":"제주 제주시 이도이동 417-1","A4":"5011010400104170001","A5":"2020","A6":"제주청","A7":"제주동부","A8":"남문","A9":"지구대","A10":"064-753-3312","A11":"제주특별자치도 제주시  연신로 6"}},
{"type":"Feature","geometry":{"type":"Point","coordinates":[155007.3771,100778.8825]},"properties":{"A0":"126.5158088747184","A1":"33.49972497542382","A2":"제주 제주시 서광로 182(삼도일동)","A3":"제주 제주시 삼도일동 560-3","A4":"5011010500105600003","A5":"2021","A6":"제주청","A7":"제주동부","A8":"오라","A9":"지구대","A10":"064-758-7442","A11":"제주특별자치도 제주시  서광로 182"}},
{"type":"Feature","geometry":{"type":"Point","coordinates":[161669.7411,103186.6912]},"properties":{"A0":"126.58740171718095","A1":"33.521691945066365","A2":"제주 제주시 일주동로 397(삼양이동)","A3":"제주 제주시 삼양이동 2140-12","A4":"5011011400121400012","A5":"2022","A6":"제주청","A7":"제주동부","A8":"삼양","A9":"지구대","A10":"064-755-5906","A11":"제주특별자치도 제주시  일주동로 397"}},
{"type":"Feature","geometry":{"type":"Point","coordinates":[157904.4128,97444.2296]},"properties":{"A0":"126.54714139905428","A1":"33.469778455454076","A2":"제주 제주시 중앙로 609(아라일동)","A3":"제주 제주시 아라일동 6140-11","A4":"5011011700161400011","A5":"2023","A6":"제주청","A7":"제주동부","A8":"아라","A9":"파출소","A10":"064-702-1801","A11":"제주특별자치도 제주시 중앙로 609"}},
{"type":"Feature","geometry":{"type":"Point","coordinates":[166564.2413,105052.297]},"properties":{"A0":"126.64001613983828","A1":"33.53867643308401","A2":"제주 제주시 조천읍 신북로 265","A3":"제주 제주시 조천읍 조천리 2633-1","A4":"5011025923126330001","A5":"2024","A6":"제주청","A7":"제주동부","A8":"조천","A9":"파출소","A10":"064-783-6112","A11":"제주특별자치도 제주시 조천읍 신북로 265"}},
{"type":"Feature","geometry":{"type":"Point","coordinates":[168884.487,105436.6243]},"properties":{"A0":"126.66498389011102","A1":"33.5422116852927","A2":"제주 제주시 조천읍 신북로 515","A3":"제주 제주시 조천읍 함덕리 1252-4","A4":"5011025924112520004","A5":"2025","A6":"제주청","A7":"제주동부","A8":"함덕","A9":"파출소","A10":"064-783-8112","A11":"제주특별자치도 제주시 조천읍 신북로 신북로 515"}},
{"type":"Feature","geometry":{"type":"Point","coordinates":[185171.6781,548079.461]},"properties":{"A0":"126.83223538087043","A1":"37.53209462208698","A2":"서울 양천구 남부순환로59길 8(신월동)","A3":"서울 양천구 신월동 132-3","A4":"1147010300101320003","A5":"200","A6":"서울청","A7":"서울양천","A8":"신월1","A9":"파출소","A10":"02-2602-0092","A11":"서울특별시 양천구  남부순환로59길 8"}},
{"type":"Feature","geometry":{"type":"Point","coordinates":[186656.4933,103316.2837]},"properties":{"A0":"126.85636318789463","A1":"33.52346492310739","A2":"제주 제주시 구좌읍 구좌로 45","A3":"제주 제주시 구좌읍 세화리 1452-3","A4":"5011025628114520003","A5":"2026","A6":"제주청","A7":"제주동부","A8":"구좌","A9":"파출소","A10":"064-783-2112","A11":"제주특별자치도 제주시 구좌읍 구좌로 45"}},
{"type":"Feature","geometry":{"type":"Point","coordinates":[195581.0745,100126.5029]},"properties":{"A0":"126.95244792352965","A1":"33.494779785388445","A2":"제주 제주시 우도면 우도로 21","A3":"제주 제주시 우도면 연평리 1675-8","A4":"5011033021116750008","A5":"2028","A6":"제주청","A7":"제주동부","A8":"우도","A9":"파출소","A10":"064-783-0112","A11":"제주특별자치도 제주시 우도면 우도로 21"}},
{"type":"Feature","geometry":{"type":"Point","coordinates":[153243.7079,99544.1455]},"properties":{"A0":"126.49689406112921","A1":"33.488517101464794","A2":"제주 제주시 신대로 97(연동)","A3":"제주 제주시 연동 302-4","A4":"5011013700103020004","A5":"2029","A6":"제주청","A7":"제주서부","A8":"연동","A9":"지구대","A10":"064-746-0791","A11":"제주특별자치도 제주시  신대로 97"}},
{"type":"Feature","geometry":{"type":"Point","coordinates":[150922.9066,98744.8699]},"properties":{"A0":"126.47196560990399","A1":"33.48120648605711","A2":"제주 제주시 광평동로 4(노형동)","A3":"제주 제주시 노형동 2596-1","A4":"5011012200125960001","A5":"2030","A6":"제주청","A7":"제주서부","A8":"노형","A9":"지구대","A10":"064-746-9549","A11":"제주특별자치도 제주시  광평동로 4"}},
{"type":"Feature","geometry":{"type":"Point","coordinates":[144448.1809,98700.7972]},"properties":{"A0":"126.4023089606216","A1":"33.48049418848316","A2":"제주 제주시 애월읍 하귀로 47","A3":"제주 제주시 애월읍 하귀2리 1720-1","A4":"5011025341117200001","A5":"2031","A6":"제주청","A7":"제주서부","A8":"하귀","A9":"파출소","A10":"064-713-1112","A11":"제주특별자치도 제주시 애월읍 하귀로 47"}},
{"type":"Feature","geometry":{"type":"Point","coordinates":[136741.3462,96943.8784]},"properties":{"A0":"126.31951829060573","A1":"33.46422665680698","A2":"제주 제주시 애월읍 애월로 116-1","A3":"제주 제주시 애월읍 애월리 1595-1","A4":"5011025334115950001","A5":"2032","A6":"제주청","A7":"제주서부","A8":"애월","A9":"파출소","A10":"064-799-0112","A11":"제주특별자치도 제주시 애월읍 애월로 116-1"}},
{"type":"Feature","geometry":{"type":"Point","coordinates":[131405.5823,91441.9598]},"properties":{"A0":"126.26254452707462","A1":"33.41429630470208","A2":"제주 제주시 한림읍 한림로 651","A3":"제주 제주시 한림읍 한림리 1367-2","A4":"5011025024113670002","A5":"2033","A6":"제주청","A7":"제주서부","A8":"한림","A9":"파출소","A10":"064-796-2112","A11":"제주특별자치도 제주시 한림읍 한림로 651"}},
{"type":"Feature","geometry":{"type":"Point","coordinates":[124188.8477,84872.0948]},"properties":{"A0":"126.1855175522944","A1":"33.35458131136758","A2":"제주 제주시 한경면 두신로 133","A3":"제주 제주시 한경면 두모리 2384","A4":"5011031027123840000","A5":"2034","A6":"제주청","A7":"제주서부","A8":"한경","A9":"파출소","A10":"064-773-0113","A11":"제주특별자치도 제주시 한경면 두신로 133"}},
{"type":"Feature","geometry":{"type":"Point","coordinates":[147639.2723,99933.7014]},"properties":{"A0":"126.43656895191107","A1":"33.491769697297684","A2":"제주 제주시 내도동 도근내길 50","A3":"제주 제주시 내도동 723번지","A4":"5011014000107230000","A5":"2035","A6":"제주청","A7":"제주서부","A8":"외도","A9":"파출소","A10":"064-742-0519","A11":"제주특별자치도 내도동 723"}},
{"type":"Feature","geometry":{"type":"Point","coordinates":[160495.2214,73345.1787]},"properties":{"A0":"126.57606577274169","A1":"33.25259981501","A2":"제주 서귀포시 태평로 552(동홍동)","A3":"제주 서귀포시 동홍동 190-2","A4":"5013010500101900002","A5":"2036","A6":"제주청","A7":"서귀포","A8":"중동","A9":"지구대","A10":"064-733-0112","A11":"제주특별자치도 서귀포시  태평로 552"}},
{"type":"Feature","geometry":{"type":"Point","coordinates":[187181.3466,546169.189]},"properties":{"A0":"126.8550055327128","A1":"37.514913328912755","A2":"서울 양천구 중앙로 205(신정동)","A3":"서울 양천구 신정동 1264","A4":"1147010100112640000","A5":"201","A6":"서울청","A7":"서울양천","A8":"신정3","A9":"파출소","A10":"02-2696-2305","A11":"서울특별시 양천구  중앙로 205"}},
{"type":"Feature","geometry":{"type":"Point","coordinates":[174055.8744,76296.4226]},"properties":{"A0":"126.72150257505251","A1":"33.279619602912994","A2":"제주 서귀포시 남원읍 태위로 702","A3":"제주 서귀포시 남원읍 남원리 81-1","A4":"5013025321100810001","A5":"2037","A6":"제주청","A7":"서귀포","A8":"남원","A9":"파출소","A10":"064-764-0112","A11":"제주특별자치도 서귀포시 남원읍 태위로 702"}},
{"type":"Feature","geometry":{"type":"Point","coordinates":[193896.2007,96763.3776]},"properties":{"A0":"126.93433987578501","A1":"33.46444934155","A2":"제주 서귀포시 성산읍 성산중앙로 53 성산파출소","A3":"제주 서귀포시 성산읍 성산리 227-2","A4":"5013025921102270002","A5":"2038","A6":"제주청","A7":"서귀포","A8":"성산","A9":"파출소","A10":"064-782-2112","A11":"제주특별자치도 서귀포시 성산읍 성산중앙로 53 성산파출소"}},
{"type":"Feature","geometry":{"type":"Point","coordinates":[184295.2246,81144.8602]},"properties":{"A0":"126.83133225500919","A1":"33.32353259279071","A2":"제주 서귀포시 표선면 표선동서로 217","A3":"제주 서귀포시 표선면 표선리 777-8","A4":"5013032021107770008","A5":"2039","A6":"제주청","A7":"서귀포","A8":"표선","A9":"파출소","A10":"064-787-0112","A11":"제주특별자치도 서귀포시 표선면 표선동서로 217"}},
{"type":"Feature","geometry":{"type":"Point","coordinates":[137954.0168,72837.7581]},"properties":{"A0":"126.33421904011738","A1":"33.24696423646808","A2":"제주 서귀포시 안덕면 화순로 116","A3":"제주 서귀포시 안덕면 화순리 1087-4","A4":"5013031021110870004","A5":"2040","A6":"제주청","A7":"서귀포","A8":"안덕","A9":"파출소","A10":"064-794-9112","A11":"제주특별자치도 서귀포시 안덕면 화순로 116"}},
{"type":"Feature","geometry":{"type":"Point","coordinates":[130657.3855,70236.3764]},"properties":{"A0":"126.25612727971284","A1":"33.223068480150125","A2":"제주 서귀포시 대정읍 상모로 310","A3":"제주 서귀포시 대정읍 상모리 3941-16","A4":"5013025021139410016","A5":"2041","A6":"제주청","A7":"서귀포","A8":"대정","A9":"파출소","A10":"064-794-2622","A11":"제주특별자치도 서귀포시 대정읍 상모로 310"}},
{"type":"Feature","geometry":{"type":"Point","coordinates":[146184.5221,73385.3441]},"properties":{"A0":"126.42249958574675","A1":"33.25234369720428","A2":"제주 서귀포시 천제연로 165(중문동)","A3":"제주 서귀포시 중문동 2113-2","A4":"5013011200121130002","A5":"2042","A6":"제주청","A7":"서귀포","A8":"중문","A9":"파출소","A10":"064-738-0112","A11":"제주특별자치도 서귀포시  천제연로 165"}},
{"type":"Feature","geometry":{"type":"Point","coordinates":[154299.6515,73560.0887]},"properties":{"A0":"126.50957225146851","A1":"33.254293112410735","A2":"제주 서귀포시 신서귀로51번길 18(법환동)","A3":"제주 서귀포시 법환동 732-1","A4":"5013010200107320001","A5":"2043","A6":"제주청","A7":"서귀포","A8":"대신","A9":"파출소","A10":"064-739-2226","A11":"제주특별자치도 서귀포시  신서귀로51번길 18"}},
{"type":"Feature","geometry":{"type":"Point","coordinates":[164327.6695,74587.998]},"properties":{"A0":"126.61714387213304","A1":"33.26393872560527","A2":"제주 서귀포시 효돈로 171-1(하효동)","A3":"제주 서귀포시 하효동 134","A4":"5013010800101340000","A5":"2044","A6":"제주청","A7":"서귀포","A8":"효돈","A9":"파출소","A10":"064-767-0112","A11":"제주특별자치도 서귀포시  효돈로 171-1"}},
{"type":"Feature","geometry":{"type":"Point","coordinates":[185035.6514,548850.9968]},"properties":{"A0":"126.83068061080492","A1":"37.53904407785548","A2":"서울 양천구 남부순환로31길 37(신월동)","A3":"서울 양천구 신월동 59-5","A4":"1147010300100590005","A5":"202","A6":"서울청","A7":"서울양천","A8":"신월5","A9":"파출소","A10":"02-2693-0113","A11":"서울특별시 양천구  남부순환로31길 37"}},
{"type":"Feature","geometry":{"type":"Point","coordinates":[211116.3463,545649.324]},"properties":{"A0":"127.1257315040674","A1":"37.51025140150669","A2":"서울 송파구 양재대로71길 5-6(방이동)","A3":"서울 송파구 방이동 204-8","A4":"1171011100102040008","A5":"203","A6":"서울청","A7":"서울송파","A8":"방이","A9":"지구대","A10":"02-3402-6301","A11":"서울특별시 송파구  양재대로71길 5-6"}},
{"type":"Feature","geometry":{"type":"Point","coordinates":[207262.9415,545848.4792]},"properties":{"A0":"127.08214956391728","A1":"37.512084147947505","A2":"서울 송파구 올림픽로 101(잠실동)","A3":"서울 송파구 잠실동 19-5","A4":"1171010100100190005","A5":"204","A6":"서울청","A7":"서울송파","A8":"잠실","A9":"지구대","A10":"02-3402-6302","A11":"서울특별시 송파구  올림픽로 101"}},
{"type":"Feature","geometry":{"type":"Point","coordinates":[201092.804,550291.3335]},"properties":{"A0":"127.0123670903904","A1":"37.55214223771854","A2":"서울 중구 동호로5길 15(신당동) 약수지구대","A3":"서울 중구 신당동 844-3","A4":"1114016200108440003","A5":"3","A6":"서울청","A7":"서울중부","A8":"약수","A9":"지구대","A10":"02-2234-8112","A11":"서울특별시 중구  동호로 5길 15, 약수지구대"}},
{"type":"Feature","geometry":{"type":"Point","coordinates":[198234.7257,552057.0731]},"properties":{"A0":"126.98001843121096","A1":"37.56805047999044","A2":"서울 중구 다동길 11(다동)","A3":"서울 중구 다동 46","A4":"1114010200100460000","A5":"21","A6":"서울청","A7":"서울남대문","A8":"태평로","A9":"파출소","A10":"02-2096-8471","A11":"서울특별시 중구  다동길 11"}},
{"type":"Feature","geometry":{"type":"Point","coordinates":[208203.1406,544809.1207]},"properties":{"A0":"127.0927723513788","A1":"37.502711614155466","A2":"서울 송파구 백제고분로 238(삼전동)","A3":"서울 송파구 삼전동 62-3","A4":"1171010600100620003","A5":"205","A6":"서울청","A7":"서울송파","A8":"삼전","A9":"지구대","A10":"02-3402-6303","A11":"서울특별시 송파구  백제고분로 238"}},
{"type":"Feature","geometry":{"type":"Point","coordinates":[211005.7783,544279.3562]},"properties":{"A0":"127.12446084439384","A1":"37.49791013126412","A2":"서울 송파구 중대로 179(가락동)","A3":"서울 송파구 가락동 37","A4":"1171010700100370000","A5":"206","A6":"서울청","A7":"서울송파","A8":"가락","A9":"지구대","A10":"02-3402-6304","A11":"서울특별시 송파구  중대로 179"}},
{"type":"Feature","geometry":{"type":"Point","coordinates":[211233.879,542089.8838]},"properties":{"A0":"127.12700661781471","A1":"37.478179087547375","A2":"서울 송파구 충민로2길 18(장지동)","A3":"서울 송파구 장지동 841","A4":"1171010900108410000","A5":"207","A6":"서울청","A7":"서울송파","A8":"문정","A9":"지구대","A10":"02-3402-6305","A11":"서울특별시 송파구 충민로2길 18"}},
{"type":"Feature","geometry":{"type":"Point","coordinates":[213113.8113,544180.3223]},"properties":{"A0":"127.14829759826398","A1":"37.49698945135687","A2":"서울 송파구 마천로41길 8(마천동)","A3":"서울 송파구 마천동 127-7","A4":"1171011400101270007","A5":"208","A6":"서울청","A7":"서울송파","A8":"마천","A9":"파출소","A10":"02-3402-6306","A11":"서울특별시 송파구  마천로 41길 8"}},
{"type":"Feature","geometry":{"type":"Point","coordinates":[211398.6056,542887.88]},"properties":{"A0":"127.12888099943437","A1":"37.48536715661434","A2":"서울 송파구 새말로15길 9(문정동)","A3":"서울 송파구 문정동 92","A4":"1171010800100920000","A5":"209","A6":"서울청","A7":"서울송파","A8":"거여","A9":"파출소","A10":"02-3402-6307","A11":"서울특별시 송파구 새말로15길 9"}},
{"type":"Feature","geometry":{"type":"Point","coordinates":[210348.6293,548302.3132]},"properties":{"A0":"127.1170855998086","A1":"37.53416378067516","A2":"서울 송파구 풍성로 42(풍납동)","A3":"서울 송파구 풍납동 229-14","A4":"1171010300102290014","A5":"210","A6":"서울청","A7":"서울송파","A8":"풍납","A9":"파출소","A10":"02-3402-6308","A11":"서울특별시 송파구  풍성로 42"}},
{"type":"Feature","geometry":{"type":"Point","coordinates":[211326.9699,545275.0196]},"properties":{"A0":"127.1281079577108","A1":"37.506876338905954","A2":"서울 송파구 마천로8길 17(오금동)","A3":"서울 송파구 오금동 41-19","A4":"1171011200100410019","A5":"211","A6":"서울청","A7":"서울송파","A8":"오금","A9":"파출소","A10":"02-3402-6309","A11":"서울특별시 송파구  마천로8길 17"}},
{"type":"Feature","geometry":{"type":"Point","coordinates":[209935.0615,546748.3249]},"properties":{"A0":"127.11238539044203","A1":"37.520167124692534","A2":"서울 송파구 올림픽로35길 12(신천동)","A3":"서울 송파구 신천동 20-5","A4":"1171010200100200005","A5":"212","A6":"서울청","A7":"서울송파","A8":"신천","A9":"파출소","A10":"02-3402-6310","A11":"서울특별시 송파구  올림픽로35길 12"}},
{"type":"Feature","geometry":{"type":"Point","coordinates":[212901.0822,542058.5678]},"properties":{"A0":"127.14585478538308","A1":"37.47787532950552","A2":"서울 송파구 위례순환로 369(장지동)","A3":"서울 송파구 장지동 889","A4":"1171010900108890000","A5":"213","A6":"서울청","A7":"서울송파","A8":"위례","A9":"파출소","A10":"02-3402-6300","A11":"서울특별시 송파구 위례순환로 369"}},
{"type":"Feature","geometry":{"type":"Point","coordinates":[206033.5638,560269.1623]},"properties":{"A0":"127.06836301268706","A1":"37.642022488107614","A2":"서울 노원구 노원로17길 64(중계동)","A3":"서울 노원구 중계동 511","A4":"1135010600105110000","A5":"214","A6":"서울청","A7":"서울노원","A8":"당현","A9":"지구대","A10":"02-2092-0301","A11":"서울특별시 노원구  노원로17길 64번지"}},
{"type":"Feature","geometry":{"type":"Point","coordinates":[197555.3584,550711.4725]},"properties":{"A0":"126.97233299524126","A1":"37.5559250176113","A2":"서울 중구 통일로 13(봉래동2가)","A3":"서울 중구 봉래동2가 122-17","A4":"1114012000101220017","A5":"22","A6":"서울청","A7":"서울남대문","A8":"서울역","A9":"파출소","A10":"02-2096-8472","A11":"서울특별시 중구  통일로 13"}},
{"type":"Feature","geometry":{"type":"Point","coordinates":[205231.7793,559346.8169]},"properties":{"A0":"127.05927184311881","A1":"37.6337171539397","A2":"서울 노원구 월계로55길 58(월계동)","A3":"서울 노원구 월계동 320-5","A4":"1135010200103200005","A5":"215","A6":"서울청","A7":"서울노원","A8":"월계","A9":"지구대","A10":"02-2092-0302","A11":"서울특별시 노원구  월계로55길 58"}},
{"type":"Feature","geometry":{"type":"Point","coordinates":[206584.4889,558110.1944]},"properties":{"A0":"127.07458581333573","A1":"37.62256668466742","A2":"서울 노원구 동일로 1034(공릉동)","A3":"서울 노원구 공릉동 567-18","A4":"1135010300105670018","A5":"216","A6":"서울청","A7":"서울노원","A8":"화랑","A9":"지구대","A10":"02-2092-0303","A11":"서울특별시 노원구  동일로 1034"}},
{"type":"Feature","geometry":{"type":"Point","coordinates":[205907.2254,561710.1793]},"properties":{"A0":"127.06694321130419","A1":"37.65500658214045","A2":"서울 노원구 노원로 431(상계동)","A3":"서울 노원구 상계동 720-5","A4":"1135010500107200005","A5":"217","A6":"서울청","A7":"서울노원","A8":"노원역","A9":"지구대","A10":"02-2092-0304","A11":"서울특별시 노원구 노원로431"}},
{"type":"Feature","geometry":{"type":"Point","coordinates":[206824.2077,561424.9658]},"properties":{"A0":"127.07733217547914","A1":"37.65243050546211","A2":"서울 노원구 한글비석로 277(중계동)","A3":"서울 노원구 중계동 359-6","A4":"1135010600103590006","A5":"218","A6":"서울청","A7":"서울노원","A8":"불암","A9":"지구대","A10":"02-2092-0305","A11":"서울특별시 노원구  한글비석로 277"}},
{"type":"Feature","geometry":{"type":"Point","coordinates":[205610.0389,562772.6808]},"properties":{"A0":"127.06358353216137","A1":"37.664581382685","A2":"서울 노원구 한글비석로 489(상계동) 마들지구대","A3":"서울 노원구 상계동 681","A4":"1135010500106810000","A5":"219","A6":"서울청","A7":"서울노원","A8":"마들","A9":"지구대","A10":"02-2092-0306","A11":"서울특별시 노원구  한글비석로 489 마들지구대"}},
{"type":"Feature","geometry":{"type":"Point","coordinates":[204855.9139,564448.8049]},"properties":{"A0":"127.05504752482648","A1":"37.67968717931714","A2":"서울 노원구 동일로 1693(상계동)","A3":"서울 노원구 상계동 1261","A4":"1135010500112610000","A5":"221","A6":"서울청","A7":"서울노원","A8":"상계1","A9":"파출소","A10":"02-2092-0308","A11":"서울특별시 노원구  동일로 1693"}},
{"type":"Feature","geometry":{"type":"Point","coordinates":[199012.0514,543853.9495]},"properties":{"A0":"126.98882819956586","A1":"37.49414136159461","A2":"서울 서초구 동광로19길 38(방배동)","A3":"서울 서초구 방배동 774-9","A4":"1165010100107740009","A5":"224","A6":"서울청","A7":"서울방배","A8":"이수","A9":"파출소","A10":"02-599-3880","A11":"서울특별시 서초구  동광로19길 38"}},
{"type":"Feature","geometry":{"type":"Point","coordinates":[199586.1316,542725.2919]},"properties":{"A0":"126.99532057812652","A1":"37.483972503851916","A2":"서울 서초구 효령로31길 64(방배동)","A3":"서울 서초구 방배동 924-2","A4":"1165010100109240002","A5":"225","A6":"서울청","A7":"서울방배","A8":"방배1","A9":"파출소","A10":"02-583-7694","A11":"서울특별시 서초구  효령로 31길 64"}},
{"type":"Feature","geometry":{"type":"Point","coordinates":[193510.5289,557986.5431]},"properties":{"A0":"126.92649160588012","A1":"37.621453290685196","A2":"서울 은평구 연서로 290(불광동)","A3":"서울 은평구 불광동 423-13","A4":"1138010300104230013","A5":"226","A6":"서울청","A7":"서울은평","A8":"불광","A9":"지구대","A10":"02-350-1932","A11":"서울특별시 은평구  연서로 290"}},
{"type":"Feature","geometry":{"type":"Point","coordinates":[192292.097,557291.0449]},"properties":{"A0":"126.91269735409178","A1":"37.6151775252808","A2":"서울 은평구 갈현로 195(갈현동)","A3":"서울 은평구 갈현동 506-45","A4":"1138010400105060045","A5":"227","A6":"서울청","A7":"서울은평","A8":"연신내","A9":"지구대","A10":"02-350-1936","A11":"서울특별시 은평구  갈현로 195"}},
{"type":"Feature","geometry":{"type":"Point","coordinates":[198583.3174,551558.9731]},"properties":{"A0":"126.98396518709023","A1":"37.563563193623736","A2":"서울 중구 명동길 30(명동2가) 명동파출소","A3":"서울 중구 명동2가 50-13","A4":"1114012700100500013","A5":"23","A6":"서울청","A7":"서울남대문","A8":"명동","A9":"파출소","A10":"02-2096-8473","A11":"서울특별시 중구  명동길 30 명동파출소"}},
{"type":"Feature","geometry":{"type":"Point","coordinates":[193017.9448,560042.6262]},"properties":{"A0":"126.92089211947578","A1":"37.639974786454346","A2":"서울 은평구 진관3로 38(진관동) 진관파출소","A3":"서울 은평구 진관동 68-1","A4":"1138011400100680001","A5":"228","A6":"서울청","A7":"서울은평","A8":"진관","A9":"파출소","A10":"02-350-1930","A11":"서울특별시 은평구  진관3로 38 진관파출소"}},
{"type":"Feature","geometry":{"type":"Point","coordinates":[193728.5365,556841.4267]},"properties":{"A0":"126.92897083079308","A1":"37.611137399513694","A2":"서울 은평구 통일로 737(대조동)","A3":"서울 은평구 대조동 5-17","A4":"1138010600100050017","A5":"229","A6":"서울청","A7":"서울은평","A8":"대조","A9":"파출소","A10":"02-350-1938","A11":"서울특별시 은평구  통일로 737"}},
{"type":"Feature","geometry":{"type":"Point","coordinates":[204564.2288,561407.5299]},"properties":{"A0":"127.05172191298118","A1":"37.652287420106965","A2":"서울 도봉구 노해로 392(창동)","A3":"서울 도봉구 창동 33-2","A4":"1132010700100330002","A5":"230","A6":"서울청","A7":"서울도봉","A8":"창동","A9":"지구대","A10":"02-2289-9813","A11":"서울특별시 도봉구 노해로 392"}},
{"type":"Feature","geometry":{"type":"Point","coordinates":[203051.3661,560433.0932]},"properties":{"A0":"127.03457405839382","A1":"37.64351421240981","A2":"서울 도봉구 도봉로104길 49-5(창동)","A3":"서울 도봉구 창동 647-10","A4":"1132010700106470010","A5":"231","A6":"서울청","A7":"서울도봉","A8":"신창","A9":"파출소","A10":"02-2289-9823","A11":"서울특별시 도봉구  도봉로104길 49-5"}},
{"type":"Feature","geometry":{"type":"Point","coordinates":[203528.3984,562759.6563]},"properties":{"A0":"127.03999040228923","A1":"37.664474366590376","A2":"서울 도봉구 도봉로145길 45(방학동) 방학파출소","A3":"서울 도봉구 방학동 687-3","A4":"1132010600106870003","A5":"232","A6":"서울청","A7":"서울도봉","A8":"방학","A9":"파출소","A10":"02-2289-9833","A11":"서울특별시 도봉구  도봉로145길 45 방학파출소"}},
{"type":"Feature","geometry":{"type":"Point","coordinates":[202396.2386,562098.1141]},"properties":{"A0":"127.02715649470348","A1":"37.65851767116952","A2":"서울 도봉구 시루봉로5길 10(방학동)","A3":"서울 도봉구 방학동 498-12","A4":"1132010600104980012","A5":"233","A6":"서울청","A7":"서울도봉","A8":"신방학","A9":"파출소","A10":"02-2289-9843","A11":"서울특별시 도봉구  시루봉로5길 10"}},
{"type":"Feature","geometry":{"type":"Point","coordinates":[204346.8449,564925.3074]},"properties":{"A0":"127.04927946077518","A1":"37.68398299448033","A2":"서울 도봉구 도봉로180나길 33(도봉동)","A3":"서울 도봉구 도봉동 69-2","A4":"1132010800100690002","A5":"235","A6":"서울청","A7":"서울도봉","A8":"도봉2","A9":"파출소","A10":"02-2289-9863","A11":"서울특별시 도봉구 도봉로 180나길 33"}},
{"type":"Feature","geometry":{"type":"Point","coordinates":[203355.8336,561995.0355]},"properties":{"A0":"127.03803105168431","A1":"37.65758595131173","A2":"서울 도봉구 방학로3길 132(쌍문동)","A3":"서울 도봉구 쌍문동 43-3","A4":"1132010500100430003","A5":"236","A6":"서울청","A7":"서울도봉","A8":"쌍문","A9":"파출소","A10":"02-2289-9873","A11":"서울특별시 도봉구  방학로3길 132"}},
{"type":"Feature","geometry":{"type":"Point","coordinates":[202260.1245,560876.316]},"properties":{"A0":"127.02561009661568","A1":"37.64750983766697","A2":"서울 도봉구 노해로 139(쌍문동) 숭미파출소","A3":"서울 도봉구 쌍문동 349-34","A4":"1132010500103490034","A5":"237","A6":"서울청","A7":"서울도봉","A8":"숭미","A9":"파출소","A10":"02-2289-9883","A11":"서울특별시 도봉구  노해로 139 숭미파출소"}},
{"type":"Feature","geometry":{"type":"Point","coordinates":[205515.1192,543920.8274]},"properties":{"A0":"127.06236601157806","A1":"37.49472782766385","A2":"서울 강남구 삼성로 203(대치동)","A3":"서울 강남구 대치동 598","A4":"1168010600105980000","A5":"239","A6":"서울청","A7":"서울수서","A8":"대치","A9":"지구대","A10":"02-538-1312","A11":"서울특별시 강남구  삼성로 203"}},
{"type":"Feature","geometry":{"type":"Point","coordinates":[197899.4883,551098.2932]},"properties":{"A0":"126.97622654797794","A1":"37.55941123526992","A2":"서울 중구 남대문시장4길 28-16(남창동)","A3":"서울 중구 남창동 51-1","A4":"1114011200100510001","A5":"24","A6":"서울청","A7":"서울남대문","A8":"남대문","A9":"파출소","A10":"02-2096-8474","A11":"서울특별시 중구  남대문시장4길 28-16"}},
{"type":"Feature","geometry":{"type":"Point","coordinates":[209268.3614,543302.3921]},"properties":{"A0":"127.10480033768636","A1":"37.48912583485601","A2":"서울 강남구 밤고개로1길 48(수서동)","A3":"서울 강남구 수서동 718-1","A4":"1168011500107180001","A5":"240","A6":"서울청","A7":"서울수서","A8":"수서","A9":"파출소","A10":"02-445-0112","A11":"서울특별시 강남구  밤고개로1길 48"}},
{"type":"Feature","geometry":{"type":"Point","coordinates":[209499.7202,540638.5918]},"properties":{"A0":"127.10738202302494","A1":"37.46512230857135","A2":"서울 강남구 헌릉로 623(세곡동)","A3":"서울 강남구 세곡동 120-9","A4":"1168011100101200009","A5":"241","A6":"서울청","A7":"서울수서","A8":"대왕","A9":"파출소","A10":"02-3411-0323","A11":"서울특별시 강남구  헌릉로 623"}},
{"type":"Feature","geometry":{"type":"Point","coordinates":[207308.933,543690.6623]},"properties":{"A0":"127.08264831835692","A1":"37.49264174424988","A2":"서울 강남구 일원로3길 35(일원동) 일원파출소","A3":"서울 강남구 일원동 621","A4":"1168011400106210000","A5":"242","A6":"서울청","A7":"서울수서","A8":"일원","A9":"지구대","A10":"02-3411-0112","A11":"서울특별시 강남구  일원로3길 35 일원파출소"}},
{"type":"Feature","geometry":{"type":"Point","coordinates":[204435.0296,542352.1292]},"properties":{"A0":"127.05014286668192","A1":"37.48059918363475","A2":"서울 강남구 개포로 261(개포동) 1268","A3":"서울 강남구 개포동 1268","A4":"1168010300112680000","A5":"243","A6":"서울청","A7":"서울수서","A8":"개포","A9":"지구대","A10":"02-571-0112","A11":"서울특별시 강남구  개포로 261(1268)"}},
{"type":"Feature","geometry":{"type":"Point","coordinates":[385609.5299,280143.8909]},"properties":{"A0":"129.03557309865147","A1":"35.1005273401384","A2":"부산 중구 해관로 19(중앙동1가)","A3":"부산 중구 중앙동1가 23-17","A4":"2611010400100230017","A5":"244","A6":"부산청","A7":"부산중부","A8":"남포","A9":"지구대","A10":"051-245-0835","A11":"부산광역시 중구  해관로 19"}},
{"type":"Feature","geometry":{"type":"Point","coordinates":[385275.2086,281399.6084]},"properties":{"A0":"129.03218940363556","A1":"35.111899157291674","A2":"부산 중구 동영로 77(영주동)","A3":"부산 중구 영주동 277-17","A4":"2611010100102770017","A5":"245","A6":"부산청","A7":"부산중부","A8":"영주","A9":"파출소","A10":"051-469-5827","A11":"부산광역시 중구  동영로 77"}},
{"type":"Feature","geometry":{"type":"Point","coordinates":[384528.8086,280390.0692]},"properties":{"A0":"129.02378230564327","A1":"35.10294415062454","A2":"부산 중구 보수대로44번길 27(부평동4가)","A3":"부산 중구 부평동4가 2-8","A4":"2611012600100020008","A5":"246","A6":"부산청","A7":"부산중부","A8":"부평","A9":"파출소","A10":"051-245-0838","A11":"부산광역시 중구  보수대로44번길 27"}},
{"type":"Feature","geometry":{"type":"Point","coordinates":[384484.7376,280725.0591]},"properties":{"A0":"129.02337380540192","A1":"35.10596897529209","A2":"부산 중구 흑교로 77(보수동2가)","A3":"부산 중구 보수동2가 50-6","A4":"2611012100100500006","A5":"247","A6":"부산청","A7":"부산중부","A8":"보수","A9":"파출소","A10":"051-253-7308","A11":"부산광역시 중구  흑교로 77"}},
{"type":"Feature","geometry":{"type":"Point","coordinates":[385214.6444,280728.9403]},"properties":{"A0":"129.0313756733187","A1":"35.10587005112043","A2":"부산 중구 중구로 103-1(대청동4가)","A3":"부산 중구 대청동4가 26-24","A4":"2611011900100260024","A5":"248","A6":"부산청","A7":"부산중부","A8":"대청","A9":"파출소","A10":"051-469-5828","A11":"부산광역시 중구  중구로 103-1"}},
{"type":"Feature","geometry":{"type":"Point","coordinates":[390994.3391,291255.9114]},"properties":{"A0":"129.0971610800365","A1":"35.19961387868298","A2":"부산 동래구 반송로 207(안락동)","A3":"부산 동래구 안락동 420-77","A4":"2626010200104200077","A5":"250","A6":"부산청","A7":"부산동래","A8":"충렬","A9":"지구대","A10":"051-522-1042","A11":"부산광역시 동래구  반송로 207"}},
{"type":"Feature","geometry":{"type":"Point","coordinates":[197095.5916,550928.6896]},"properties":{"A0":"126.96712876362393","A1":"37.55788087417083","A2":"서울 중구 중림로 36(중림동)","A3":"서울 중구 중림동 203","A4":"1114017100102030000","A5":"25","A6":"서울청","A7":"서울남대문","A8":"중림","A9":"파출소","A10":"02-2096-8475","A11":"서울특별시 중구  중림로 36"}},
{"type":"Feature","geometry":{"type":"Point","coordinates":[388538.4046,292261.7872]},"properties":{"A0":"129.07044127831136","A1":"35.20914115501377","A2":"부산 동래구 우장춘로 16(온천동)","A3":"부산 동래구 온천동 1853-16","A4":"2626010800118530016","A5":"251","A6":"부산청","A7":"부산동래","A8":"온천","A9":"지구대","A10":"051-555-0112","A11":"부산광역시 동래구  우장춘로 16"}},
{"type":"Feature","geometry":{"type":"Point","coordinates":[389024.8147,291338.8505]},"properties":{"A0":"129.07556697790287","A1":"35.20073350231566","A2":"부산 동래구 중앙대로1277번길 41(사직동)","A3":"부산 동래구 사직동 147-7","A4":"2626010900101470007","A5":"252","A6":"부산청","A7":"부산동래","A8":"사직","A9":"지구대","A10":"051-502-0112","A11":"부산광역시 동래구  중앙대로1277번길 41"}},
{"type":"Feature","geometry":{"type":"Point","coordinates":[388153.3234,291875.9086]},"properties":{"A0":"129.06612073547916","A1":"35.20576217471994","A2":"부산 동래구 석사북로 93(온천동)","A3":"부산 동래구 온천동 1236-10","A4":"2626010800112360010","A5":"253","A6":"부산청","A7":"부산동래","A8":"온천3","A9":"파출소","A10":"051-503-1091","A11":"부산광역시 동래구  석사북로 93"}},
{"type":"Feature","geometry":{"type":"Point","coordinates":[390581.5992,290603.5399]},"properties":{"A0":"129.0924794990316","A1":"35.19381699545572","A2":"부산 동래구 온천천로 359(낙민동)","A3":"부산 동래구 낙민동 82-17","A4":"2626010400100820017","A5":"254","A6":"부산청","A7":"부산동래","A8":"낙민","A9":"파출소","A10":"051-531-4644","A11":"부산광역시 동래구  온천천로 359"}},
{"type":"Feature","geometry":{"type":"Point","coordinates":[389103.0396,277752.316]},"properties":{"A0":"129.07331733293057","A1":"35.078333105017364","A2":"부산 영도구 태종로 618(동삼동) 동삼지구대","A3":"부산 영도구 동삼동 308-3","A4":"2620012100103080003","A5":"255","A6":"부산청","A7":"부산영도","A8":"동삼","A9":"지구대","A10":"051-403-9129","A11":"부산광역시 영도구  태종로 618 동삼지구대"}},
{"type":"Feature","geometry":{"type":"Point","coordinates":[386307.5269,278737.2799]},"properties":{"A0":"129.04290749326822","A1":"35.08772792031756","A2":"부산 영도구 남항시장길 328(영선동2가)","A3":"부산 영도구 영선동2가 168","A4":"2620010900101680000","A5":"256","A6":"부산청","A7":"부산영도","A8":"영선","A9":"지구대","A10":"051-415-0255","A11":"부산광역시 영도구  남항시장길 328"}},
{"type":"Feature","geometry":{"type":"Point","coordinates":[388422.0953,279247.2744]},"properties":{"A0":"129.0661971357401","A1":"35.0919282792426","A2":"부산 영도구 태종로 395(청학동)","A3":"부산 영도구 청학동 49-54","A4":"2620012000100490054","A5":"257","A6":"부산청","A7":"부산영도","A8":"청학","A9":"파출소","A10":"051-415-0128","A11":"부산광역시 영도구  태종로 395"}},
{"type":"Feature","geometry":{"type":"Point","coordinates":[386032.6191,279231.4872]},"properties":{"A0":"129.04000566291705","A1":"35.09223045975033","A2":"부산 영도구 태종로 81(대교동2가)","A3":"부산 영도구 대교동2가 63","A4":"2620010200100630000","A5":"258","A6":"부산청","A7":"부산영도","A8":"대교","A9":"파출소","A10":"051-415-0251","A11":"부산광역시 영도구  태종로 81(대교동2가)"}},
{"type":"Feature","geometry":{"type":"Point","coordinates":[385744.3027,282073.8834]},"properties":{"A0":"129.037482591019","A1":"35.1178864135169","A2":"부산 동구 초량상로65번길 2(초량동)","A3":"부산 동구 초량동 970-20","A4":"2617010100109700020","A5":"259","A6":"부산청","A7":"부산동부","A8":"초량","A9":"지구대","A10":"051-465-6223","A11":"부산광역시 동구  초량상로 65번길2"}},
{"type":"Feature","geometry":{"type":"Point","coordinates":[386256.2908,283966.5719]},"properties":{"A0":"129.04352625486024","A1":"35.13484019708345","A2":"부산 동구 망양로 811(수정동)","A3":"부산 동구 수정동 487-84","A4":"2617010200104870084","A5":"260","A6":"부산청","A7":"부산동부","A8":"수성","A9":"지구대","A10":"051-465-6228","A11":"부산광역시 동구  망양로 811"}},
{"type":"Feature","geometry":{"type":"Point","coordinates":[198113.4595,550995.8484]},"properties":{"A0":"126.97864850461141","A1":"37.55848859079454","A2":"서울 중구 퇴계로6길 3-15(회현동1가)","A3":"서울 중구 회현동1가 194-15","A4":"1114012100101940015","A5":"26","A6":"서울청","A7":"서울남대문","A8":"회현","A9":"파출소","A10":"02-2096-8476","A11":"서울특별시 중구  퇴계로6길 3-15"}},
{"type":"Feature","geometry":{"type":"Point","coordinates":[387866.0146,284284.0036]},"properties":{"A0":"129.06124513908804","A1":"35.137402724181214","A2":"부산 동구 부산진성공원로 15(범일동)","A3":"부산 동구 범일동 581","A4":"2617010400105810000","A5":"261","A6":"부산청","A7":"부산동부","A8":"자성대","A9":"파출소","A10":"051-646-1447","A11":"부산광역시 동구  부산진성공원로 15"}},
{"type":"Feature","geometry":{"type":"Point","coordinates":[386756.6353,284691.045]},"properties":{"A0":"129.04917154896464","A1":"35.141275562004196","A2":"부산 동구 범상로 10-1(범일동)","A3":"부산 동구 범일동 1438-83","A4":"2617010400114380083","A5":"263","A6":"부산청","A7":"부산동부","A8":"범곡","A9":"파출소","A10":"051-647-6925","A11":"부산광역시 동구  범상로 10-1"}},
{"type":"Feature","geometry":{"type":"Point","coordinates":[387900.1955,288397.8468]},"properties":{"A0":"129.06255581162247","A1":"35.17445311237978","A2":"부산 부산진구 동평로 342(양정동)","A3":"부산 부산진구 양정동 511-6","A4":"2623010100105110006","A5":"264","A6":"부산청","A7":"부산진","A8":"양정","A9":"지구대","A10":"051-852-1113","A11":"부산광역시 부산진구  동평로 342"}},
{"type":"Feature","geometry":{"type":"Point","coordinates":[387792.0065,287214.9144]},"properties":{"A0":"129.0610996505623","A1":"35.16381751021096","A2":"부산 부산진구 부전로 185(부전동)","A3":"부산 부산진구 부전동 573-107","A4":"2623010300105730107","A5":"265","A6":"부산청","A7":"부산진","A8":"부전","A9":"지구대","A10":"051-805-4044","A11":"부산광역시 부산진구  부전로 185"}},
{"type":"Feature","geometry":{"type":"Point","coordinates":[387318.2553,285348.5002]},"properties":{"A0":"129.0554798995339","A1":"35.147093594787336","A2":"부산 부산진구 신암로 56(범천동)","A3":"부산 부산진구 범천동 1258-41","A4":"2623010400112580041","A5":"266","A6":"부산청","A7":"부산진","A8":"서면","A9":"지구대","A10":"051-806-5854","A11":"부산광역시 부산진구  신암로 56"}},
{"type":"Feature","geometry":{"type":"Point","coordinates":[385800.4804,287137.3604]},"properties":{"A0":"129.03923776833818","A1":"35.16348649067449","A2":"부산 부산진구 당감로 17-1(당감동)","A3":"부산 부산진구 당감동 257-16","A4":"2623010900102570016","A5":"267","A6":"부산청","A7":"부산진","A8":"당감","A9":"지구대","A10":"051-895-7086","A11":"부산광역시 부산진구  당감로 17-1"}},
{"type":"Feature","geometry":{"type":"Point","coordinates":[386897.274,288883.4347]},"properties":{"A0":"129.051664399893","A1":"35.1790137681207","A2":"부산 부산진구 성지로113번길 27(초읍동)","A3":"부산 부산진구 초읍동 205-24","A4":"2623010700102050024","A5":"268","A6":"부산청","A7":"부산진","A8":"성지","A9":"지구대","A10":"051-817-0113","A11":"부산광역시 부산진구  성지로113번길 27"}},
{"type":"Feature","geometry":{"type":"Point","coordinates":[384939.3426,285896.9108]},"properties":{"A0":"129.02951301272202","A1":"35.15247358062392","A2":"부산 부산진구 가야공원로 10(가야동)","A3":"부산 부산진구 가야동 158-1","A4":"2623011000101580001","A5":"269","A6":"부산청","A7":"부산진","A8":"가야","A9":"지구대","A10":"051-895-2931","A11":"부산광역시 부산진구  가야공원로 10"}},
{"type":"Feature","geometry":{"type":"Point","coordinates":[386784.2556,287569.5438]},"properties":{"A0":"129.0501310460674","A1":"35.16718410606636","A2":"부산 부산진구 신천대로 283(부암동)","A3":"부산 부산진구 부암동 637-46","A4":"2623010800106370046","A5":"270","A6":"부산청","A7":"부산진","A8":"부암","A9":"지구대","A10":"051-809-2278","A11":"부산광역시 부산진구  신천대로 283"}},
{"type":"Feature","geometry":{"type":"Point","coordinates":[387756.8461,285101.6067]},"properties":{"A0":"129.06023385854843","A1":"35.144787923391426","A2":"부산 부산진구 중앙번영로 10(범천동)","A3":"부산 부산진구 범천동 844-52","A4":"2623010400108440052","A5":"271","A6":"부산청","A7":"부산진","A8":"범천1","A9":"파출소","A10":"051-646-1446","A11":"부산광역시 부산진구  중앙번영로 10"}},
{"type":"Feature","geometry":{"type":"Point","coordinates":[197827.2578,551596.1041]},"properties":{"A0":"126.97540756964769","A1":"37.56389627213871","A2":"서울 중구 서소문로 131-1(서소문동) 서소문파출소","A3":"서울 중구 서소문동 24","A4":"1114016600100240000","A5":"27","A6":"서울청","A7":"서울남대문","A8":"서소문","A9":"파출소","A10":"02-2096-8477","A11":"서울특별시 중구  서소문로 131-1 서소문파출소"}},
{"type":"Feature","geometry":{"type":"Point","coordinates":[388177.2039,285848.2998]},"properties":{"A0":"129.06501369355453","A1":"35.15143479038562","A2":"부산 부산진구 전포대로 165(전포동)","A3":"부산 부산진구 전포동 890-14","A4":"2623010200108900014","A5":"272","A6":"부산청","A7":"부산진","A8":"전포","A9":"파출소","A10":"051-802-1961","A11":"부산광역시 부산진구  전포대로 165"}},
{"type":"Feature","geometry":{"type":"Point","coordinates":[384355.931,286983.9652]},"properties":{"A0":"129.02335734225045","A1":"35.1623709114573","A2":"부산 부산진구 백양대로208번길 137(개금동)","A3":"부산 부산진구 개금동 1-29","A4":"2623011100100010029","A5":"273","A6":"부산청","A7":"부산진","A8":"개금","A9":"파출소","A10":"051-890-9194","A11":"부산광역시 부산진구 백양대로208번길 137"}},
{"type":"Feature","geometry":{"type":"Point","coordinates":[384371.5794,277774.7094]},"properties":{"A0":"129.0214756899232","A1":"35.07941259847903","A2":"부산 서구 충무대로 84(암남동)","A3":"부산 서구 암남동 177-6","A4":"2614012400101770006","A5":"274","A6":"부산청","A7":"부산서부","A8":"송도","A9":"지구대","A10":"051-254-8261","A11":"부산광역시 서구 충무대로 84"}},
{"type":"Feature","geometry":{"type":"Point","coordinates":[383912.3992,281946.866]},"properties":{"A0":"129.01737136885902","A1":"35.11707968642473","A2":"부산 서구 보수대로 258-5(동대신동3가)","A3":"부산 서구 동대신동3가 100-2","A4":"2614010300101000002","A5":"275","A6":"부산청","A7":"부산서부","A8":"구덕","A9":"지구대","A10":"051-255-1276","A11":"부산광역시 서구  보수대로 258-5"}},
{"type":"Feature","geometry":{"type":"Point","coordinates":[383996.5994,280440.346]},"properties":{"A0":"129.0179597648658","A1":"35.10349348660226","A2":"부산 서구 임시수도기념로 36(부민동3가)","A3":"부산 서구 부민동3가 23-7","A4":"2614011100100230007","A5":"276","A6":"부산청","A7":"부산서부","A8":"충무","A9":"지구대","A10":"051-254-7822","A11":"부산광역시 서구  임시수도기념로 36"}},
{"type":"Feature","geometry":{"type":"Point","coordinates":[383840.0241,280083.979]},"properties":{"A0":"129.0161645498132","A1":"35.10031113207117","A2":"부산 서구 해돋이로 267(아미동2가)","A3":"부산 서구 아미동2가 126-81","A4":"2614011600101260081","A5":"277","A6":"부산청","A7":"부산서부","A8":"아미","A9":"파출소","A10":"051-256-0823","A11":"부산광역시 서구  해돋이로 267"}},
{"type":"Feature","geometry":{"type":"Point","coordinates":[388636.8545,284466.7298]},"properties":{"A0":"129.06973935945098","A1":"35.13890453936287","A2":"부산 남구 전포대로20번길 47(문현동)","A3":"부산 남구 문현동 424-6","A4":"2629010900104240006","A5":"278","A6":"부산청","A7":"부산남부","A8":"문현","A9":"지구대","A10":"051-610-8231","A11":"부산광역시 남구  전포대로 20번길 47"}},
{"type":"Feature","geometry":{"type":"Point","coordinates":[392558.5675,283047.6407]},"properties":{"A0":"129.11239970479448","A1":"35.12543449934503","A2":"부산 남구 분포로 1(용호동)","A3":"부산 남구 용호동 172-18","A4":"2629010700101720018","A5":"279","A6":"부산청","A7":"부산남부","A8":"용호","A9":"지구대","A10":"051-610-8237","A11":"부산광역시 남구  분포로 1"}},
{"type":"Feature","geometry":{"type":"Point","coordinates":[391573.1131,284417.2779]},"properties":{"A0":"129.10192674304722","A1":"35.13790350261466","A2":"부산 남구 수영로 328(대연동)","A3":"부산 남구 대연동 54-4","A4":"2629010600100540004","A5":"280","A6":"부산청","A7":"부산남부","A8":"대연","A9":"지구대","A10":"051-610-8260","A11":"부산광역시 남구  수영로 328"}},
{"type":"Feature","geometry":{"type":"Point","coordinates":[392745.516,286273.1733]},"properties":{"A0":"129.1152143442614","A1":"35.15439784909681","A2":"부산 수영구 수영로554번길 52(광안동)","A3":"부산 수영구 광안동 172-20","A4":"2650010400101720020","A5":"281","A6":"부산청","A7":"부산남부","A8":"광남","A9":"지구대","A10":"051-610-8218","A11":"부산광역시 수영구  수영로554번길 52"}},
{"type":"Feature","geometry":{"type":"Point","coordinates":[196565.9175,552261.3926]},"properties":{"A0":"126.96112782935973","A1":"37.56988665611066","A2":"서울 서대문구 독립문로 25-1(옥천동)","A3":"서울 서대문구 옥천동 100-1","A4":"1141010700101000001","A5":"28","A6":"서울청","A7":"서울서대문","A8":"충정로","A9":"지구대","A10":"02-335-8301","A11":"서울특별시 서대문구  독립문로 25-1"}},
{"type":"Feature","geometry":{"type":"Point","coordinates":[393669.2586,286607.8265]},"properties":{"A0":"129.12542464866124","A1":"35.1572325334876","A2":"부산 수영구 광안해변로295번길 22(민락동)","A3":"부산 수영구 민락동 34-10","A4":"2650010300100340010","A5":"282","A6":"부산청","A7":"부산남부","A8":"광민","A9":"지구대","A10":"051-610-8289","A11":"부산광역시 수영구  광안해변로295번길 22"}},
{"type":"Feature","geometry":{"type":"Point","coordinates":[390492.3724,284594.266]},"properties":{"A0":"129.09011591557163","A1":"35.13970400456901","A2":"부산 남구 진남로46번길 37(대연동)","A3":"부산 남구 대연동 1475-2","A4":"2629010600114750002","A5":"283","A6":"부산청","A7":"부산남부","A8":"못골","A9":"파출소","A10":"051-610-8299","A11":"부산광역시 남구 진남로 46번길 37"}},
{"type":"Feature","geometry":{"type":"Point","coordinates":[389443.2846,282899.7845]},"properties":{"A0":"129.0782240174059","A1":"35.12463892783637","A2":"부산 남구 우암로 170(우암동)","A3":"부산 남구 우암동 66-3","A4":"2629011000100660003","A5":"284","A6":"부산청","A7":"부산남부","A8":"우암","A9":"파출소","A10":"051-610-8362","A11":"부산광역시 남구  우암로 170"}},
{"type":"Feature","geometry":{"type":"Point","coordinates":[391061.3613,281813.34]},"properties":{"A0":"129.09571315827588","A1":"35.11454672049864","A2":"부산 남구 신선로 318(용당동)","A3":"부산 남구 용당동 123-56","A4":"2629010800101230056","A5":"285","A6":"부산청","A7":"부산남부","A8":"용당","A9":"파출소","A10":"051-610-8227","A11":"부산광역시 남구 신선로 318"}},
{"type":"Feature","geometry":{"type":"Point","coordinates":[389691.7244,282189.8983]},"properties":{"A0":"129.08078498800324","A1":"35.11819739548223","A2":"부산 남구 우암로 86(감만동)","A3":"부산 남구 감만동 79-2","A4":"2629011100100790002","A5":"286","A6":"부산청","A7":"부산남부","A8":"감만","A9":"파출소","A10":"051-610-8853","A11":"부산광역시 남구 우암로86"}},
{"type":"Feature","geometry":{"type":"Point","coordinates":[393431.2915,289566.107]},"properties":{"A0":"129.12350685882438","A1":"35.18392694460137","A2":"부산 해운대구 해운대로161번길 17(재송동)","A3":"부산 해운대구 재송동 1106-5","A4":"2635010400111060005","A5":"287","A6":"부산청","A7":"부산해운대","A8":"재송","A9":"지구대","A10":"051-665-0151","A11":"부산광역시 해운대구 해운대로161번길 17"}},
{"type":"Feature","geometry":{"type":"Point","coordinates":[394921.9441,287825.6189]},"properties":{"A0":"129.13941648133675","A1":"35.16802188492876","A2":"부산 해운대구 해운대로 398(우동)","A3":"부산 해운대구 우동 1008-1","A4":"2635010500110080001","A5":"288","A6":"부산청","A7":"부산해운대","A8":"우동","A9":"지구대","A10":"051-665-0166","A11":"부산광역시 해운대구  해운대로 398"}},
{"type":"Feature","geometry":{"type":"Point","coordinates":[398551.5186,287207.4308]},"properties":{"A0":"129.17911818960795","A1":"35.16168751450361","A2":"부산 해운대구 좌동순환로433번길 32(중동)","A3":"부산 해운대구 중동 1813","A4":"2635010600118130000","A5":"289","A6":"부산청","A7":"부산해운대","A8":"중동","A9":"지구대","A10":"051-665-0175","A11":"부산광역시 해운대구  좌동순환로433번길 32"}},
{"type":"Feature","geometry":{"type":"Point","coordinates":[398265.5941,288997.1946]},"properties":{"A0":"129.17640757612057","A1":"35.17785977169843","A2":"부산 해운대구 좌동순환로 185(좌동)","A3":"부산 해운대구 좌동 1407-7","A4":"2635010700114070007","A5":"290","A6":"부산청","A7":"부산해운대","A8":"좌동","A9":"지구대","A10":"051-665-0184","A11":"부산광역시 해운대구  좌동순환로 185"}},
{"type":"Feature","geometry":{"type":"Point","coordinates":[392881.0702,291061.0004]},"properties":{"A0":"129.11781916694133","A1":"35.19749797465844","A2":"부산 해운대구 선수촌로21번길 64(반여동)","A3":"부산 해운대구 반여동 1405-9","A4":"2635010300114050009","A5":"291","A6":"부산청","A7":"부산해운대","A8":"반여","A9":"지구대","A10":"051-665-0157","A11":"부산광역시 해운대구  선수촌로21번길 64"}},
{"type":"Feature","geometry":{"type":"Point","coordinates":[194963.2132,551004.9227]},"properties":{"A0":"126.94299462248095","A1":"37.55855857987332","A2":"서울 서대문구 신촌역로 22(대현동)","A3":"서울 서대문구 대현동 27-14","A4":"1141011200100270014","A5":"29","A6":"서울청","A7":"서울서대문","A8":"신촌","A9":"지구대","A10":"02-335-8302","A11":"서울특별시 서대문구  신촌역로 22"}},
{"type":"Feature","geometry":{"type":"Point","coordinates":[400451.5134,289357.9377]},"properties":{"A0":"129.20047524457866","A1":"35.18067652568293","A2":"부산 해운대구 송정중앙로8번길 65(송정동)","A3":"부산 해운대구 송정동 323-11","A4":"2635010800103230011","A5":"292","A6":"부산청","A7":"부산해운대","A8":"송정","A9":"파출소","A10":"051-665-0196","A11":"부산광역시 해운대구  송정중앙로8번길 65"}},
{"type":"Feature","geometry":{"type":"Point","coordinates":[395454.8012,294217.9331]},"properties":{"A0":"129.14681102804158","A1":"35.22543759422227","A2":"부산 해운대구 아랫반송로 6(반송동)","A3":"부산 해운대구 반송동 716-9","A4":"2635010100107160009","A5":"293","A6":"부산청","A7":"부산해운대","A8":"반석","A9":"파출소","A10":"051-665-0193","A11":"부산광역시 해운대구  아랫반송로 6"}},
{"type":"Feature","geometry":{"type":"Point","coordinates":[396668.7389,294643.0359]},"properties":{"A0":"129.16023688982187","A1":"35.22902715231501","A2":"부산 해운대구 신반송로 177(반송동)","A3":"부산 해운대구 반송동 890-1","A4":"2635010100108900001","A5":"294","A6":"부산청","A7":"부산해운대","A8":"반송","A9":"파출소","A10":"051-665-0190","A11":"부산광역시 해운대구  신반송로 177"}},
{"type":"Feature","geometry":{"type":"Point","coordinates":[394035.8412,290794.5946]},"properties":{"A0":"129.13042853717926","A1":"35.194875784605856","A2":"부산 해운대구 재반로 197(반여동)","A3":"부산 해운대구 반여동 1291-835","A4":"2635010300112910835","A5":"295","A6":"부산청","A7":"부산해운대","A8":"반여2·3","A9":"파출소","A10":"051-665-0160","A11":"부산광역시 해운대구  재반로 197"}},
{"type":"Feature","geometry":{"type":"Point","coordinates":[382351.9921,285099.6001]},"properties":{"A0":"129.00095935175324","A1":"35.14576357546177","A2":"부산 사상구 주례로 141(주례동)","A3":"부산 사상구 주례동 614","A4":"2653010600106140000","A5":"296","A6":"부산청","A7":"부산사상","A8":"주례","A9":"지구대","A10":"051-329-0165","A11":"부산광역시 사상구  주례로 141"}},
{"type":"Feature","geometry":{"type":"Point","coordinates":[381161.0484,284660.799]},"properties":{"A0":"128.9877992194157","A1":"35.14202554221912","A2":"부산 사상구 학감대로123번길 4(학장동)","A3":"부산 사상구 학장동 553-4","A4":"2653010700105530004","A5":"297","A6":"부산청","A7":"부산사상","A8":"학장","A9":"파출소","A10":"051-329-0161","A11":"부산광역시 사상구  학감대로 123번길 4"}},
{"type":"Feature","geometry":{"type":"Point","coordinates":[380174.8021,285737.5562]},"properties":{"A0":"128.97722055048678","A1":"35.15190248293221","A2":"부산 사상구 가야대로 39(감전동)","A3":"부산 사상구 감전동 165-14","A4":"2653010500101650014","A5":"298","A6":"부산청","A7":"부산사상","A8":"감전","A9":"지구대","A10":"051-329-0157","A11":"부산광역시 사상구  가야대로 39"}},
{"type":"Feature","geometry":{"type":"Point","coordinates":[381845.9053,289408.5962]},"properties":{"A0":"128.99635754678164","A1":"35.18466891289776","A2":"부산 사상구 모라로110번길 101(모라동)","A3":"부산 사상구 모라동 551-2","A4":"2653010200105510002","A5":"299","A6":"부산청","A7":"부산사상","A8":"모라","A9":"파출소","A10":"051-329-0152","A11":"부산광역시 사상구  모라로 110번길 101"}},
{"type":"Feature","geometry":{"type":"Point","coordinates":[380881.3305,288413.0226]},"properties":{"A0":"128.98555569502184","A1":"35.17587676536805","A2":"부산 사상구 삼덕로73번길 48(덕포동)","A3":"부산 사상구 덕포동 387-2","A4":"2653010300103870002","A5":"300","A6":"부산청","A7":"부산사상","A8":"삼덕","A9":"파출소","A10":"051-329-0169","A11":"부산광역시 사상구  삼덕로 73번길 48"}},
{"type":"Feature","geometry":{"type":"Point","coordinates":[379512.3543,282983.9758]},"properties":{"A0":"128.9693567714222","A1":"35.12721549503334","A2":"부산 사상구 낙동대로 740(엄궁동)","A3":"부산 사상구 엄궁동 345-6","A4":"2653010800103450006","A5":"301","A6":"부산청","A7":"부산사상","A8":"엄궁","A9":"파출소","A10":"051-329-0173","A11":"부산광역시 사상구 낙동대로 740"}},
{"type":"Feature","geometry":{"type":"Point","coordinates":[195268.0173,555075.956]},"properties":{"A0":"126.94641803776004","A1":"37.59523986136362","A2":"서울 서대문구 세검정로1길 112(홍은동)","A3":"서울 서대문구 홍은동 48-461","A4":"1141011800100480461","A5":"30","A6":"서울청","A7":"서울서대문","A8":"홍은","A9":"파출소","A10":"02-335-8303","A11":"서울특별시 서대문구 세검정로1길 112"}},
{"type":"Feature","geometry":{"type":"Point","coordinates":[390483.0613,294401.1594]},"properties":{"A0":"129.09227730539243","A1":"35.22803959500123","A2":"부산 금정구 부곡로 136(부곡동) 부곡지구대","A3":"부산 금정구 부곡동 294-4","A4":"2641010900102940004","A5":"302","A6":"부산청","A7":"부산금정","A8":"부곡","A9":"지구대","A10":"051-514-8505","A11":"부산광역시 금정구  부곡로 136 (부곡동) 부곡지구대"}},
{"type":"Feature","geometry":{"type":"Point","coordinates":[389905.7397,294504.1885]},"properties":{"A0":"129.08596372037252","A1":"35.229079249825304","A2":"부산 금정구 금정로 49(장전동) 장전지구대","A3":"부산 금정구 장전동 422-11","A4":"2641010800104220011","A5":"303","A6":"부산청","A7":"부산금정","A8":"장전","A9":"지구대","A10":"051-514-8508","A11":"부산광역시 금정구  금정로 49 (장전동) 장전지구대"}},
{"type":"Feature","geometry":{"type":"Point","coordinates":[390010.1485,299003.1063]},"properties":{"A0":"129.08814920510474","A1":"35.269583278168426","A2":"부산 금정구 팔송로39번길 56(남산동) 범어지구대","A3":"부산 금정구 남산동 975-6","A4":"2641010400109750006","A5":"304","A6":"부산청","A7":"부산금정","A8":"범어","A9":"지구대","A10":"051-508-5501","A11":"부산광역시 금정구  팔송로39길 56 (남산동) 범어지구대"}},
{"type":"Feature","geometry":{"type":"Point","coordinates":[382707.5485,291000.3273]},"properties":{"A0":"129.00616315517308","A1":"35.198856319827144","A2":"부산 북구 시랑로79번길 3(구포동)","A3":"부산 북구 구포동 1219-10","A4":"2632010500112190010","A5":"329","A6":"부산청","A7":"부산북부","A8":"구포","A9":"지구대","A10":"051-342-0112","A11":"부산광역시 북구  시랑로79번길 3"}},
{"type":"Feature","geometry":{"type":"Point","coordinates":[392715.3029,293122.5284]},"properties":{"A0":"129.11648268969353","A1":"35.21609849246216","A2":"부산 금정구 반송로 482-1(금사동) 서금지구대","A3":"부산 금정구 금사동 117-5","A4":"2641011100101170005","A5":"305","A6":"부산청","A7":"부산금정","A8":"서금","A9":"지구대","A10":"051-522-4787","A11":"부산광역시 금정구  반송로 482-1 (금사동) 서금지구대"}},
{"type":"Feature","geometry":{"type":"Point","coordinates":[390439.6133,299319.8976]},"properties":{"A0":"129.0929395331857","A1":"35.27235433333106","A2":"부산 금정구 중앙대로 2106(청룡동) 팔송파출소","A3":"부산 금정구 청룡동 11-5","A4":"2641010300100110005","A5":"306","A6":"부산청","A7":"부산금정","A8":"팔송","A9":"파출소","A10":"051-515-3170","A11":"부산광역시 금정구  중앙대로 2106 (청룡동) 팔송파출소"}},
{"type":"Feature","geometry":{"type":"Point","coordinates":[381295.9748,279935.634]},"properties":{"A0":"128.98824653956177","A1":"35.09943622891244","A2":"부산 사하구 낙동대로 264(괴정동)","A3":"부산 사하구 괴정동 747-4","A4":"2638010100107470004","A5":"307","A6":"부산청","A7":"부산사하","A8":"괴정","A9":"지구대","A10":"051-292-0070","A11":"부산광역시 사하구  낙동대로 264"}},
{"type":"Feature","geometry":{"type":"Point","coordinates":[379185.3705,280457.5192]},"properties":{"A0":"128.96520354048323","A1":"35.104445349931225","A2":"부산 사하구 하신중앙로 316(하단동)","A3":"부산 사하구 하단동 615-1","A4":"2638010300106150001","A5":"308","A6":"부산청","A7":"부산사하","A8":"하단","A9":"지구대","A10":"051-205-0113","A11":"부산광역시 사하구  하신중앙로 316"}},
{"type":"Feature","geometry":{"type":"Point","coordinates":[382684.3603,278720.2906]},"properties":{"A0":"129.0031965777352","A1":"35.08823762175486","A2":"부산 사하구 감천로 103(감천동)","A3":"부산 사하구 감천동 486-11","A4":"2638010800104860011","A5":"309","A6":"부산청","A7":"부산사하","A8":"감천","A9":"지구대","A10":"051-208-0112","A11":"부산광역시 사하구  감천로103"}},
{"type":"Feature","geometry":{"type":"Point","coordinates":[380844.7671,275942.4546]},"properties":{"A0":"128.98243131926824","A1":"35.063543322925746","A2":"부산 사하구 다송로 46(다대동)","A3":"부산 사하구 다대동 120-36","A4":"2638010600101200036","A5":"310","A6":"부산청","A7":"부산사하","A8":"다대","A9":"지구대","A10":"051-265-2322","A11":"부산광역시 사하구  다송로 46"}},
{"type":"Feature","geometry":{"type":"Point","coordinates":[378920.6191,279237.1152]},"properties":{"A0":"128.96206170870352","A1":"35.093561626813354","A2":"부산 사하구 하신중앙로 171(신평동)","A3":"부산 사하구 신평동 646-1","A4":"2638010400106460001","A5":"311","A6":"부산청","A7":"부산사하","A8":"신평","A9":"파출소","A10":"051-204-2924","A11":"부산광역시 사하구  하신중앙로 171"}},
{"type":"Feature","geometry":{"type":"Point","coordinates":[201446.2047,551718.2326]},"properties":{"A0":"127.01636927402399","A1":"37.56499807076088","A2":"서울 중구 다산로 248(신당동) 신당파출소","A3":"서울 중구 신당동 100-1","A4":"1114016200101000001","A5":"4","A6":"서울청","A7":"서울중부","A8":"신당","A9":"파출소","A10":"02-2252-0435","A11":"서울특별시 중구  다산로 248 (신당동, 신당파출소)"}},
{"type":"Feature","geometry":{"type":"Point","coordinates":[194072.9694,552312.7284]},"properties":{"A0":"126.9329084156185","A1":"37.57033647226761","A2":"서울 서대문구 연희로25길 73(연희동)","A3":"서울 서대문구 연희동 86-12","A4":"1141011700100860012","A5":"31","A6":"서울청","A7":"서울서대문","A8":"연희","A9":"파출소","A10":"02-335-8304","A11":"서울특별시 서대문구  연희로25길 73"}},
{"type":"Feature","geometry":{"type":"Point","coordinates":[380378.9145,277880.5383]},"properties":{"A0":"128.9777475643121","A1":"35.08108842336967","A2":"부산 사하구 다대로 239(장림동)","A3":"부산 사하구 장림동 186-15","A4":"2638010500101860015","A5":"312","A6":"부산청","A7":"부산사하","A8":"장림","A9":"파출소","A10":"051-261-3571","A11":"부산광역시 사하구  다대로 239"}},
{"type":"Feature","geometry":{"type":"Point","coordinates":[392035.9268,289756.04]},"properties":{"A0":"129.10824188965432","A1":"35.18590527388291","A2":"부산 연제구 과정로164번길 16(연산동)","A3":"부산 연제구 연산동 477-1","A4":"2647010200104770001","A5":"313","A6":"부산청","A7":"부산연제","A8":"토곡","A9":"지구대","A10":"051-751-0112","A11":"부산광역시 연제구 과정로164번길 16"}},
{"type":"Feature","geometry":{"type":"Point","coordinates":[389743.2342,289806.8437]},"properties":{"A0":"129.08309865247924","A1":"35.186797950968284","A2":"부산 연제구 반송로 18(연산동)","A3":"부산 연제구 연산동 603-41","A4":"2647010200106030041","A5":"314","A6":"부산청","A7":"부산연제","A8":"연일","A9":"지구대","A10":"051-861-7150","A11":"부산광역시 연제구 반송로 18"}},
{"type":"Feature","geometry":{"type":"Point","coordinates":[388841.3851,289484.74]},"properties":{"A0":"129.07312935972595","A1":"35.184066838374676","A2":"부산 연제구 거제대로178번길 51-1(거제동)","A3":"부산 연제구 거제동 558-3","A4":"2647010100105580003","A5":"315","A6":"부산청","A7":"부산연제","A8":"거제","A9":"지구대","A10":"051-862-0042","A11":"부산광역시 연제구 거제대로178번길 51-1"}},
{"type":"Feature","geometry":{"type":"Point","coordinates":[391424.3973,288274.284]},"properties":{"A0":"129.10118865670088","A1":"35.17267513545974","A2":"부산 수영구 망미로8번길 74(망미동)","A3":"부산 수영구 망미동 823-3","A4":"2650010100108230003","A5":"317","A6":"부산청","A7":"부산연제","A8":"망미1","A9":"파출소","A10":"051-761-0112","A11":"부산광역시 수영구 망미로8번길 74"}},
{"type":"Feature","geometry":{"type":"Point","coordinates":[392780.2155,288061.0908]},"properties":{"A0":"129.11601194683809","A1":"35.17049427493169","A2":"부산 수영구 수영성로 36-1(수영동)","A3":"부산 수영구 수영동 191-2","A4":"2650010200101910002","A5":"318","A6":"부산청","A7":"부산연제","A8":"수영망미2","A9":"파출소","A10":"051-752-1120","A11":"부산광역시 수영구 수영성로 36-1 (수영동)"}},
{"type":"Feature","geometry":{"type":"Point","coordinates":[373241.0996,290378.845]},"properties":{"A0":"128.90214343314676","A1":"35.19493148112995","A2":"부산 강서구 가락대로 1465(죽림동)","A3":"부산 강서구 죽림동 739","A4":"2644010500107390000","A5":"319","A6":"부산청","A7":"부산강서","A8":"가락","A9":"파출소","A10":"051-971-8112","A11":"부산광역시 강서구  가락대로 1465"}},
{"type":"Feature","geometry":{"type":"Point","coordinates":[376341.451,292795.3675]},"properties":{"A0":"128.9366836683131","A1":"35.21616113794571","A2":"부산 강서구 제도로 1191(강동동)","A3":"부산 강서구 강동동 82-10","A4":"2644010300100820010","A5":"320","A6":"부산청","A7":"부산강서","A8":"강동","A9":"파출소","A10":"051-971-1113","A11":"부산광역시 강서구  제도로 1191"}},
{"type":"Feature","geometry":{"type":"Point","coordinates":[380547.2487,292409.107]},"properties":{"A0":"128.98276498684203","A1":"35.21193351963775","A2":"부산 강서구 대저로 284(대저1동)","A3":"부산 강서구 대저1동 2338-4","A4":"2644010100123380004","A5":"321","A6":"부산청","A7":"부산강서","A8":"대저","A9":"파출소","A10":"051-971-1112","A11":"부산광역시 강서구  대저로 284"}},
{"type":"Feature","geometry":{"type":"Point","coordinates":[378008.1242,288935.0628]},"properties":{"A0":"128.9541508808432","A1":"35.1810929576287","A2":"부산 강서구 공항진입로 39(대저2동)","A3":"부산 강서구 대저2동 1854-2","A4":"2644010200118540002","A5":"322","A6":"부산청","A7":"부산강서","A8":"공항","A9":"파출소","A10":"051-971-0112","A11":"부산광역시 강서구  공항진입로 39"}},
{"type":"Feature","geometry":{"type":"Point","coordinates":[193292.4959,552944.2203]},"properties":{"A0":"126.9240680483947","A1":"37.57602087753804","A2":"서울 서대문구 가재울로4길 51(남가좌동)","A3":"서울 서대문구 남가좌동 336-21","A4":"1141012000103360021","A5":"32","A6":"서울청","A7":"서울서대문","A8":"남가좌","A9":"파출소","A10":"02-335-8305","A11":"서울특별시 서대문구  가재울로4길 51"}},
{"type":"Feature","geometry":{"type":"Point","coordinates":[371961.7835,281229.9377]},"properties":{"A0":"128.88619900226712","A1":"35.11272865689437","A2":"부산 강서구 낙동남로604번길 2-17(녹산동)","A3":"부산 강서구 녹산동 262-5","A4":"2644011100102620005","A5":"323","A6":"부산청","A7":"부산강서","A8":"녹산","A9":"파출소","A10":"051-971-5112","A11":"부산광역시 강서구  낙동남로604번길 2-17"}},
{"type":"Feature","geometry":{"type":"Point","coordinates":[369292.9537,278644.1029]},"properties":{"A0":"128.85641095759706","A1":"35.08988789987914","A2":"부산 강서구 녹산산단335로 12-22(송정동)","A3":"부산 강서구 송정동 1633-2","A4":"2644010900116330002","A5":"324","A6":"부산청","A7":"부산강서","A8":"신호","A9":"파출소","A10":"051-831-1661","A11":"부산광역시 강서구 녹산산단335로 12-22"}},
{"type":"Feature","geometry":{"type":"Point","coordinates":[374052.4844,279175.303]},"properties":{"A0":"128.90868855497865","A1":"35.093863171394304","A2":"부산 강서구 명지국제2로28번길 13(명지동)","A3":"부산 강서구 명지동 3602-4","A4":"2644010400136020004","A5":"325","A6":"부산청","A7":"부산강서","A8":"명지","A9":"지구대","A10":"051-271-1112","A11":"부산광역시 강서구  명지국제2로28번길 13"}},
{"type":"Feature","geometry":{"type":"Point","coordinates":[367048.459,274495.783]},"properties":{"A0":"128.83097468269966","A1":"35.05288946967955","A2":"부산 강서구 동선길 134(성북동)","A3":"부산 강서구 성북동 341","A4":"2644011900103410000","A5":"326","A6":"부산청","A7":"부산강서","A8":"가덕도","A9":"파출소","A10":"051-972-0112","A11":"부산광역시 강서구 동선길 134"}},
{"type":"Feature","geometry":{"type":"Point","coordinates":[366962.2695,285398.0399]},"properties":{"A0":"128.83222749813552","A1":"35.151122894911964","A2":"부산 강서구 과학산단2로20번길 7-20(지사동)","A3":"부산 강서구 지사동 1182-4","A4":"2644011400111820004","A5":"327","A6":"부산청","A7":"부산강서","A8":"지사","A9":"파출소","A10":"051-971-6112","A11":"부산광역시 강서구 과학산단2로20번길 7-20"}},
{"type":"Feature","geometry":{"type":"Point","coordinates":[382577.3274,292851.3576]},"properties":{"A0":"129.00514574522384","A1":"35.21555332036175","A2":"부산 북구 금곡대로 66-8(덕천동)","A3":"부산 북구 덕천동 680-10","A4":"2632010400106800010","A5":"328","A6":"부산청","A7":"부산북부","A8":"덕천","A9":"지구대","A10":"051-332-6477","A11":"부산광역시 북구  금곡대로 66-8"}},
{"type":"Feature","geometry":{"type":"Point","coordinates":[385695.1077,291816.7515]},"properties":{"A0":"129.03913336903173","A1":"35.20565822385135","A2":"부산 북구 은행나무로36번가길 24(만덕동)","A3":"부산 북구 만덕동 854-1","A4":"2632010300108540001","A5":"330","A6":"부산청","A7":"부산북부","A8":"만덕","A9":"지구대","A10":"051-337-0112","A11":"부산광역시 북구  은행나무로36번가길 24"}},
{"type":"Feature","geometry":{"type":"Point","coordinates":[382961.0913,294667.7725]},"properties":{"A0":"129.00976124767374","A1":"35.2318430692294","A2":"부산 북구 용당로 6(화명동)","A3":"부산 북구 화명동 2284","A4":"2632010200122840000","A5":"331","A6":"부산청","A7":"부산북부","A8":"화명","A9":"지구대","A10":"051-365-0113","A11":"부산광역시 북구  용당로 6"}},
{"type":"Feature","geometry":{"type":"Point","coordinates":[383225.0639,296646.7566]},"properties":{"A0":"129.01309975615123","A1":"35.24962137935907","A2":"부산 북구 금곡대로 462(금곡동)","A3":"부산 북구 금곡동 1114-4","A4":"2632010100111140004","A5":"332","A6":"부산청","A7":"부산북부","A8":"금곡","A9":"파출소","A10":"051-361-6112","A11":"부산광역시 북구  금곡대로 462"}},
{"type":"Feature","geometry":{"type":"Point","coordinates":[192100.5443,553531.8214]},"properties":{"A0":"126.9105683664028","A1":"37.58130575618502","A2":"서울 서대문구 응암로1길 13(북가좌동)","A3":"서울 서대문구 북가좌동 310-2","A4":"1141011900103100002","A5":"33","A6":"서울청","A7":"서울서대문","A8":"북가좌","A9":"파출소","A10":"02-335-8306","A11":"서울특별시 서대문구  응암로1길 13"}},
{"type":"Feature","geometry":{"type":"Point","coordinates":[401839.4743,296630.8596]},"properties":{"A0":"129.21748306499367","A1":"35.24590421222454","A2":"부산 기장군 기장읍 차성동로 94-6","A3":"부산 기장군 기장읍 동부리 284-3","A4":"2671025021102840003","A5":"333","A6":"부산청","A7":"부산기장","A8":"기장","A9":"지구대","A10":"051-721-2112","A11":"부산광역시 기장군 기장읍 차성동로 94-6"}},
{"type":"Feature","geometry":{"type":"Point","coordinates":[403152.9612,298690.4685]},"properties":{"A0":"129.23241227651","A1":"35.26418902541844","A2":"부산 기장군 일광읍 일광로 77-15","A3":"부산 기장군 일광읍 삼성리 55-3","A4":"2671025921100550003","A5":"334","A6":"부산청","A7":"부산기장","A8":"일광","A9":"파출소","A10":"051-721-3112","A11":"부산광역시 기장군 일광면 일광로 77-15"}},
{"type":"Feature","geometry":{"type":"Point","coordinates":[404112.0151,304115.3834]},"properties":{"A0":"129.24429303838846","A1":"35.312853559423914","A2":"부산 기장군 장안읍 해맞이로 5","A3":"부산 기장군 장안읍 좌천리 247-5","A4":"2671025321102470005","A5":"335","A6":"부산청","A7":"부산기장","A8":"장안","A9":"파출소","A10":"051-727-0112","A11":"부산광역시 기장군 장안읍 해맞이로 5"}},
{"type":"Feature","geometry":{"type":"Point","coordinates":[398122.9676,305329.4809]},"properties":{"A0":"129.17877437246892","A1":"35.32498801549502","A2":"부산 기장군 정관읍 용수로 17","A3":"부산 기장군 정관읍 용수리 1314-2","A4":"2671025628113140002","A5":"336","A6":"부산청","A7":"부산기장","A8":"정관","A9":"지구대","A10":"051-727-3112","A11":"부산광역시 기장군 정관읍 용수로 17"}},
{"type":"Feature","geometry":{"type":"Point","coordinates":[395511.1973,299710.6257]},"properties":{"A0":"129.14873543311205","A1":"35.274897595791636","A2":"부산 기장군 철마면 철마로 473","A3":"부산 기장군 철마면 장전리 302-1","A4":"2671033022103020001","A5":"337","A6":"부산청","A7":"부산기장","A8":"철마","A9":"파출소","A10":"051-721-9112","A11":"부산광역시 기장군 철마면 철마로 473"}},
{"type":"Feature","geometry":{"type":"Point","coordinates":[343045.7602,364916.5083]},"properties":{"A0":"128.58387888437642","A1":"35.87123885421977","A2":"대구 중구 국채보상로99길 12(동산동)","A3":"대구 중구 동산동 15-30","A4":"2711014000100150030","A5":"338","A6":"대구청","A7":"대구중부","A8":"서문","A9":"지구대","A10":"053-420-1302","A11":"대구광역시 중구  국채보상로 99길 12"}},
{"type":"Feature","geometry":{"type":"Point","coordinates":[345054.9618,364597.9324]},"properties":{"A0":"128.6060581624512","A1":"35.86807268935195","A2":"대구 중구 국채보상로140길 16(동인동2가)","A3":"대구 중구 동인동2가 227-8","A4":"2711010200102270008","A5":"339","A6":"대구청","A7":"대구중부","A8":"동덕","A9":"지구대","A10":"053-420-1306","A11":"대구광역시 중구 국채보상로 140길 16"}},
{"type":"Feature","geometry":{"type":"Point","coordinates":[343393.3614,364339.08]},"properties":{"A0":"128.58762121514195","A1":"35.865987719358536","A2":"대구 중구 달구벌대로 2048(남산동)","A3":"대구 중구 남산동 323-1","A4":"2711015600103230001","A5":"340","A6":"대구청","A7":"대구중부","A8":"남산","A9":"지구대","A10":"053-420-1304","A11":"대구광역시 중구  달구벌대로 2048"}},
{"type":"Feature","geometry":{"type":"Point","coordinates":[343496.714,364740.011]},"properties":{"A0":"128.58883737391085","A1":"35.8695829813588","A2":"대구 중구 중앙대로81길 88(수동)","A3":"대구 중구 수동 56-1","A4":"2711011100100560001","A5":"341","A6":"대구청","A7":"대구중부","A8":"중앙","A9":"파출소","A10":"053-420-1311","A11":"대구광역시 중구  중앙대로 81길 88"}},
{"type":"Feature","geometry":{"type":"Point","coordinates":[347811.5226,366325.019]},"properties":{"A0":"128.63688733840326","A1":"35.88322137760808","A2":"대구 동구 효목로19길 143(효목동)","A3":"대구 동구 효목동 47-1","A4":"2714010300100470001","A5":"342","A6":"대구청","A7":"대구동부","A8":"큰고개","A9":"지구대","A10":"053-960-3309","A11":"대구광역시 동구  효목로19길 143"}},
{"type":"Feature","geometry":{"type":"Point","coordinates":[195101.7297,554290.4591]},"properties":{"A0":"126.94454037889527","A1":"37.58816179465673","A2":"서울 서대문구 통일로 441-1(홍제동)","A3":"서울 서대문구 홍제동 173-1","A4":"1141011100101730001","A5":"34","A6":"서울청","A7":"서울서대문","A8":"홍제","A9":"파출소","A10":"02-335-8307","A11":"서울특별시 서대문구  통일로 441-1"}},
{"type":"Feature","geometry":{"type":"Point","coordinates":[348889.3279,366709.0867]},"properties":{"A0":"128.64889191383133","A1":"35.88651794705886","A2":"대구 동구 해동로 184(검사동)","A3":"대구 동구 검사동 984-2","A4":"2714011000109840002","A5":"343","A6":"대구청","A7":"대구동부","A8":"동촌","A9":"지구대","A10":"053-960-3305","A11":"대구광역시 동구  해동로 184"}},
{"type":"Feature","geometry":{"type":"Point","coordinates":[354680.0575,365248.5447]},"properties":{"A0":"128.71271308870206","A1":"35.87246084744325","A2":"대구 동구 반야월로 219(동호동)","A3":"대구 동구 동호동 44","A4":"2714011600100440000","A5":"344","A6":"대구청","A7":"대구동부","A8":"안심","A9":"지구대","A10":"053-960-3314","A11":"대구광역시 동구  반야월로 219"}},
{"type":"Feature","geometry":{"type":"Point","coordinates":[345604.7856,366080.5829]},"properties":{"A0":"128.61241472214382","A1":"35.88135075164068","A2":"대구 동구 대현로 126(신암동)","A3":"대구 동구 신암동 819-2","A4":"2714010100108190002","A5":"345","A6":"대구청","A7":"대구동부","A8":"남신암","A9":"지구대","A10":"053-960--3304","A11":"대구광역시 동구  대현로 126"}},
{"type":"Feature","geometry":{"type":"Point","coordinates":[346690.0277,365389.3313]},"properties":{"A0":"128.62430159974508","A1":"35.874961482369166","A2":"대구 동구 동대구로85길 53(신천동)","A3":"대구 동구 신천동 78-2","A4":"2714010200100780002","A5":"346","A6":"대구청","A7":"대구동부","A8":"동대구","A9":"지구대","A10":"053-960-3316","A11":"대구광역시 동구  동대구로85길 53"}},
{"type":"Feature","geometry":{"type":"Point","coordinates":[352556.2078,374530.071]},"properties":{"A0":"128.69098451702772","A1":"35.956409064725875","A2":"대구 동구 팔공로197길 47(백안동)","A3":"대구 동구 백안동 569","A4":"2714013500105690000","A5":"347","A6":"대구청","A7":"대구동부","A8":"팔공","A9":"파출소","A10":"053-960-3301","A11":"대구광역시 동구 팔공로 197길 47"}},
{"type":"Feature","geometry":{"type":"Point","coordinates":[347298.2593,376970.4769]},"properties":{"A0":"128.6331783577291","A1":"35.97920220886756","A2":"대구 동구 파계로 546(중대동)","A3":"대구 동구 중대동 580-1","A4":"2714014200105800001","A5":"348","A6":"대구청","A7":"대구동부","A8":"공산","A9":"파출소","A10":"053-960-3302","A11":"대구광역시 동구 파계로 546"}},
{"type":"Feature","geometry":{"type":"Point","coordinates":[348000.5459,371217.3721]},"properties":{"A0":"128.6398902237707","A1":"35.92727024713207","A2":"대구 동구 위남로 9(봉무동)","A3":"대구 동구 봉무동 1518","A4":"2714010500115180000","A5":"349","A6":"대구청","A7":"대구동부","A8":"봉무불로","A9":"파출소","A10":"053-960-3307","A11":"대구광역시 동구 위남로9"}},
{"type":"Feature","geometry":{"type":"Point","coordinates":[356571.8286,366324.1044]},"properties":{"A0":"128.73386246232133","A1":"35.8818530628101","A2":"대구 동구 동내로 120(동내동)","A3":"대구 동구 동내동 1114","A4":"2714012500111140000","A5":"350","A6":"대구청","A7":"대구동부","A8":"동내혁신","A9":"파출소","A10":"053-960-3706","A11":"대구 동구 동내로 120"}},
{"type":"Feature","geometry":{"type":"Point","coordinates":[341922.9732,365136.4109]},"properties":{"A0":"128.57148851746825","A1":"35.873384924596124","A2":"대구 서구 달서로26길 1(비산동)","A3":"대구 서구 비산동 434-27","A4":"2717010200104340027","A5":"351","A6":"대구청","A7":"대구서부","A8":"평산","A9":"지구대","A10":"053-608-3309","A11":"대구광역시 서구  달서로26길 1"}},
{"type":"Feature","geometry":{"type":"Point","coordinates":[340845.428,364859.2422]},"properties":{"A0":"128.55951211281945","A1":"35.871043317622494","A2":"대구 서구 국채보상로 260(평리동)","A3":"대구 서구 평리동 1218-5","A4":"2717010300112180005","A5":"352","A6":"대구청","A7":"대구서부","A8":"서도","A9":"지구대","A10":"053-608-3307","A11":"대구광역시 서구  국채보상로 260"}},
{"type":"Feature","geometry":{"type":"Point","coordinates":[194361.2799,553794.4882]},"properties":{"A0":"126.93616061472903","A1":"37.583688905111856","A2":"서울 서대문구 연희로 298(홍은동)","A3":"서울 서대문구 홍은동 424","A4":"1141011800104240000","A5":"35","A6":"서울청","A7":"서울서대문","A8":"홍은2","A9":"파출소","A10":"02-335-8308","A11":"서울특별시 서대문구  연희로 298"}},
{"type":"Feature","geometry":{"type":"Point","coordinates":[339446.5338,364611.288]},"properties":{"A0":"128.54398436443233","A1":"35.86901024354877","A2":"대구 서구 국채보상로 117(이현동)","A3":"대구 서구 이현동 44-35","A4":"2717010600100440035","A5":"353","A6":"대구청","A7":"대구서부","A8":"이현","A9":"지구대","A10":"053-608-3311","A11":"대구광역시 서구  국채보상로 117"}},
{"type":"Feature","geometry":{"type":"Point","coordinates":[340477.2296,363333.1463]},"properties":{"A0":"128.55516789355664","A1":"35.85734724578903","A2":"대구 서구 달구벌대로 1737(내당동)","A3":"대구 서구 내당동 468-5","A4":"2717010100104680005","A5":"355","A6":"대구청","A7":"대구서부","A8":"내당4동","A9":"파출소","A10":"053-608-3303","A11":"대구광역시 서구  달구벌대로 1737"}},
{"type":"Feature","geometry":{"type":"Point","coordinates":[344567.3303,362022.7712]},"properties":{"A0":"128.60019487434275","A1":"35.8449475105468","A2":"대구 남구 봉덕로 87(봉덕동)","A3":"대구 남구 봉덕동 554-28","A4":"2720010200105540028","A5":"356","A6":"대구청","A7":"대구남부","A8":"봉천","A9":"지구대","A10":"053-650-2301","A11":"대구광역시 남구  봉덕로 87"}},
{"type":"Feature","geometry":{"type":"Point","coordinates":[342652.0454,362695.5044]},"properties":{"A0":"128.57912233699284","A1":"35.85128864600257","A2":"대구 남구 양지로 100(대명동)","A3":"대구 남구 대명동 2152-7","A4":"2720010300121520007","A5":"357","A6":"대구청","A7":"대구남부","A8":"동대명","A9":"지구대","A10":"053-650-2302","A11":"대구광역시 남구  양지로 100"}},
{"type":"Feature","geometry":{"type":"Point","coordinates":[342536.5638,360968.2609]},"properties":{"A0":"128.57753618382333","A1":"35.83574444324304","A2":"대구 남구 대명남로 177(대명동)","A3":"대구 남구 대명동 735-2","A4":"2720010300107350002","A5":"358","A6":"대구청","A7":"대구남부","A8":"서대명","A9":"파출소","A10":"053-650-2303","A11":"대구광역시 남구 대명남로 177"}},
{"type":"Feature","geometry":{"type":"Point","coordinates":[341587.8181,362108.5249]},"properties":{"A0":"128.56724557585858","A1":"35.84615712606","A2":"대구 남구 두류공원로 113(대명동)","A3":"대구 남구 대명동 3047-11","A4":"2720010300130470011","A5":"359","A6":"대구청","A7":"대구남부","A8":"대명","A9":"파출소","A10":"053-650-2304","A11":"대구광역시 남구  두류공원로 113"}},
{"type":"Feature","geometry":{"type":"Point","coordinates":[341341.1879,360885.1207]},"properties":{"A0":"128.56429597077258","A1":"35.83516948184031","A2":"대구 남구 대명남로 55(대명동)","A3":"대구 남구 대명동 3073","A4":"2720010300130730000","A5":"360","A6":"대구청","A7":"대구남부","A8":"남대명","A9":"파출소","A10":"053-650-2305","A11":"대구광역시 남구  대명남로 55"}},
{"type":"Feature","geometry":{"type":"Point","coordinates":[342606.445,367893.4578]},"properties":{"A0":"128.57954783887772","A1":"35.89812626008515","A2":"대구 북구 오봉로 122(침산동)","A3":"대구 북구 침산동 1055-2","A4":"2723010600110550002","A5":"361","A6":"대구청","A7":"대구북부","A8":"노원","A9":"지구대","A10":"053-380-5302","A11":"대구광역시 북구  오봉로 122"}},
{"type":"Feature","geometry":{"type":"Point","coordinates":[346084.9409,367510.7251]},"properties":{"A0":"128.61799217814712","A1":"35.894163264358866","A2":"대구 북구 경진로1길 50(복현동)","A3":"대구 북구 복현동 431-1","A4":"2723011200104310001","A5":"362","A6":"대구청","A7":"대구북부","A8":"복현","A9":"지구대","A10":"053-380-5303","A11":"대구광역시 북구  경진로1길 50"}},
{"type":"Feature","geometry":{"type":"Point","coordinates":[343518.536,365716.9239]},"properties":{"A0":"128.58925484381555","A1":"35.87838260304949","A2":"대구 북구 침산로 24(칠성동2가)","A3":"대구 북구 칠성동2가 87","A4":"2723010200100870000","A5":"363","A6":"대구청","A7":"대구북부","A8":"고성","A9":"지구대","A10":"053-380-5301","A11":"대구광역시 북구  침산로 24"}},
{"type":"Feature","geometry":{"type":"Point","coordinates":[200124.0126,554060.1447]},"properties":{"A0":"127.00140406793108","A1":"37.586099698487075","A2":"서울 종로구 창경궁로 279(혜화동)","A3":"서울 종로구 혜화동 92-1","A4":"1111016900100920001","A5":"36","A6":"서울청","A7":"서울혜화","A8":"혜화","A9":"파출소","A10":"02-762-0811","A11":"서울특별시 종로구  창경궁로 279"}},
{"type":"Feature","geometry":{"type":"Point","coordinates":[344000.184,367499.0639]},"properties":{"A0":"128.59490788659744","A1":"35.89436560463861","A2":"대구 북구 연암로 114(산격동)","A3":"대구 북구 산격동 840-1","A4":"2723011100108400001","A5":"364","A6":"대구청","A7":"대구북부","A8":"산격","A9":"지구대","A10":"053-380-5304","A11":"대구광역시 북구  연암로 114"}},
{"type":"Feature","geometry":{"type":"Point","coordinates":[354175.373,362118.5554]},"properties":{"A0":"128.70652241960582","A1":"35.84434733758218","A2":"대구 수성구 고산로 150(매호동)","A3":"대구 수성구 매호동 1325-7","A4":"2726011500113250007","A5":"365","A6":"대구청","A7":"대구수성","A8":"고산","A9":"지구대","A10":"053-600-6303","A11":"대구광역시 수성구  고산로 150"}},
{"type":"Feature","geometry":{"type":"Point","coordinates":[347699.0485,361653.6045]},"properties":{"A0":"128.63477860191034","A1":"35.841154145740646","A2":"대구 수성구 청수로 245(황금동)","A3":"대구 수성구 황금동 148-5","A4":"2726010700101480005","A5":"366","A6":"대구청","A7":"대구수성","A8":"황금","A9":"지구대","A10":"053-600-6318","A11":"대구광역시 수성구  청수로 245"}},
{"type":"Feature","geometry":{"type":"Point","coordinates":[348908.3156,364704.3939]},"properties":{"A0":"128.64872732497733","A1":"35.868456362907295","A2":"대구 수성구 무열로 111(만촌동)","A3":"대구 수성구 만촌동 977-11","A4":"2726010200109770011","A5":"367","A6":"대구청","A7":"대구수성","A8":"만촌","A9":"지구대","A10":"053-600-6305","A11":"대구광역시 수성구  무열로 111"}},
{"type":"Feature","geometry":{"type":"Point","coordinates":[346132.7895,360901.5377]},"properties":{"A0":"128.61731147929612","A1":"35.83461436248895","A2":"대구 수성구 들안로 54(두산동)","A3":"대구 수성구 두산동 138-8","A4":"2726011100101380008","A5":"368","A6":"대구청","A7":"대구수성","A8":"상동","A9":"지구대","A10":"053-600-6312","A11":"대구광역시 수성구  들안로 54"}},
{"type":"Feature","geometry":{"type":"Point","coordinates":[347963.7145,359673.6757]},"properties":{"A0":"128.63733963219966","A1":"35.82332501819407","A2":"대구 수성구 지범로 155(지산동)","A3":"대구 수성구 지산동 1277-16","A4":"2726011200112770016","A5":"369","A6":"대구청","A7":"대구수성","A8":"지산","A9":"지구대","A10":"053-600-6315","A11":"대구광역시 수성구  지범로 155"}},
{"type":"Feature","geometry":{"type":"Point","coordinates":[346793.7123,363568.9155]},"properties":{"A0":"128.62511395503716","A1":"35.85854491324223","A2":"대구 수성구 동대구로 313(범어동)","A3":"대구 수성구 범어동 563-8","A4":"2726010100105630008","A5":"370","A6":"대구청","A7":"대구수성","A8":"범어","A9":"지구대","A10":"053-600-6307","A11":"대구광역시 수성구  동대구로 313"}},
{"type":"Feature","geometry":{"type":"Point","coordinates":[346566.6966,358016.905]},"properties":{"A0":"128.62158423990127","A1":"35.80855968739192","A2":"대구 수성구 파동로2길 30(파동)","A3":"대구 수성구 파동 473-4","A4":"2726011000104730004","A5":"371","A6":"대구청","A7":"대구수성","A8":"파동","A9":"파출소","A10":"053-600-6317","A11":"대구광역시 수성구  파동로 2길 30"}},
{"type":"Feature","geometry":{"type":"Point","coordinates":[337967.2509,358498.128]},"properties":{"A0":"128.5265553947121","A1":"35.81414462107111","A2":"대구 달서구 월배로 108(진천동)","A3":"대구 달서구 진천동 526-10","A4":"2729011700105260010","A5":"372","A6":"대구청","A7":"대구달서","A8":"월배","A9":"지구대","A10":"053-632-0112","A11":"대구광역시 달서구  월배로 108"}},
{"type":"Feature","geometry":{"type":"Point","coordinates":[339652.1109,358508.1146]},"properties":{"A0":"128.54519300245792","A1":"35.81399498405277","A2":"대구 달서구 상인서로 36(상인동)","A3":"대구 달서구 상인동 1528-2","A4":"2729011500115280002","A5":"373","A6":"대구청","A7":"대구달서","A8":"상인","A9":"지구대","A10":"053-638-0112","A11":"대구광역시 달서구  상인서로 36"}},
{"type":"Feature","geometry":{"type":"Point","coordinates":[200533.4213,553229.9618]},"properties":{"A0":"127.00603877880732","A1":"37.57861965926283","A2":"서울 종로구 이화장2길 33(동숭동)","A3":"서울 종로구 동숭동 201-10","A4":"1111016800102010010","A5":"37","A6":"서울청","A7":"서울혜화","A8":"대학로","A9":"파출소","A10":"02-763-1230","A11":"서울특별시 종로구  이화장2길 33"}},
{"type":"Feature","geometry":{"type":"Point","coordinates":[339748.3538,360694.3227]},"properties":{"A0":"128.54663969386962","A1":"35.83367751651366","A2":"대구 달서구 학산로 184(송현동)","A3":"대구 달서구 송현동 500-13","A4":"2729012200105000013","A5":"374","A6":"대구청","A7":"대구달서","A8":"송현","A9":"지구대","A10":"053-631-0112","A11":"대구광역시 달서구  학산로 184"}},
{"type":"Feature","geometry":{"type":"Point","coordinates":[338083.5358,360346.5588]},"properties":{"A0":"128.52814355994786","A1":"35.83078234259219","A2":"대구 달서구 월성로 69(월성동)","A3":"대구 달서구 월성동 86-2","A4":"2729012000100860002","A5":"375","A6":"대구청","A7":"대구달서","A8":"월성","A9":"파출소","A10":"053-635-0112","A11":"대구광역시 달서구  월성로 69"}},
{"type":"Feature","geometry":{"type":"Point","coordinates":[338192.3024,357272.6251]},"properties":{"A0":"128.52883002909005","A1":"35.80307054296047","A2":"대구 달서구 갈밭로 51(대곡동)","A3":"대구 달서구 대곡동 1094","A4":"2729012300110940000","A5":"376","A6":"대구청","A7":"대구달서","A8":"대곡","A9":"파출소","A10":"053-662-6333","A11":"대구광역시 달서구  갈밭로 51"}},
{"type":"Feature","geometry":{"type":"Point","coordinates":[335407.8071,363417.2739]},"properties":{"A0":"128.49907816141","A1":"35.85881843267963","A2":"대구 달서구 선원로 62(신당동)","A3":"대구 달서구 신당동 1749-2","A4":"2729010700117490002","A5":"377","A6":"대구청","A7":"대구성서","A8":"신당","A9":"지구대","A10":"053-609-0301","A11":"대구광역시 달서구  선원로 62"}},
{"type":"Feature","geometry":{"type":"Point","coordinates":[338281.9773,363202.3529]},"properties":{"A0":"128.53085031744337","A1":"35.856480964569485","A2":"대구 달서구 용산로 212(용산동)","A3":"대구 달서구 용산동 934-5","A4":"2729011100109340005","A5":"378","A6":"대구청","A7":"대구성서","A8":"죽전","A9":"파출소","A10":"053-609-0303","A11":"대구광역시 달서구  용산로 212"}},
{"type":"Feature","geometry":{"type":"Point","coordinates":[339769.3244,361535.3709]},"properties":{"A0":"128.54701884133664","A1":"35.841252012762055","A2":"대구 달서구 구마로39길 83-16(성당동)","A3":"대구 달서구 성당동 836","A4":"2729010100108360000","A5":"379","A6":"대구청","A7":"대구성서","A8":"성당","A9":"파출소","A10":"053-609-0313","A11":"대구광역시 달서구  구마로39길 83-16"}},
{"type":"Feature","geometry":{"type":"Point","coordinates":[340732.3086,362855.3475]},"properties":{"A0":"128.55790556869005","A1":"35.853007742167875","A2":"대구 달서구 야외음악당로 202(두류동)","A3":"대구 달서구 두류동 532-8","A4":"2729010200105320008","A5":"380","A6":"대구청","A7":"대구성서","A8":"두류3동","A9":"파출소","A10":"053-609-0312","A11":"대구광역시 달서구  야외음악당로 202"}},
{"type":"Feature","geometry":{"type":"Point","coordinates":[336631.2648,362578.8545]},"properties":{"A0":"128.51247494728207","A1":"35.85109507100216","A2":"대구 달서구 달구벌대로 1327(이곡동)","A3":"대구 달서구 이곡동 735-1","A4":"2729010800107350001","A5":"381","A6":"대구청","A7":"대구성서","A8":"성서","A9":"파출소","A10":"053-609-0316","A11":"대구광역시 달서구  달구벌대로 1327"}},
{"type":"Feature","geometry":{"type":"Point","coordinates":[337539.3405,363414.07]},"properties":{"A0":"128.52266805451325","A1":"35.85849285528816","A2":"대구 달서구 선원로 276(용산동)","A3":"대구 달서구 용산동 499-15","A4":"2729011100104990015","A5":"382","A6":"대구청","A7":"대구성서","A8":"용산","A9":"파출소","A10":"053-609-0315","A11":"대구광역시 달서구  선원로 276"}},
{"type":"Feature","geometry":{"type":"Point","coordinates":[341340.6752,363254.6681]},"properties":{"A0":"128.56470967769948","A1":"35.85651613203975","A2":"대구 달서구 야외음악당로 280(두류동)","A3":"대구 달서구 두류동 131-26","A4":"2729010200101310026","A5":"383","A6":"대구청","A7":"대구성서","A8":"두류","A9":"파출소","A10":"053-609-0311","A11":"대구광역시 달서구  야외음악당로 280"}},
{"type":"Feature","geometry":{"type":"Point","coordinates":[199788.6706,554412.7791]},"properties":{"A0":"126.99760723197804","A1":"37.58927689193713","A2":"서울 종로구 성균관로 78(명륜1가)","A3":"서울 종로구 명륜1가 27-55","A4":"1111017000100270055","A5":"38","A6":"서울청","A7":"서울혜화","A8":"명륜","A9":"파출소","A10":"02-762-1120","A11":"서울특별시 종로구  성균관로 78"}},
{"type":"Feature","geometry":{"type":"Point","coordinates":[339325.1937,362694.5265]},"properties":{"A0":"128.54230686579513","A1":"35.851758124438746","A2":"대구 달서구 달구벌대로 1606(감삼동)","A3":"대구 달서구 감삼동 100-8","A4":"2729011300101000008","A5":"384","A6":"대구청","A7":"대구성서","A8":"감삼","A9":"파출소","A10":"053-609-0318","A11":"대구광역시 달서구  달구벌대로 1606"}},
{"type":"Feature","geometry":{"type":"Point","coordinates":[346722.6688,357077.3949]},"properties":{"A0":"128.62313683424338","A1":"35.80007302705438","A2":"대구 달성군 가창면 가창로 1076","A3":"대구 달성군 가창면 용계리 565-82","A4":"2771031021105650082","A5":"385","A6":"대구청","A7":"대구달성","A8":"가창","A9":"파출소","A10":"053-660-8131","A11":"대구광역시 달성군 가창면 가창로 1076"}},
{"type":"Feature","geometry":{"type":"Point","coordinates":[331354.1513,349099.7824]},"properties":{"A0":"128.4518637232984","A1":"35.73037317851967","A2":"대구 달성군 논공읍 논공중앙로33길 7","A3":"대구 달성군 논공읍 북리 1-129","A4":"2771025328100010129","A5":"386","A6":"대구청","A7":"대구달성","A8":"공단","A9":"파출소","A10":"053-660-8132","A11":"대구광역시 달성군 논공읍 논공중앙로33길 7"}},
{"type":"Feature","geometry":{"type":"Point","coordinates":[328475.9893,353935.6536]},"properties":{"A0":"128.42083640627106","A1":"35.77432362383887","A2":"대구 달성군 논공읍 비슬로 1788","A3":"대구 달성군 논공읍 금포리 1809-1","A4":"2771025322118090001","A5":"387","A6":"대구청","A7":"대구달성","A8":"논공","A9":"파출소","A10":"053-660-8304","A11":"대구광역시 달성군 논공읍 비슬로 1788"}},
{"type":"Feature","geometry":{"type":"Point","coordinates":[327812.0743,341216.2333]},"properties":{"A0":"128.4114754010929","A1":"35.659810208043936","A2":"대구 달성군 구지면 창리로11길 51","A3":"대구 달성군 구지면 창리 372-1","A4":"2771038021103720001","A5":"388","A6":"대구청","A7":"대구달성","A8":"구지","A9":"파출소","A10":"053-660-8303","A11":"대구광역시 달성군 구지면 창리로11길 51"}},
{"type":"Feature","geometry":{"type":"Point","coordinates":[334678.9515,356746.7781]},"properties":{"A0":"128.48988746979154","A1":"35.79882107744642","A2":"대구 달성군 화원읍 비슬로 2480","A3":"대구 달성군 화원읍 설화리 1102-1","A4":"2771025024111020001","A5":"389","A6":"대구청","A7":"대구달성","A8":"화남","A9":"파출소","A10":"053-660-8311","A11":"대구광역시 달성군 화원읍 비슬로 2480"}},
{"type":"Feature","geometry":{"type":"Point","coordinates":[336228.9187,357181.7961]},"properties":{"A0":"128.5071028832935","A1":"35.802526374636145","A2":"대구 달성군 화원읍 명천로 100","A3":"대구 달성군 화원읍 본리리 56-8","A4":"2771025026100560008","A5":"390","A6":"대구청","A7":"대구달성","A8":"화원","A9":"파출소","A10":"053-660-8312","A11":"대구광역시 달성군 화원읍 명천로 100"}},
{"type":"Feature","geometry":{"type":"Point","coordinates":[333081.6944,355811.9485]},"properties":{"A0":"128.47206625356125","A1":"35.79061529636384","A2":"대구 달성군 옥포읍 비슬로 2294","A3":"대구 달성군 옥포읍 기세리 145-6","A4":"2771026226101450006","A5":"391","A6":"대구청","A7":"대구달성","A8":"옥포","A9":"파출소","A10":"053-660-8136","A11":"대구광역시 달성군 옥포읍 비슬로 2294"}},
{"type":"Feature","geometry":{"type":"Point","coordinates":[333024.8744,364988.2323]},"properties":{"A0":"128.47296691964377","A1":"35.87329829000049","A2":"대구 달성군 다사읍 세천로 100","A3":"대구 달성군 다사읍 세천리 1689-1","A4":"2771025626116890001","A5":"392","A6":"대구청","A7":"대구달성","A8":"다사","A9":"지구대","A10":"053-660-8305","A11":"대구광역시 달성군 다사읍 세천로 100"}},
{"type":"Feature","geometry":{"type":"Point","coordinates":[330683.4721,345244.7023]},"properties":{"A0":"128.44382876148353","A1":"35.69573047595554","A2":"대구 달성군 현풍읍 현풍중앙로 70","A3":"대구 달성군 현풍읍 하리 60-1","A4":"2771026524100600001","A5":"393","A6":"대구청","A7":"대구달성","A8":"현풍","A9":"파출소","A10":"053-660-8139","A11":"대구광역시 달성군 현풍읍 현풍중앙로 70"}},
{"type":"Feature","geometry":{"type":"Point","coordinates":[201206.2468,553214.1424]},"properties":{"A0":"127.01365570193819","A1":"37.578476466133374","A2":"서울 종로구 지봉로13길 20-12(창신동)","A3":"서울 종로구 창신동 23-875","A4":"1111017400100230875","A5":"39","A6":"서울청","A7":"서울혜화","A8":"창신","A9":"파출소","A10":"02-763-4200","A11":"서울특별시 종로구  지봉로13길 20-12"}},
{"type":"Feature","geometry":{"type":"Point","coordinates":[332073.7013,345056.7186]},"properties":{"A0":"128.4591515472837","A1":"35.69384814775386","A2":"대구 달성군 유가읍 테크노상업로 99","A3":"대구 달성군 유가읍 봉리 599-4","A4":"2771025924105990004","A5":"394","A6":"대구청","A7":"대구달성","A8":"유가","A9":"파출소","A10":"053-660-8307","A11":"대구광역시 달성군 유가읍 테크노상업로 99"}},
{"type":"Feature","geometry":{"type":"Point","coordinates":[328401.3988,365282.4022]},"properties":{"A0":"128.42183384460586","A1":"35.87656539300232","A2":"대구 달성군 하빈면 달구벌대로55길 58-4","A3":"대구 달성군 하빈면 동곡리 72-1","A4":"2771033028100720001","A5":"395","A6":"대구청","A7":"대구달성","A8":"하빈","A9":"파출소","A10":"053-660-8308","A11":"대구광역시 달성군 하빈면 달구벌대로 55길 58-4"}},
{"type":"Feature","geometry":{"type":"Point","coordinates":[340604.721,371611.0376]},"properties":{"A0":"128.55803961857555","A1":"35.93190469979956","A2":"대구 북구 구암로 157(동천동)","A3":"대구 북구 동천동 876-2","A4":"2723012400108760002","A5":"396","A6":"대구청","A7":"대구강북","A8":"동천","A9":"지구대","A10":"053-380-3192","A11":"대구광역시 북구  구암로 157"}},
{"type":"Feature","geometry":{"type":"Point","coordinates":[341634.5634,372932.0973]},"properties":{"A0":"128.56968296180838","A1":"35.94365865548694","A2":"대구 북구 동암로 171(국우동)","A3":"대구 북구 국우동 1099-7","A4":"2723012200110990007","A5":"397","A6":"대구청","A7":"대구강북","A8":"강북","A9":"지구대","A10":"053-380-3191","A11":"대구광역시 북구  동암로 171"}},
{"type":"Feature","geometry":{"type":"Point","coordinates":[344127.0938,370471.0766]},"properties":{"A0":"128.59685113277533","A1":"35.92112357806924","A2":"대구 북구 서변로 62(서변동)","A3":"대구 북구 서변동 1776","A4":"2723011500117760000","A5":"398","A6":"대구청","A7":"대구강북","A8":"무태","A9":"파출소","A10":"053-380-3193","A11":"대구광역시 북구  서변로 62"}},
{"type":"Feature","geometry":{"type":"Point","coordinates":[337324.8063,367614.3901]},"properties":{"A0":"128.52101912154077","A1":"35.89636715763764","A2":"대구 북구 한강로 103(금호동)","A3":"대구 북구 금호동 726","A4":"2723012900107260000","A5":"399","A6":"대구청","A7":"대구강북","A8":"관문","A9":"파출소","A10":"053-380-3190","A11":"대구광역시 북구 한강로 103"}},
{"type":"Feature","geometry":{"type":"Point","coordinates":[349995.9808,390300.4606]},"properties":{"A0":"128.66560562303908","A1":"36.098874082212646","A2":"대구 군위군 부계면 창평길 29","A3":"대구 군위군 부계면 창평리 1011-1","A4":"2772033021110110001","A5":"400","A6":"대구청","A7":"대구군위","A8":"부계","A9":"파출소","A10":"054-380-0314","A11":"대구광역시 군위군 부계면 창평길 29"}},
{"type":"Feature","geometry":{"type":"Point","coordinates":[354492.2242,398849.91]},"properties":{"A0":"128.71719502319178","A1":"36.17518736236886","A2":"대구 군위군 의흥면 읍내6길 7","A3":"대구 군위군 의흥면 읍내리 359-2","A4":"2772035021103590002","A5":"401","A6":"대구청","A7":"대구군위","A8":"의흥","A9":"파출소","A10":"054-380-0317","A11":"대구광역시 군위군 의흥면 읍내6길 7"}},
{"type":"Feature","geometry":{"type":"Point","coordinates":[340805.1791,405261.3244]},"properties":{"A0":"128.56626221961955","A1":"36.235025803771364","A2":"대구 군위군 군위읍 중앙길 73","A3":"대구 군위군 군위읍 서부리 263-1","A4":"2772025022102630001","A5":"402","A6":"대구청","A7":"대구군위","A8":"중앙","A9":"파출소","A10":"054-380-0311","A11":"대구광역시 군위군 군위읍 중앙길 73"}},
{"type":"Feature","geometry":{"type":"Point","coordinates":[342818.5772,396528.8931]},"properties":{"A0":"128.58706411375726","A1":"36.15606623360905","A2":"대구 군위군 효령면 치산효령로 2383","A3":"대구 군위군 효령면 중구리 194-2","A4":"2772032027101940002","A5":"403","A6":"대구청","A7":"대구군위","A8":"효령","A9":"파출소","A10":"054-380-0313","A11":"대구광역시 군위군 효령면 치산효령로 2383"}},
{"type":"Feature","geometry":{"type":"Point","coordinates":[201510.5361,552567.223]},"properties":{"A0":"127.01709914424922","A1":"37.57264733401915","A2":"서울 종로구 종로58가길 19(숭인동) 동묘파출소","A3":"서울 종로구 숭인동 242-7","A4":"1111017500102420007","A5":"40","A6":"서울청","A7":"서울혜화","A8":"동묘","A9":"파출소","A10":"02-2252-0547","A11":"서울특별시 종로구  종로58가길 19 동묘파출소"}},
{"type":"Feature","geometry":{"type":"Point","coordinates":[167434.6782,540387.9779]},"properties":{"A0":"126.6319055376615","A1":"37.46234059755819","A2":"인천 중구 서해대로 399(항동7가)","A3":"인천 중구 항동7가 1-28","A4":"2811011800100010028","A5":"404","A6":"인천청","A7":"인천중부","A8":"신흥","A9":"지구대","A10":"032-760-8303","A11":"인천광역시 중구 서해대로 399"}},
{"type":"Feature","geometry":{"type":"Point","coordinates":[168192.3906,541654.4295]},"properties":{"A0":"126.64041594772807","A1":"37.4737754509256","A2":"인천 동구 송림로 46-1(송림동)","A3":"인천 동구 송림동 229-3","A4":"2814010700102290003","A5":"405","A6":"인천청","A7":"인천중부","A8":"송림","A9":"지구대","A10":"032-760-8302","A11":"인천광역시 동구 송림로 46-1"}},
{"type":"Feature","geometry":{"type":"Point","coordinates":[166176.4745,541842.6252]},"properties":{"A0":"126.61761713438425","A1":"37.47540106707273","A2":"인천 중구 제물량로 266(북성동2가)","A3":"인천 중구 북성동2가 13-1","A4":"2811013900100130001","A5":"406","A6":"인천청","A7":"인천중부","A8":"하인천","A9":"지구대","A10":"032-760-8301","A11":"인천광역시 중구 제물량로 266"}},
{"type":"Feature","geometry":{"type":"Point","coordinates":[154760.487,543905.8692]},"properties":{"A0":"126.48843416533023","A1":"37.49350208601585","A2":"인천 중구 흰바위로27번길 12(운서동)","A3":"인천 중구 운서동 2792-2","A4":"2811014700127920002","A5":"407","A6":"인천청","A7":"인천중부","A8":"공항","A9":"지구대","A10":"032-760-8304","A11":"인천광역시 중구 흰바위로27번길 12"}},
{"type":"Feature","geometry":{"type":"Point","coordinates":[164866.8345,539711.6416]},"properties":{"A0":"126.60291327714266","A1":"37.45615216515149","A2":"인천 중구 연안부두로 22(항동7가)","A3":"인천 중구 항동7가 60","A4":"2811011800100600000","A5":"408","A6":"인천청","A7":"인천중부","A8":"연안","A9":"파출소","A10":"032-760-8308","A11":"인천광역시 중구 연안부두로 22"}},
{"type":"Feature","geometry":{"type":"Point","coordinates":[155570.4192,517543.4337]},"properties":{"A0":"126.49917431900758","A1":"37.256018140909994","A2":"인천 옹진군 영흥면 영흥북로 29","A3":"인천 옹진군 영흥면 내리 8-21","A4":"2872036022100080021","A5":"409","A6":"인천청","A7":"인천중부","A8":"영흥","A9":"파출소","A10":"032-760-8311","A11":"인천광역시 옹진군 영흥면 영흥북로 29"}},
{"type":"Feature","geometry":{"type":"Point","coordinates":[149346.5507,548395.9816]},"properties":{"A0":"126.42690721018731","A1":"37.5336745763","A2":"인천 옹진군 북도면 시도로61번길 91","A3":"인천 옹진군 북도면 시도리 319","A4":"2872031021103190000","A5":"410","A6":"인천청","A7":"인천중부","A8":"북도","A9":"파출소","A10":"032-760-8312","A11":"인천광역시 옹진군 시도로 61번길 91"}},
{"type":"Feature","geometry":{"type":"Point","coordinates":[-926.2467,582953.8811]},"properties":{"A0":"124.71797696928971","A1":"37.8243109744242","A2":"인천 옹진군 대청면 대청로7번길 9","A3":"인천 옹진군 대청면 대청리 384-1","A4":"2872034021103840001","A5":"411","A6":"인천청","A7":"인천중부","A8":"대청","A9":"파출소","A10":"032-760-8315","A11":"인천광역시 옹진군 대청로 7번길 9"}},
{"type":"Feature","geometry":{"type":"Point","coordinates":[85594.5868,563020.8309]},"properties":{"A0":"125.7034552714121","A1":"37.65970809361964","A2":"인천 옹진군 연평면 연평로137번길 5","A3":"인천 옹진군 연평면 연평리 325-125","A4":"2872038021103250125","A5":"412","A6":"인천청","A7":"인천중부","A8":"연평","A9":"파출소","A10":"032-760-8314","A11":"인천광역시 옹진군 연평면 연평로137번길 5"}},
{"type":"Feature","geometry":{"type":"Point","coordinates":[-258.9712,599533.7692]},"properties":{"A0":"124.72094968552125","A1":"37.97371442245759","A2":"인천 옹진군 백령면 백령로278번길 57","A3":"인천 옹진군 백령면 진촌리 890-1","A4":"2872033021108900001","A5":"413","A6":"인천청","A7":"인천중부","A8":"백령","A9":"파출소","A10":"032-760-8316","A11":"인천광역시 옹진군 백령면 백령로278번길 57"}},
{"type":"Feature","geometry":{"type":"Point","coordinates":[200427.0285,551030.6738]},"properties":{"A0":"127.00483305327396","A1":"37.55880421774336","A2":"서울 중구 동호로 261(장충동2가)","A3":"서울 중구 장충동2가 196-1","A4":"1114014400101960001","A5":"5","A6":"서울청","A7":"서울중부","A8":"장충","A9":"파출소","A10":"02-2274-9003","A11":"서울특별시 중구  동호로 261"}},
{"type":"Feature","geometry":{"type":"Point","coordinates":[200930.181,552939.9502]},"properties":{"A0":"127.01053006276751","A1":"37.5760063504004","A2":"서울 종로구 창신길 98(창신동)","A3":"서울 종로구 창신동 594-8","A4":"1111017400105940008","A5":"41","A6":"서울청","A7":"서울혜화","A8":"덕산","A9":"파출소","A10":"02-763-6843","A11":"서울특별시 종로구  창신길 98"}},
{"type":"Feature","geometry":{"type":"Point","coordinates":[147019.48,538524.9474]},"properties":{"A0":"126.40130648770209","A1":"37.44463664769228","A2":"인천 중구 마시란로 314-20(남북동)","A3":"인천 중구 남북동산 94-9","A4":"2811015000200940009","A5":"415","A6":"인천청","A7":"인천중부","A8":"용유","A9":"파출소","A10":"032-760-8309","A11":"인천광역시 중구 마시란로 314-20"}},
{"type":"Feature","geometry":{"type":"Point","coordinates":[167893.3327,542585.5296]},"properties":{"A0":"126.6369939342645","A1":"37.48215554230488","A2":"인천 동구 수문통로 77(송현동)","A3":"인천 동구 송현동 66-775","A4":"2814010300100660775","A5":"416","A6":"인천청","A7":"인천중부","A8":"송현","A9":"파출소","A10":"032-760-8305","A11":"인천광역시 동구  수문통로 77"}},
{"type":"Feature","geometry":{"type":"Point","coordinates":[167422.0593,541932.5663]},"properties":{"A0":"126.63169565020105","A1":"37.47625527798705","A2":"인천 중구 참외전로 119(인현동)","A3":"인천 중구 인현동 1-1","A4":"2811013600100010001","A5":"417","A6":"인천청","A7":"인천중부","A8":"동인천","A9":"파출소","A10":"032-760-8306","A11":"인천광역시 중구  참외전로 119"}},
{"type":"Feature","geometry":{"type":"Point","coordinates":[168618.6952,542332.0198]},"properties":{"A0":"126.64520573572727","A1":"37.47989647988887","A2":"인천 동구 샛골로 195(송현동)","A3":"인천 동구 송현동 12-62","A4":"2814010300100120062","A5":"418","A6":"인천청","A7":"인천중부","A8":"서흥","A9":"파출소","A10":"032-760-8307","A11":"인천광역시 동구  샛골로 195"}},
{"type":"Feature","geometry":{"type":"Point","coordinates":[160651.0867,543345.7353]},"properties":{"A0":"126.55507269228704","A1":"37.48872504588368","A2":"인천 중구 하늘달빛로 118(중산동)","A3":"인천 중구 중산동 1878-8","A4":"2811014500118780008","A5":"419","A6":"인천청","A7":"인천중부","A8":"영종","A9":"지구대","A10":"032-760-8319","A11":"인천광역시 중구 하늘달빛로 118"}},
{"type":"Feature","geometry":{"type":"Point","coordinates":[171206.1198,537885.644]},"properties":{"A0":"126.67463207800154","A1":"37.43991902408091","A2":"인천 미추홀구 학익소로63번길 92(학익동)","A3":"인천 미추홀구 학익동 52-19","A4":"2817710300100520019","A5":"420","A6":"인천청","A7":"인천미추홀","A8":"학동","A9":"지구대","A10":"032-717-9301","A11":"미추홀구 학익소로63번길 92"}},
{"type":"Feature","geometry":{"type":"Point","coordinates":[170023.9768,541226.0275]},"properties":{"A0":"126.66113842877593","A1":"37.469978483330294","A2":"인천 미추홀구 숙골로87번길 22(도화동)","A3":"인천 미추홀구 도화동 997-6","A4":"2817710400109970006","A5":"422","A6":"인천청","A7":"인천미추홀","A8":"도화","A9":"지구대","A10":"032-717-9305","A11":"인천 미추홀구 숙골로87번길 22"}},
{"type":"Feature","geometry":{"type":"Point","coordinates":[171485.6267,540605.469]},"properties":{"A0":"126.67768528827825","A1":"37.46443323703858","A2":"인천 미추홀구 주안로 71(주안동)","A3":"인천 미추홀구 주안동 263-1","A4":"2817710500102630001","A5":"423","A6":"인천청","A7":"인천미추홀","A8":"주안역","A9":"지구대","A10":"032-717-9307","A11":"인천광역시 미추홀구 주안로 71"}},
{"type":"Feature","geometry":{"type":"Point","coordinates":[173139.696,538378.779]},"properties":{"A0":"126.69646305192137","A1":"37.44442024868312","A2":"인천 미추홀구 인하로 448(관교동)","A3":"인천 미추홀구 관교동 13-12","A4":"2817710600100130012","A5":"424","A6":"인천청","A7":"인천미추홀","A8":"주안","A9":"지구대","A10":"032-717-9059","A11":"인천 미추홀구 인하로448"}},
{"type":"Feature","geometry":{"type":"Point","coordinates":[172122.204,537588.3292]},"properties":{"A0":"126.68499479411037","A1":"37.43726794636185","A2":"인천 미추홀구 소성로 340(문학동)","A3":"인천 미추홀구 문학동 390-1","A4":"2817710700103900001","A5":"425","A6":"인천청","A7":"인천미추홀","A8":"문학","A9":"지구대","A10":"032-717-9313","A11":"인천 미추홀구 소성로 340"}},
{"type":"Feature","geometry":{"type":"Point","coordinates":[200143.1515,552357.4109]},"properties":{"A0":"127.00162042537788","A1":"37.57075816395766","A2":"서울 종로구 동호로 407(종로5가)","A3":"서울 종로구 종로5가 138-1","A4":"1111016300101380001","A5":"42","A6":"서울청","A7":"서울혜화","A8":"종로5가","A9":"파출소","A10":"02-2267-2287","A11":"서울특별시 종로구  동호로 407"}},
{"type":"Feature","geometry":{"type":"Point","coordinates":[170768.6764,538843.6217]},"properties":{"A0":"126.66965115705588","A1":"37.4485368122192","A2":"인천 미추홀구 인하로 196(주안동)","A3":"인천 미추홀구 주안동 748-1","A4":"2817710500107480001","A5":"426","A6":"인천청","A7":"인천미추홀","A8":"주안2","A9":"파출소","A10":"032-717-9319","A11":"인천 미추홀구 인하로 196"}},
{"type":"Feature","geometry":{"type":"Point","coordinates":[167975.098,539653.6721]},"properties":{"A0":"126.63804561700093","A1":"37.45574251507265","A2":"인천 미추홀구 용오로 24(용현동)","A3":"인천 미추홀구 용현동 623-10","A4":"2817710200106230010","A5":"427","A6":"인천청","A7":"인천미추홀","A8":"용오","A9":"파출소","A10":"032-717-9315","A11":"미추홀구 용오로 24"}},
{"type":"Feature","geometry":{"type":"Point","coordinates":[176437.3633,540263.2754]},"properties":{"A0":"126.7336680063419","A1":"37.46148945852922","A2":"인천 남동구 만수서로 68(만수동)","A3":"인천 남동구 만수동 1119-2","A4":"2820010300111190002","A5":"429","A6":"인천청","A7":"인천남동","A8":"만수","A9":"지구대","A10":"032-718-9311","A11":"인천 남동구 만수서로 68"}},
{"type":"Feature","geometry":{"type":"Point","coordinates":[174873.0384,538230.621]},"properties":{"A0":"126.71605564027277","A1":"37.44313357184528","A2":"인천 남동구 인하로 623(구월동)","A3":"인천 남동구 구월동 1516","A4":"2820010100115160000","A5":"430","A6":"인천청","A7":"인천남동","A8":"구월","A9":"지구대","A10":"032-718-9303","A11":"인천 남동구 인하로 623"}},
{"type":"Feature","geometry":{"type":"Point","coordinates":[174398.6743,540027.6348]},"properties":{"A0":"126.7106331832228","A1":"37.45930750298536","A2":"인천 남동구 석산로 176(간석동)","A3":"인천 남동구 간석동 939-1","A4":"2820010200109390001","A5":"431","A6":"인천청","A7":"인천남동","A8":"간석","A9":"지구대","A10":"032-718-9305","A11":"인천 남동구 석산로 176"}},
{"type":"Feature","geometry":{"type":"Point","coordinates":[174786.6191,539661.8474]},"properties":{"A0":"126.71503012775858","A1":"37.45602669099445","A2":"인천 남동구 용천로 74(구월동)","A3":"인천 남동구 구월동 24-1","A4":"2820010100100240001","A5":"432","A6":"인천청","A7":"인천남동","A8":"정각","A9":"지구대","A10":"032-718-9302","A11":"인천 남동구 용천로74"}},
{"type":"Feature","geometry":{"type":"Point","coordinates":[173050.0523,538981.2876]},"properties":{"A0":"126.69542803240661","A1":"37.44984625423968","A2":"인천 남동구 문화서로49번길 16(구월동)","A3":"인천 남동구 구월동 1121-13","A4":"2820010100111210013","A5":"434","A6":"인천청","A7":"인천남동","A8":"구월3","A9":"파출소","A10":"032-718-9319","A11":"인천 남동구 문화서로49번길 16"}},
{"type":"Feature","geometry":{"type":"Point","coordinates":[173691.0764,544599.8781]},"properties":{"A0":"126.70247179264905","A1":"37.50048807419894","A2":"인천 부평구 마장로 251(산곡동)","A3":"인천 부평구 산곡동 199-49","A4":"2823710300101990049","A5":"435","A6":"인천청","A7":"인천부평","A8":"철마","A9":"지구대","A10":"032-363-1003","A11":"인천광역시 부평구 마장로251"}},
{"type":"Feature","geometry":{"type":"Point","coordinates":[173188.9373,541507.2881]},"properties":{"A0":"126.69690575718599","A1":"37.47260953811848","A2":"인천 부평구 배곶로 50(십정동)","A3":"인천 부평구 십정동 301-15","A4":"2823710200103010015","A5":"436","A6":"인천청","A7":"인천부평","A8":"동암","A9":"지구대","A10":"032-363-1002","A11":"인천광역시 부평구 배곶로 50"}},
{"type":"Feature","geometry":{"type":"Point","coordinates":[175465.2018,543514.3937]},"properties":{"A0":"126.72257158776634","A1":"37.49075662197906","A2":"인천 부평구 광장로 6(부평동)","A3":"인천 부평구 부평동 126-16","A4":"2823710100101260016","A5":"437","A6":"인천청","A7":"인천부평","A8":"역전","A9":"지구대","A10":"032-363-1001","A11":"인천광역시 부평구 광장로 6"}},
{"type":"Feature","geometry":{"type":"Point","coordinates":[200430.1981,552599.7678]},"properties":{"A0":"127.00486983497794","A1":"37.572941699221275","A2":"서울 종로구 종로41나길 24-6(종로6가)","A3":"서울 종로구 종로6가 238-16","A4":"1111016400102380016","A5":"43","A6":"서울청","A7":"서울혜화","A8":"효제","A9":"파출소","A10":"02-762-8485","A11":"서울특별시 종로구  종로41나길 24-6"}},
{"type":"Feature","geometry":{"type":"Point","coordinates":[174192.0351,543018.0152]},"properties":{"A0":"126.70819257671232","A1":"37.48624984930918","A2":"인천 부평구 마장로 84(십정동)","A3":"인천 부평구 십정동 170-61","A4":"2823710200101700061","A5":"438","A6":"인천청","A7":"인천부평","A8":"백운","A9":"파출소","A10":"032-363-1005","A11":"인천광역시 부평구 마장로 84"}},
{"type":"Feature","geometry":{"type":"Point","coordinates":[174281.2782,545706.3003]},"properties":{"A0":"126.70910764040242","A1":"37.510473490765875","A2":"인천 부평구 안남로 307(청천동)","A3":"인천 부평구 청천동 192-7","A4":"2823710400101920007","A5":"439","A6":"인천청","A7":"인천부평","A8":"청천","A9":"지구대","A10":"032-363-1006","A11":"인천광역시 부평구 안남로 307"}},
{"type":"Feature","geometry":{"type":"Point","coordinates":[175030.1932,542981.8492]},"properties":{"A0":"126.71767060180389","A1":"37.485946867127026","A2":"인천 부평구 부영로 7(부평동)","A3":"인천 부평구 부평동 760-372","A4":"2823710100107600372","A5":"440","A6":"인천청","A7":"인천부평","A8":"부평2","A9":"파출소","A10":"032-363-1004","A11":"인천광역시 부평구 부영로 7"}},
{"type":"Feature","geometry":{"type":"Point","coordinates":[169637.9498,555924.8679]},"properties":{"A0":"126.65616717175013","A1":"37.602399860200464","A2":"인천 서구 완정로 181(왕길동)","A3":"인천 서구 왕길동 638-3","A4":"2826012000106380003","A5":"441","A6":"인천청","A7":"인천서부","A8":"검단","A9":"지구대","A10":"032-453-3167","A11":"인천광역시 서구 완정로 181"}},
{"type":"Feature","geometry":{"type":"Point","coordinates":[171705.6676,543697.65]},"properties":{"A0":"126.6800537486449","A1":"37.492300383349914","A2":"인천 서구 원적로 59(가좌동)","A3":"인천 서구 가좌동 212-39","A4":"2826011200102120039","A5":"443","A6":"인천청","A7":"인천서부","A8":"가좌","A9":"지구대","A10":"032-453-3164","A11":"인천광역시 서구 원적로 59"}},
{"type":"Feature","geometry":{"type":"Point","coordinates":[171294.359,545794.8468]},"properties":{"A0":"126.67532103980312","A1":"37.51118362040163","A2":"인천 서구 가정로294번길 23(석남동)","A3":"인천 서구 석남동 465-2","A4":"2826011000104650002","A5":"444","A6":"인천청","A7":"인천서부","A8":"석남","A9":"지구대","A10":"032-453-3161","A11":"인천광역시 서구  가정로294번길 23"}},
{"type":"Feature","geometry":{"type":"Point","coordinates":[169389.9104,548263.5828]},"properties":{"A0":"126.65367804980531","A1":"37.53336505664101","A2":"인천 서구 청라라임로 66(청라동)","A3":"인천 서구 청라동 165-4","A4":"2826012200101650004","A5":"445","A6":"인천청","A7":"인천서부","A8":"청라","A9":"지구대","A10":"032-453-3317","A11":"인천광역시 서구  청라라임로 66"}},
{"type":"Feature","geometry":{"type":"Point","coordinates":[171566.2339,545602.9793]},"properties":{"A0":"126.6784034429223","A1":"37.50946254282276","A2":"인천 서구 서달로 121(석남동)","A3":"인천 서구 석남동 488-1","A4":"2826011000104880001","A5":"446","A6":"인천청","A7":"인천서부","A8":"가석","A9":"파출소","A10":"032-453-3170","A11":"인천광역시 서구  서달로 121"}},
{"type":"Feature","geometry":{"type":"Point","coordinates":[172044.4874,557103.2867]},"properties":{"A0":"126.68337422764498","A1":"37.61309392078357","A2":"인천 서구 검단로755번길 9(불로동)","A3":"인천 서구 불로동 772-1","A4":"2826012100107720001","A5":"447","A6":"인천청","A7":"인천서부","A8":"불로","A9":"지구대","A10":"032-453-3138","A11":"인천광역시 서구  검단로 755 번길 9"}},
{"type":"Feature","geometry":{"type":"Point","coordinates":[176870.4631,548392.4359]},"properties":{"A0":"126.73830787965689","A1":"37.53474387954094","A2":"인천 계양구 오조산로 43(계산동)","A3":"인천 계양구 계산동 1083-1","A4":"2824510200110830001","A5":"449","A6":"인천청","A7":"인천계양","A8":"계산","A9":"지구대","A10":"032-363-6881","A11":"인천광역시 계양구  오조산로 43"}},
{"type":"Feature","geometry":{"type":"Point","coordinates":[196945.3203,548800.589]},"properties":{"A0":"126.96543688277325","A1":"37.53870623365298","A2":"서울 용산구 백범로 329(원효로1가)","A3":"서울 용산구 원효로1가 25","A4":"1117011200100250000","A5":"44","A6":"서울청","A7":"서울용산","A8":"원효","A9":"지구대","A10":"02-2198-0191","A11":"서울특별시 용산구  백범로 329"}},
{"type":"Feature","geometry":{"type":"Point","coordinates":[174739.1423,548151.8194]},"properties":{"A0":"126.71420223543825","A1":"37.53252005238238","A2":"인천 계양구 안남로554번길 31(효성동)","A3":"인천 계양구 효성동 21-26","A4":"2824510100100210026","A5":"450","A6":"인천청","A7":"인천계양","A8":"효성","A9":"지구대","A10":"032-363-6882","A11":"인천광역시 계양구  안남로554번길 31"}},
{"type":"Feature","geometry":{"type":"Point","coordinates":[175780.9315,549818.1693]},"properties":{"A0":"126.72593381560888","A1":"37.54756162847443","A2":"인천 계양구 계양산로 92(계산동)","A3":"인천 계양구 계산동 903-2","A4":"2824510200109030002","A5":"451","A6":"인천청","A7":"인천계양","A8":"계양산","A9":"지구대","A10":"032-363-6883","A11":"인천광역시 계양구  계양산로 92"}},
{"type":"Feature","geometry":{"type":"Point","coordinates":[176566.1807,553044.1429]},"properties":{"A0":"126.73471634855133","A1":"37.57664816689858","A2":"인천 계양구 장기서로 6(장기동)","A3":"인천 계양구 장기동 130-2","A4":"2824512300101300002","A5":"452","A6":"인천청","A7":"인천계양","A8":"장기","A9":"파출소","A10":"032-363-6884","A11":"인천광역시 계양구  장기서로 6"}},
{"type":"Feature","geometry":{"type":"Point","coordinates":[175767.231,548880.4085]},"properties":{"A0":"126.72580933845126","A1":"37.539112463306964","A2":"인천 계양구 계산천동로19번길 14(계산동)","A3":"인천 계양구 계산동 962-36","A4":"2824510200109620036","A5":"453","A6":"인천청","A7":"인천계양","A8":"계산1","A9":"파출소","A10":"032-363-6885","A11":"인천광역시 계양구  계산천동로19번길 14"}},
{"type":"Feature","geometry":{"type":"Point","coordinates":[152836.4865,573802.5506]},"properties":{"A0":"126.46475049549467","A1":"37.7627586584928","A2":"인천 강화군 송해면 강화대로 691","A3":"인천 강화군 송해면 하도리 312-3","A4":"2871039026103120003","A5":"454","A6":"인천청","A7":"인천강화","A8":"송해","A9":"파출소","A10":"032-930-0307","A11":"인천광역시 강화군 송해면 강화대로 691"}},
{"type":"Feature","geometry":{"type":"Point","coordinates":[155087.2075,560269.5287]},"properties":{"A0":"126.49112827387515","A1":"37.64094908518757","A2":"인천 강화군 길상면 온수길36번길 7","A3":"인천 강화군 길상면 온수리 508-3","A4":"2871033021105080003","A5":"455","A6":"인천청","A7":"인천강화","A8":"길상","A9":"파출소","A10":"032-930-0304","A11":"인천광역시 강화군 길상면 온수길36번길 7"}},
{"type":"Feature","geometry":{"type":"Point","coordinates":[140175.3801,567421.7218]},"properties":{"A0":"126.321595485525","A1":"37.704534671177456","A2":"인천 강화군 삼산면 삼산북로 465","A3":"인천 강화군 삼산면 석모리 258-3","A4":"2871041021102580003","A5":"456","A6":"인천청","A7":"인천강화","A8":"삼산","A9":"파출소","A10":"032-930-0312","A11":"인천광역시 강화군 삼산면 삼산북로 465"}},
{"type":"Feature","geometry":{"type":"Point","coordinates":[136678.7272,575983.2638]},"properties":{"A0":"126.28120052266095","A1":"37.78142963748668","A2":"인천 강화군 교동면 대룡안길54번길 14","A3":"인천 강화군 교동면 대룡리 520-4","A4":"2871040021105200004","A5":"457","A6":"인천청","A7":"인천강화","A8":"교동","A9":"파출소","A10":"032-930-0313","A11":"인천광역시 강화군 교동면 대룡안길54번길 14"}},
{"type":"Feature","geometry":{"type":"Point","coordinates":[132897.9178,561602.6678]},"properties":{"A0":"126.23961061299624","A1":"37.65160556416643","A2":"인천 강화군 서도면 주문도길 58","A3":"인천 강화군 서도면 주문도리 823-2","A4":"2871042021108230002","A5":"458","A6":"인천청","A7":"인천강화","A8":"서도","A9":"파출소","A10":"032-930-0314","A11":"인천광역시 강화군 서도면 주문도길 58"}},
{"type":"Feature","geometry":{"type":"Point","coordinates":[154094.8582,565308.0863]},"properties":{"A0":"126.4795662771387","A1":"37.68629392542544","A2":"인천 강화군 불은면 강화동로 558","A3":"인천 강화군 불은면 두운리 248-4","A4":"2871032021102480004","A5":"459","A6":"인천청","A7":"인천강화","A8":"불은","A9":"파출소","A10":"032-930-0303","A11":"인천광역시 강화군 불은면 강화동로 558"}},
{"type":"Feature","geometry":{"type":"Point","coordinates":[198098.5388,549954.9744]},"properties":{"A0":"126.9784823422137","A1":"37.549110336387685","A2":"서울 용산구 후암로16나길 17(후암동) 용중지구대","A3":"서울 용산구 후암동 244-103","A4":"1117010100102440103","A5":"45","A6":"서울청","A7":"서울용산","A8":"용중","A9":"지구대","A10":"02-2198-0117","A11":"서울특별시 용산구  후암로16나길 17, 용중지구대"}},
{"type":"Feature","geometry":{"type":"Point","coordinates":[148570.4099,559503.2382]},"properties":{"A0":"126.41734681708097","A1":"37.63370271956157","A2":"인천 강화군 화도면 마니산로 732","A3":"인천 강화군 화도면 상방리 801-2","A4":"2871034022108010002","A5":"460","A6":"인천청","A7":"인천강화","A8":"화도","A9":"파출소","A10":"032-930-0305","A11":"인천광역시 강화군 화도면 마니산로732"}},
{"type":"Feature","geometry":{"type":"Point","coordinates":[148890.3648,562906.9447]},"properties":{"A0":"126.42073336189617","A1":"37.66438581464458","A2":"인천 강화군 양도면 강화남로 722","A3":"인천 강화군 양도면 하일리 181-1","A4":"2871035021101810001","A5":"461","A6":"인천청","A7":"인천강화","A8":"양도","A9":"파출소","A10":"032-930-0306","A11":"인천광역시 강화군 양도면 강화남로 722"}},
{"type":"Feature","geometry":{"type":"Point","coordinates":[146170.2995,568942.651]},"properties":{"A0":"126.38946108352951","A1":"37.71860644056527","A2":"인천 강화군 내가면 강화서로 243","A3":"인천 강화군 내가면 고천리 784-1","A4":"2871036021107840001","A5":"462","A6":"인천청","A7":"인천강화","A8":"내가","A9":"파출소","A10":"032-930-0311","A11":"인천광역시 강화군 내가면 강화서로 243"}},
{"type":"Feature","geometry":{"type":"Point","coordinates":[154685.7006,572248.2934]},"properties":{"A0":"126.48583314384948","A1":"37.748852284435195","A2":"인천 강화군 강화읍 동문안길 17","A3":"인천 강화군 강화읍 관청리 437","A4":"2871025022104370000","A5":"463","A6":"인천청","A7":"인천강화","A8":"심도","A9":"지구대","A10":"032-930-0301","A11":"인천광역시 강화군 강화읍 동문안길 17"}},
{"type":"Feature","geometry":{"type":"Point","coordinates":[154457.2646,568175.7284]},"properties":{"A0":"126.48349599465931","A1":"37.71214731392385","A2":"인천 강화군 선원면 대문고개로 4","A3":"인천 강화군 선원면 금월리 548-1","A4":"2871031021105480001","A5":"464","A6":"인천청","A7":"인천강화","A8":"선원","A9":"파출소","A10":"032-930-0302","A11":"인천광역시 강화군 선원면 대문고개로 4"}},
{"type":"Feature","geometry":{"type":"Point","coordinates":[147694.6504,577880.8101]},"properties":{"A0":"126.4061055643678","A1":"37.79922137293109","A2":"인천 강화군 양사면 전망대로 1381-3","A3":"인천 강화군 양사면 교산리 824","A4":"2871038024108240000","A5":"465","A6":"인천청","A7":"인천강화","A8":"양사","A9":"파출소","A10":"032-930-0309","A11":"인천광역시 강화군 양사면 전망대로 1381-3"}},
{"type":"Feature","geometry":{"type":"Point","coordinates":[148381.6981,575016.3661]},"properties":{"A0":"126.41410728509088","A1":"37.77345509827958","A2":"인천 강화군 하점면 강화대로 1186","A3":"인천 강화군 하점면 신봉리 720-5","A4":"2871037021107200005","A5":"466","A6":"인천청","A7":"인천강화","A8":"하점","A9":"파출소","A10":"032-930-0308","A11":"인천광역시 강화군 하점면 강화대로 1186"}},
{"type":"Feature","geometry":{"type":"Point","coordinates":[170870.7948,535537.3314]},"properties":{"A0":"126.67093561972857","A1":"37.41875013031536","A2":"인천 연수구 함박뫼로 11-8(청학동)","A3":"인천 연수구 청학동 465-3","A4":"2818510400104650003","A5":"467","A6":"인천청","A7":"인천연수","A8":"연수","A9":"지구대","A10":"032-453-0810","A11":"인천광역시 연수구 함박뫼로 11-8"}},
{"type":"Feature","geometry":{"type":"Point","coordinates":[169148.5715,532475.9103]},"properties":{"A0":"126.65160852811488","A1":"37.39111093078062","A2":"인천 연수구 해돋이로 96(송도동)","A3":"인천 연수구 송도동 3-34","A4":"2818510600100030034","A5":"469","A6":"인천청","A7":"인천연수","A8":"송도","A9":"지구대","A10":"032-453-0830","A11":"인천광역시 연수구 해돋이로 96"}},
{"type":"Feature","geometry":{"type":"Point","coordinates":[170717.6753,531995.1694]},"properties":{"A0":"126.66934616548471","A1":"37.38683021333791","A2":"인천 연수구 송도과학로51번길 70(송도동)","A3":"인천 연수구 송도동 160-3","A4":"2818510600101600003","A5":"470","A6":"인천청","A7":"인천연수","A8":"송도2","A9":"지구대","A10":"032-453-0840","A11":"인천광역시 연수구 송도과학로 51번길 70"}},
{"type":"Feature","geometry":{"type":"Point","coordinates":[199505.6569,548307.8054]},"properties":{"A0":"126.99440693497235","A1":"37.534271175318814","A2":"서울 용산구 이태원로 184(이태원동)","A3":"서울 용산구 이태원동 127-10","A4":"1117013000101270010","A5":"46","A6":"서울청","A7":"서울용산","A8":"이태원","A9":"파출소","A10":"02-2198-0125","A11":"서울특별시 용산구  이태원로 184"}},
{"type":"Feature","geometry":{"type":"Point","coordinates":[169807.7991,536553.018]},"properties":{"A0":"126.65888604446423","A1":"37.42786798352744","A2":"인천 연수구 비류대로 215(옥련동)","A3":"인천 연수구 옥련동 318-1","A4":"2818510100103180001","A5":"471","A6":"인천청","A7":"인천연수","A8":"옥련","A9":"지구대","A10":"032-453-0860","A11":"인천광역시 연수구 비류대로 215"}},
{"type":"Feature","geometry":{"type":"Point","coordinates":[173555.1449,535965.8854]},"properties":{"A0":"126.70124422228957","A1":"37.42269194728743","A2":"인천 연수구 선학로 58(선학동)","A3":"인천 연수구 선학동 341","A4":"2818510200103410000","A5":"472","A6":"인천청","A7":"인천연수","A8":"선학","A9":"파출소","A10":"032-453-0850","A11":"인천광역시 연수구 선학로 58"}},
{"type":"Feature","geometry":{"type":"Point","coordinates":[175535.5237,546045.341]},"properties":{"A0":"126.72328238817087","A1":"37.51356230969361","A2":"인천 부평구 굴포로7번길 43(갈산동)","A3":"인천 부평구 갈산동 180-25","A4":"2823710600101800025","A5":"473","A6":"인천청","A7":"인천삼산","A8":"갈산","A9":"지구대","A10":"032-509-0301","A11":"인천광역시 부평구 굴포로 7번길 43"}},
{"type":"Feature","geometry":{"type":"Point","coordinates":[176982.4162,544283.5766]},"properties":{"A0":"126.73970314369538","A1":"37.49772609048324","A2":"인천 부평구 부개로 4(부개동)","A3":"인천 부평구 부개동 501-10","A4":"2823710700105010010","A5":"474","A6":"인천청","A7":"인천삼산","A8":"부흥","A9":"지구대","A10":"032-509-0302","A11":"인천광역시 부평구 부개로 4"}},
{"type":"Feature","geometry":{"type":"Point","coordinates":[175575.349,544110.0976]},"properties":{"A0":"126.72379709245226","A1":"37.496126920461904","A2":"인천 부평구 주부토로 10(부평동)","A3":"인천 부평구 부평동 205-1","A4":"2823710100102050001","A5":"475","A6":"인천청","A7":"인천삼산","A8":"중앙","A9":"지구대","A10":"032-509-0303","A11":"인천광역시 부평구 주부토로 10"}},
{"type":"Feature","geometry":{"type":"Point","coordinates":[177534.9321,542555.021]},"properties":{"A0":"126.74600402790205","A1":"37.48216540598078","A2":"인천 부평구 일신로 31(일신동)","A3":"인천 부평구 일신동 60-2","A4":"2823710800100600002","A5":"476","A6":"인천청","A7":"인천삼산","A8":"부개","A9":"파출소","A10":"032-509-0304","A11":"인천광역시 부평구 일신로 31"}},
{"type":"Feature","geometry":{"type":"Point","coordinates":[176549.6145,543828.3606]},"properties":{"A0":"126.73482333535745","A1":"37.49361399717877","A2":"인천 부평구 충선로 49(부개동)","A3":"인천 부평구 부개동 465-5","A4":"2823710700104650005","A5":"477","A6":"인천청","A7":"인천삼산","A8":"부개2","A9":"파출소","A10":"032-509-0305","A11":"인천광역시 부평구 충선로 49"}},
{"type":"Feature","geometry":{"type":"Point","coordinates":[176749.5086,538295.402]},"properties":{"A0":"126.73725822297175","A1":"37.44376673936706","A2":"인천 남동구 장승남로47번길 7(만수동)","A3":"인천 남동구 만수동 1019-2","A4":"2820010300110190002","A5":"478","A6":"인천청","A7":"인천논현","A8":"만월","A9":"지구대","A10":"032-454-9701","A11":"인천광역시 남동구 장승남로47번길 7"}},
{"type":"Feature","geometry":{"type":"Point","coordinates":[175533.8817,532727.6881]},"properties":{"A0":"126.72370555426207","A1":"37.39356985405668","A2":"인천 남동구 앵고개로 797(논현동)","A3":"인천 남동구 논현동 739-2","A4":"2820011000107390002","A5":"479","A6":"인천청","A7":"인천논현","A8":"논현","A9":"지구대","A10":"032-454-9702","A11":"인천광역시 남동구 앵고개로 797"}},
{"type":"Feature","geometry":{"type":"Point","coordinates":[172873.9351,534488.0667]},"properties":{"A0":"126.69360261084412","A1":"37.40935704160203","A2":"인천 남동구 남동대로239번길 112(논현동)","A3":"인천 남동구 논현동 450-2","A4":"2820011000104500002","A5":"480","A6":"인천청","A7":"인천논현","A8":"남동산단","A9":"파출소","A10":"032-454-9705","A11":"인천광역시 남동구 남동대로239번길 112"}},
{"type":"Feature","geometry":{"type":"Point","coordinates":[200552.6472,547966.3621]},"properties":{"A0":"127.006252469507","A1":"37.531194733692374","A2":"서울 용산구 대사관로34길 53(한남동) 한남파출소","A3":"서울 용산구 한남동 622-3","A4":"1117013100106220003","A5":"47","A6":"서울청","A7":"서울용산","A8":"한남","A9":"파출소","A10":"02-2198-0136","A11":"서울특별시 용산구  대사관로34길 53, 한남파출소"}},
{"type":"Feature","geometry":{"type":"Point","coordinates":[177658.2135,537378.7986]},"properties":{"A0":"126.7475543052509","A1":"37.43553077960439","A2":"인천 남동구 독곡로 30(서창동)","A3":"인천 남동구 서창동 541","A4":"2820010500105410000","A5":"481","A6":"인천청","A7":"인천논현","A8":"서창","A9":"지구대","A10":"032-454-9706","A11":"인천광역시 남동구 독곡로 30"}},
{"type":"Feature","geometry":{"type":"Point","coordinates":[184377.9752,288309.6175]},"properties":{"A0":"126.82847165102058","A1":"35.19110162326666","A2":"광주 광산구 수완로 63(수완동)","A3":"광주 광산구 수완동 1125","A4":"2920011400111250000","A5":"482","A6":"광주청","A7":"광주광산","A8":"수완","A9":"지구대","A10":"062-951-9112","A11":"광주광역시 광산구  수완로 63"}},
{"type":"Feature","geometry":{"type":"Point","coordinates":[186028.5611,291099.6792]},"properties":{"A0":"126.84654756757429","A1":"35.21627415434443","A2":"광주 광산구 첨단중앙로106번길 65-15(월계동)","A3":"광주 광산구 월계동 878-2","A4":"2920011500108780002","A5":"483","A6":"광주청","A7":"광주광산","A8":"첨단","A9":"지구대","A10":"062-971-5112","A11":"광주광역시 광산구  첨단중앙로106번길 65-15"}},
{"type":"Feature","geometry":{"type":"Point","coordinates":[182480.7448,284181.4956]},"properties":{"A0":"126.80772799062069","A1":"35.15386185275652","A2":"광주 광산구 사암로106번길 3(우산동)","A3":"광주 광산구 우산동 1053-6","A4":"2920010900110530006","A5":"484","A6":"광주청","A7":"광주광산","A8":"우산","A9":"지구대","A10":"062-941-7002","A11":"광주광역시 광산구 사암로 106번길 3"}},
{"type":"Feature","geometry":{"type":"Point","coordinates":[182616.3771,287022.8351]},"properties":{"A0":"126.809156679994","A1":"35.17947425959991","A2":"광주 광산구 사암로390번길 13-16(월곡동)","A3":"광주 광산구 월곡동 680-2","A4":"2920012800106800002","A5":"485","A6":"광주청","A7":"광주광산","A8":"월곡","A9":"지구대","A10":"062-951-0112","A11":"광주광역시 광산구  사암로 390번길 13-16"}},
{"type":"Feature","geometry":{"type":"Point","coordinates":[180447.0139,281425.3303]},"properties":{"A0":"126.7854732993473","A1":"35.12898105212357","A2":"광주 광산구 상무대로 93(도산동)","A3":"광주 광산구 도산동 1218-58","A4":"2920010200112180058","A5":"486","A6":"광주청","A7":"광주광산","A8":"도산","A9":"지구대","A10":"062-941-7004","A11":"광주광역시 광산구  상무대로 93"}},
{"type":"Feature","geometry":{"type":"Point","coordinates":[182048.122,283169.3617]},"properties":{"A0":"126.80300214751921","A1":"35.144730859276656","A2":"광주 광산구 신흥신기안길 31-6(신촌동)","A3":"광주 광산구 신촌동 1060-17","A4":"2920010400110600017","A5":"487","A6":"광주청","A7":"광주광산","A8":"송정","A9":"파출소","A10":"062-941-7001","A11":"광주광역시 광산구  신흥신기안길 31-6"}},
{"type":"Feature","geometry":{"type":"Point","coordinates":[181287.9743,287606.6078]},"properties":{"A0":"126.79455981826982","A1":"35.1847125391334","A2":"광주 광산구 고봉로 124(하남동)","A3":"광주 광산구 하남동 391-2","A4":"2920012500103910002","A5":"488","A6":"광주청","A7":"광주광산","A8":"하남","A9":"파출소","A10":"062-951-8113","A11":"광주광역시 광산구  고봉로 124"}},
{"type":"Feature","geometry":{"type":"Point","coordinates":[183958.8574,291696.6772]},"properties":{"A0":"126.82380398420264","A1":"35.221624439603886","A2":"광주 광산구 비아중앙로31번길 14(비아동)","A3":"광주 광산구 비아동 90-5","A4":"2920011200100900005","A5":"489","A6":"광주청","A7":"광주광산","A8":"비아","A9":"파출소","A10":"062-953-9112","A11":"광주광역시 광산구  비아중앙로31번길 14"}},
{"type":"Feature","geometry":{"type":"Point","coordinates":[178104.5546,280906.1021]},"properties":{"A0":"126.75978759886175","A1":"35.12425268979813","A2":"광주 광산구 평동로 790-16(옥동)","A3":"광주 광산구 옥동 242","A4":"2920014500102420000","A5":"490","A6":"광주청","A7":"광주광산","A8":"평동","A9":"파출소","A10":"062-943-7005","A11":"광주광역시 광산구  평동로 790-16"}},
{"type":"Feature","geometry":{"type":"Point","coordinates":[200021.7981,547478.297]},"properties":{"A0":"127.00024660213498","A1":"37.52679742463711","A2":"서울 용산구 보광로 25-1(보광동) 보광파출소","A3":"서울 용산구 보광동 223-5","A4":"1117013600102230005","A5":"48","A6":"서울청","A7":"서울용산","A8":"보광","A9":"파출소","A10":"02-2198-0143","A11":"서울특별시 용산구  보광로 25-1, 보광파출소"}},
{"type":"Feature","geometry":{"type":"Point","coordinates":[179384.9617,277920.6066]},"properties":{"A0":"126.77390809653909","A1":"35.0973695238871","A2":"광주 광산구 동곡로 155(하산동)","A3":"광주 광산구 하산동 139-30","A4":"2920013800101390030","A5":"491","A6":"광주청","A7":"광주광산","A8":"동곡","A9":"파출소","A10":"062-943-7006","A11":"광주광역시 광산구  동곡로 155"}},
{"type":"Feature","geometry":{"type":"Point","coordinates":[172712.0134,285247.4815]},"properties":{"A0":"126.70048272687183","A1":"35.163251718938696","A2":"광주 광산구 삼도로 341-3(도덕동)","A3":"광주 광산구 도덕동 320-1","A4":"2920015600103200001","A5":"492","A6":"광주청","A7":"광주광산","A8":"삼도","A9":"파출소","A10":"062-943-7413","A11":"광주광역시 광산구  삼도로 341-3"}},
{"type":"Feature","geometry":{"type":"Point","coordinates":[175452.445,287260.8195]},"properties":{"A0":"126.73050181236067","A1":"35.18146978033917","A2":"광주 광산구 용진로 395(송치동)","A3":"광주 광산구 송치동 405-1","A4":"2920016800104050001","A5":"493","A6":"광주청","A7":"광주광산","A8":"본량","A9":"파출소","A10":"062-943-9712","A11":"광주광역시 광산구  용진로 395"}},
{"type":"Feature","geometry":{"type":"Point","coordinates":[176794.9777,291505.4088]},"properties":{"A0":"126.74512144695973","A1":"35.21976013803298","A2":"광주 광산구 하림길 1(임곡동)","A3":"광주 광산구 임곡동 454","A4":"2920013400104540000","A5":"494","A6":"광주청","A7":"광주광산","A8":"임곡","A9":"파출소","A10":"062-952-8112","A11":"광주광역시 광산구  하림길 1"}},
{"type":"Feature","geometry":{"type":"Point","coordinates":[192667.8094,283688.4842]},"properties":{"A0":"126.91953416364879","A1":"35.14954341746635","A2":"광주 동구 예술길 31-5(대의동)","A3":"광주 동구 대의동 15","A4":"2911010500100150000","A5":"495","A6":"광주청","A7":"광주동부","A8":"금남","A9":"지구대","A10":"062-225-0112","A11":"광주광역시 동구  예술길 31-5"}},
{"type":"Feature","geometry":{"type":"Point","coordinates":[192704.3517,282723.5016]},"properties":{"A0":"126.9199436995028","A1":"35.14084577515286","A2":"광주 동구 양림로119번길 13(학동)","A3":"광주 동구 학동 103-6","A4":"2911012200101030006","A5":"496","A6":"광주청","A7":"광주동부","A8":"학서","A9":"파출소","A10":"062-226-5688","A11":"광주광역시 동구  양림로 119 번길 13"}},
{"type":"Feature","geometry":{"type":"Point","coordinates":[193796.5424,284474.1992]},"properties":{"A0":"126.93191533749608","A1":"35.15663313131222","A2":"광주 동구 필문대로 157(산수동)","A3":"광주 동구 산수동 539-29","A4":"2911011000105390029","A5":"497","A6":"광주청","A7":"광주동부","A8":"산수","A9":"파출소","A10":"062-521-0113","A11":"광주광역시 동구  필문대로 157"}},
{"type":"Feature","geometry":{"type":"Point","coordinates":[193931.0139,280634.1044]},"properties":{"A0":"126.93341935166762","A1":"35.12202071749357","A2":"광주 동구 남문로 570(소태동)","A3":"광주 동구 소태동 674","A4":"2911011900106740000","A5":"498","A6":"광주청","A7":"광주동부","A8":"지원","A9":"파출소","A10":"062-222-4574","A11":"광주광역시 동구  남문로 570"}},
{"type":"Feature","geometry":{"type":"Point","coordinates":[194791.798,283679.217]},"properties":{"A0":"126.94284370588521","A1":"35.1494732048008","A2":"광주 동구 지호로 131(지산동)","A3":"광주 동구 지산동 77-1","A4":"2911011100100770001","A5":"499","A6":"광주청","A7":"광주동부","A8":"지산","A9":"파출소","A10":"062-609-4117","A11":"광주광역시 동구  지호로 131"}},
{"type":"Feature","geometry":{"type":"Point","coordinates":[187186.9348,282111.2103]},"properties":{"A0":"126.85940984436156","A1":"35.135271636217645","A2":"광주 서구 운천로 30(금호동)","A3":"광주 서구 금호동 765","A4":"2914013000107650000","A5":"500","A6":"광주청","A7":"광주서부","A8":"금호","A9":"지구대","A10":"062-376-6136","A11":"광주광역시 서구  운천로 30"}},
{"type":"Feature","geometry":{"type":"Point","coordinates":[197765.3472,548511.5973]},"properties":{"A0":"126.97471621352649","A1":"37.536104780760894","A2":"서울 용산구 한강대로 198-2(한강로1가)","A3":"서울 용산구 한강로1가 16","A4":"1117012400100160000","A5":"49","A6":"서울청","A7":"서울용산","A8":"삼각지","A9":"파출소","A10":"02-2198-0152","A11":"서울특별시 용산구  한강대로198-2"}},
{"type":"Feature","geometry":{"type":"Point","coordinates":[186376.9096,284611.113]},"properties":{"A0":"126.85048073886904","A1":"35.15779385671806","A2":"광주 서구 상무연하로 106(치평동)","A3":"광주 서구 치평동 1203-4","A4":"2914012000112030004","A5":"501","A6":"광주청","A7":"광주서부","A8":"상무","A9":"지구대","A10":"062-381-0112","A11":"광주광역시 서구  상무연하로 106"}},
{"type":"Feature","geometry":{"type":"Point","coordinates":[188787.0464,284087.2639]},"properties":{"A0":"126.87694007355074","A1":"35.15310208679304","A2":"광주 서구 화운로 160(화정동)","A3":"광주 서구 화정동 785-7","A4":"2914011900107850007","A5":"502","A6":"광주청","A7":"광주서부","A8":"화정","A9":"지구대","A10":"062-372-0112","A11":"광주광역시 서구  화운로 160"}},
{"type":"Feature","geometry":{"type":"Point","coordinates":[190007.2171,283788.0551]},"properties":{"A0":"126.89033479593459","A1":"35.15041798615742","A2":"광주 서구 화정로 316(농성동)","A3":"광주 서구 농성동 630-10","A4":"2914010600106300010","A5":"503","A6":"광주청","A7":"광주서부","A8":"농성","A9":"파출소","A10":"062-369-0112","A11":"광주광역시 서구  화정로 316"}},
{"type":"Feature","geometry":{"type":"Point","coordinates":[187647.641,286070.6577]},"properties":{"A0":"126.8644056903511","A1":"35.17096619655382","A2":"광주 서구 유림로98번길 6(동천동)","A3":"광주 서구 동천동 610","A4":"2914013300106100000","A5":"504","A6":"광주청","A7":"광주서부","A8":"동천","A9":"파출소","A10":"062-523-1113","A11":"광주광역시 서구  유림로98번길 6"}},
{"type":"Feature","geometry":{"type":"Point","coordinates":[188952.9682,280899.3327]},"properties":{"A0":"126.87880362424701","A1":"35.124369161045166","A2":"광주 서구 풍암1로 33(풍암동)","A3":"광주 서구 풍암동 1125-2","A4":"2914012800111250002","A5":"506","A6":"광주청","A7":"광주서부","A8":"풍암","A9":"파출소","A10":"062-676-6112","A11":"광주광역시 서구  풍암1로 33"}},
{"type":"Feature","geometry":{"type":"Point","coordinates":[190941.3003,282749.1228]},"properties":{"A0":"126.90059716591601","A1":"35.14106242123084","A2":"광주 남구 월산로 30(월산동)","A3":"광주 남구 월산동 117-16","A4":"2915510400101170016","A5":"507","A6":"광주청","A7":"광주남부","A8":"백운","A9":"지구대","A10":"062-652-0112","A11":"광주광역시 남구  월산로 30"}},
{"type":"Feature","geometry":{"type":"Point","coordinates":[191674.6151,281857.4843]},"properties":{"A0":"126.90865298920525","A1":"35.1330316819008","A2":"광주 남구 대남대로149번길 8(봉선동)","A3":"광주 남구 봉선동 1121-8","A4":"2915511500111210008","A5":"508","A6":"광주청","A7":"광주남부","A8":"방림","A9":"지구대","A10":"062-672-0112","A11":"광주광역시 남구  대남대로149번길 8"}},
{"type":"Feature","geometry":{"type":"Point","coordinates":[190858.3383,279533.0214]},"properties":{"A0":"126.89972243654914","A1":"35.11207271795046","A2":"광주 남구 화산로 27(진월동)","A3":"광주 남구 진월동 500-36","A4":"2915510800105000036","A5":"509","A6":"광주청","A7":"광주남부","A8":"효덕","A9":"지구대","A10":"062-653-0112","A11":"광주광역시 남구  화산로 27"}},
{"type":"Feature","geometry":{"type":"Point","coordinates":[192273.5309,282960.3795]},"properties":{"A0":"126.91521403471533","A1":"35.142977617392944","A2":"광주 남구 천변좌로 410(사동)","A3":"광주 남구 사동 177-9","A4":"2915510100101770009","A5":"510","A6":"광주청","A7":"광주남부","A8":"양림","A9":"파출소","A10":"062-671-0112","A11":"광주광역시 남구  천변좌로 410"}},
{"type":"Feature","geometry":{"type":"Point","coordinates":[190291.9386,281960.6491]},"properties":{"A0":"126.89348091410659","A1":"35.133949268864015","A2":"광주 남구 회재로1217번길 7(주월동)","A3":"광주 남구 주월동 90-14","A4":"2915510600100900014","A5":"511","A6":"광주청","A7":"광주남부","A8":"주월","A9":"파출소","A10":"062-681-0112","A11":"광주광역시 남구  회재로1217번길 7"}},
{"type":"Feature","geometry":{"type":"Point","coordinates":[197404.1095,547213.7232]},"properties":{"A0":"126.97063352309664","A1":"37.52441017672551","A2":"서울 용산구 서빙고로 67(용산동5가, 파크타워)","A3":"서울 용산구 용산동5가 24","A4":"1117012700100240000","A5":"50","A6":"서울청","A7":"서울용산","A8":"한강로","A9":"지구대","A10":"02-2198-0158","A11":"서울특별시 용산구  서빙고로67"}},
{"type":"Feature","geometry":{"type":"Point","coordinates":[184915.43,276010.0381]},"properties":{"A0":"126.83459720387191","A1":"35.08024641149389","A2":"광주 남구 고싸움로 136(지석동)","A3":"광주 남구 지석동 411-33","A4":"2915512000104110033","A5":"512","A6":"광주청","A7":"광주남부","A8":"대촌","A9":"파출소","A10":"062-374-0112","A11":"광주광역시 남구  고싸움로 136"}},
{"type":"Feature","geometry":{"type":"Point","coordinates":[192701.3133,286876.9454]},"properties":{"A0":"126.9198736640939","A1":"35.17828311626148","A2":"광주 북구 중문로 63(우산동)","A3":"광주 북구 우산동 633-3","A4":"2917011000106330003","A5":"513","A6":"광주청","A7":"광주북부","A8":"우산","A9":"지구대","A10":"062-264-8701","A11":"광주광역시 북구  중문로 63"}},
{"type":"Feature","geometry":{"type":"Point","coordinates":[187808.0238,287868.2942]},"properties":{"A0":"126.866139679265","A1":"35.187171228908824","A2":"광주 북구 북문대로 240(동림동)","A3":"광주 북구 동림동 1156-1","A4":"2917010800111560001","A5":"514","A6":"광주청","A7":"광주북부","A8":"동운","A9":"지구대","A10":"062-513-2112","A11":"광주광역시 북구  북문대로 240"}},
{"type":"Feature","geometry":{"type":"Point","coordinates":[193909.2706,286427.0304]},"properties":{"A0":"126.93313815277314","A1":"35.17423582490702","A2":"광주 북구 군왕로 146(두암동)","A3":"광주 북구 두암동 826-43","A4":"2917011400108260043","A5":"515","A6":"광주청","A7":"광주북부","A8":"두암","A9":"지구대","A10":"062-265-1113","A11":"광주광역시 북구  군왕로 146"}},
{"type":"Feature","geometry":{"type":"Point","coordinates":[191119.5322,287450.4842]},"properties":{"A0":"126.90250242574231","A1":"35.18344000707964","A2":"광주 북구 문화소통로 78(용봉동)","A3":"광주 북구 용봉동 1417-2","A4":"2917010700114170002","A5":"516","A6":"광주청","A7":"광주북부","A8":"용봉","A9":"지구대","A10":"062-528-2112","A11":"광주광역시 북구  문화소통로 78"}},
{"type":"Feature","geometry":{"type":"Point","coordinates":[190727.3001,289624.3756]},"properties":{"A0":"126.89817171658626","A1":"35.20303090419814","A2":"광주 북구 설죽로 489(일곡동)","A3":"광주 북구 일곡동 840-5","A4":"2917012700108400005","A5":"517","A6":"광주청","A7":"광주북부","A8":"일곡","A9":"지구대","A10":"062-573-0112","A11":"광주광역시 북구  설죽로 489"}},
{"type":"Feature","geometry":{"type":"Point","coordinates":[192845.4719,287847.9066]},"properties":{"A0":"126.92144784252085","A1":"35.18703596476786","A2":"광주 북구 대천로 146(문흥동)","A3":"광주 북구 문흥동 996-7","A4":"2917011200109960007","A5":"518","A6":"광주청","A7":"광주북부","A8":"문흥","A9":"지구대","A10":"062-268-0122","A11":"광주광역시 북구  대천로 146"}},
{"type":"Feature","geometry":{"type":"Point","coordinates":[191352.916,285134.4419]},"properties":{"A0":"126.90508897797673","A1":"35.16256624508784","A2":"광주 북구 태봉로 57(신안동)","A3":"광주 북구 신안동 13-7","A4":"2917010600100130007","A5":"519","A6":"광주청","A7":"광주북부","A8":"역전","A9":"지구대","A10":"062-521-0112","A11":"광주광역시 북구  태봉로 57"}},
{"type":"Feature","geometry":{"type":"Point","coordinates":[189052.1204,291361.2495]},"properties":{"A0":"126.87975283223889","A1":"35.218669333543374","A2":"광주 북구 본촌마을길102번길 17(본촌동)","A3":"광주 북구 본촌동 649","A4":"2917012600106490000","A5":"520","A6":"광주청","A7":"광주북부","A8":"건국","A9":"지구대","A10":"062-571-0113","A11":"광주광역시 북구  본촌마을길102번길 17"}},
{"type":"Feature","geometry":{"type":"Point","coordinates":[195334.9353,290823.3577]},"properties":{"A0":"126.94876371254504","A1":"35.21386993255708","A2":"광주 북구 동문대로 642(망월동)","A3":"광주 북구 망월동 685-1","A4":"2917012100106850001","A5":"521","A6":"광주청","A7":"광주북부","A8":"석곡","A9":"파출소","A10":"062-266-9912","A11":"광주광역시 북구  동문대로 642"}},
{"type":"Feature","geometry":{"type":"Point","coordinates":[199254.8318,551256.431]},"properties":{"A0":"126.99156607441003","A1":"37.56083809103393","A2":"서울 중구 퇴계로 178(필동1가)","A3":"서울 중구 필동1가 20-5","A4":"1114013700100200005","A5":"6","A6":"서울청","A7":"서울중부","A8":"충무","A9":"파출소","A10":"02-2278-7710","A11":"서울특별시 중구  퇴계로 178"}},
{"type":"Feature","geometry":{"type":"Point","coordinates":[201094.9056,555301.919]},"properties":{"A0":"127.01239834191804","A1":"37.597287345523085","A2":"서울 성북구 아리랑로5길 54(돈암동)","A3":"서울 성북구 돈암동 579-8","A4":"1129010300105790008","A5":"51","A6":"서울청","A7":"서울성북","A8":"돈암","A9":"지구대","A10":"02-920-1810","A11":"서울특별시 성북구  아리랑로5길 54"}},
{"type":"Feature","geometry":{"type":"Point","coordinates":[238336.4284,413419.052]},"properties":{"A0":"127.42690615565293","A1":"36.318035887808946","A2":"대전 중구 보문로162번길 22(대사동)","A3":"대전 중구 대사동 77-57","A4":"3014011000100770057","A5":"522","A6":"대전청","A7":"대전중부","A8":"남대전","A9":"지구대","A10":"042-252-0113","A11":"대전광역시 중구  보문로 162번길 22"}},
{"type":"Feature","geometry":{"type":"Point","coordinates":[237180.0091,413908.9484]},"properties":{"A0":"127.41405251591559","A1":"36.322495302600295","A2":"대전 중구 중앙로 14(문화동)","A3":"대전 중구 문화동 1-4","A4":"3014011600100010004","A5":"523","A6":"대전청","A7":"대전중부","A8":"서대전","A9":"지구대","A10":"042-252-2220","A11":"대전광역시 중구  중앙로 14"}},
{"type":"Feature","geometry":{"type":"Point","coordinates":[235780.4249,412830.4638]},"properties":{"A0":"127.3984168790316","A1":"36.312829763351736","A2":"대전 중구 문화로 115-2(유천동)","A3":"대전 중구 유천동 271-14","A4":"3014011500102710014","A5":"524","A6":"대전청","A7":"대전중부","A8":"유등","A9":"지구대","A10":"042-583-3112","A11":"대전광역시 중구 문화로 115-2"}},
{"type":"Feature","geometry":{"type":"Point","coordinates":[236097.0474,412089.8274]},"properties":{"A0":"127.40190830262648","A1":"36.30614320123966","A2":"대전 중구 보문산로 193(문화동)","A3":"대전 중구 문화동 584-9","A4":"3014011600105840009","A5":"525","A6":"대전청","A7":"대전중부","A8":"문화","A9":"지구대","A10":"042-582-0112","A11":"대전광역시 중구 보문산로 193"}},
{"type":"Feature","geometry":{"type":"Point","coordinates":[237816.9572,415199.4931]},"properties":{"A0":"127.42120833873359","A1":"36.3341003981663","A2":"대전 중구 우암로 14-1(선화동)","A3":"대전 중구 선화동 77-16","A4":"3014010200100770016","A5":"526","A6":"대전청","A7":"대전중부","A8":"선화","A9":"파출소","A10":"042-222-0113","A11":"대전광역시 중구 우암로 14-1"}},
{"type":"Feature","geometry":{"type":"Point","coordinates":[237034.8921,415749.9957]},"properties":{"A0":"127.4125239233363","A1":"36.33909167745482","A2":"대전 중구 대종로 661-1(중촌동)","A3":"대전 중구 중촌동 102-4","A4":"3014010400101020004","A5":"527","A6":"대전청","A7":"대전중부","A8":"중촌","A9":"파출소","A10":"042-254-0112","A11":"대전광역시 중구  대종로 661-1"}},
{"type":"Feature","geometry":{"type":"Point","coordinates":[239221.1758,417181.1171]},"properties":{"A0":"127.4369479055444","A1":"36.35190176887836","A2":"대전 동구 동서대로1695번길 54(용전동)","A3":"대전 동구 용전동 68-26","A4":"3011011500100680026","A5":"528","A6":"대전청","A7":"대전동부","A8":"용전","A9":"지구대","A10":"042-600-2170","A11":"대전광역시 동구  동서대로1695번길 54"}},
{"type":"Feature","geometry":{"type":"Point","coordinates":[238988.9151,414836.004]},"properties":{"A0":"127.43424482942973","A1":"36.33077886928301","A2":"대전 동구 역전시장길 7(정동)","A3":"대전 동구 정동 1-286","A4":"3011011900100010286","A5":"529","A6":"대전청","A7":"대전동부","A8":"대전역","A9":"지구대","A10":"042-220-2171","A11":"대전광역시 동구  역전시장길 7"}},
{"type":"Feature","geometry":{"type":"Point","coordinates":[240327.1108,416613.2704]},"properties":{"A0":"127.44923935677228","A1":"36.34673839548616","A2":"대전 동구 우암로 304(가양동)","A3":"대전 동구 가양동 171-4","A4":"3011011400101710004","A5":"530","A6":"대전청","A7":"대전동부","A8":"가양","A9":"지구대","A10":"042-600-2172","A11":"대전광역시 동구  우암로 304"}},
{"type":"Feature","geometry":{"type":"Point","coordinates":[240306.2889,412522.9683]},"properties":{"A0":"127.44879531288686","A1":"36.309880209888064","A2":"대전 동구 대전로 501(천동)","A3":"대전 동구 천동 68-7","A4":"3011010400100680007","A5":"531","A6":"대전청","A7":"대전동부","A8":"천동","A9":"파출소","A10":"042-600-2173","A11":"대전광역시 동구  대전로 501"}},
{"type":"Feature","geometry":{"type":"Point","coordinates":[201465.8074,554124.8916]},"properties":{"A0":"127.01659595923348","A1":"37.5866819138399","A2":"서울 성북구 지봉로21길 45(보문동3가)","A3":"서울 성북구 보문동3가 1-1","A4":"1129013200100010001","A5":"52","A6":"서울청","A7":"서울성북","A8":"안암","A9":"지구대","A10":"02-920-1820","A11":"서울특별시 성북구  지봉로21길 45"}},
{"type":"Feature","geometry":{"type":"Point","coordinates":[242590.6393,414838.8291]},"properties":{"A0":"127.47435778995965","A1":"36.33065095214245","A2":"대전 동구 옥천로 403(비룡동)","A3":"대전 동구 비룡동 565","A4":"3011012200105650000","A5":"532","A6":"대전청","A7":"대전동부","A8":"판암","A9":"파출소","A10":"042-600-2174","A11":"대전광역시 동구  옥천로 403"}},
{"type":"Feature","geometry":{"type":"Point","coordinates":[241998.9572,409460.802]},"properties":{"A0":"127.46750103776705","A1":"36.28224922509451","A2":"대전 동구 산내로 1332(낭월동)","A3":"대전 동구 낭월동 192-2","A4":"3011013600101920002","A5":"533","A6":"대전청","A7":"대전동부","A8":"산내","A9":"파출소","A10":"042-600-2175","A11":"대전광역시 동구  산내로 1332"}},
{"type":"Feature","geometry":{"type":"Point","coordinates":[233588.2994,412538.9964]},"properties":{"A0":"127.37399484593017","A1":"36.31028140895144","A2":"대전 서구 계백로 1366(도마동)","A3":"대전 서구 도마동 189-7","A4":"3017010300101890007","A5":"534","A6":"대전청","A7":"대전서부","A8":"도마","A9":"지구대","A10":"042-600-3001","A11":"대전광역시 서구  계백로 1366"}},
{"type":"Feature","geometry":{"type":"Point","coordinates":[234312.736,415041.5302]},"properties":{"A0":"127.38217224146393","A1":"36.33280776123504","A2":"대전 서구 갈마로 246(내동)","A3":"대전 서구 내동 2","A4":"3017011000100020000","A5":"535","A6":"대전청","A7":"대전서부","A8":"내동","A9":"지구대","A10":"042-600-3002","A11":"대전광역시 서구  갈마로 246"}},
{"type":"Feature","geometry":{"type":"Point","coordinates":[229550.7735,411291.8966]},"properties":{"A0":"127.32899240761438","A1":"36.29917527149051","A2":"대전 서구 관저로 65(관저동)","A3":"대전 서구 관저동 1135","A4":"3017011600111350000","A5":"536","A6":"대전청","A7":"대전서부","A8":"구봉","A9":"지구대","A10":"042-600-3003","A11":"대전광역시 서구  관저로 65"}},
{"type":"Feature","geometry":{"type":"Point","coordinates":[231643.0835,412382.5767]},"properties":{"A0":"127.35233017616781","A1":"36.30893779545164","A2":"대전 서구 용소로40번길 7(도안동)","A3":"대전 서구 도안동 1906","A4":"3017011500119060000","A5":"537","A6":"대전청","A7":"대전서부","A8":"가수원","A9":"지구대","A10":"042-600-3004","A11":"대전광역시 서구  용소로40번길 7"}},
{"type":"Feature","geometry":{"type":"Point","coordinates":[237594.1836,417886.0409]},"properties":{"A0":"127.41885672509221","A1":"36.35831913259533","A2":"대전 대덕구 한밭대로 1084(중리동)","A3":"대전 대덕구 중리동 259-10","A4":"3023010900102590010","A5":"539","A6":"대전청","A7":"대전대덕","A8":"중리","A9":"지구대","A10":"042-600-4312","A11":"대전광역시 대덕구  한밭대로 1084"}},
{"type":"Feature","geometry":{"type":"Point","coordinates":[239689.4882,418457.4907]},"properties":{"A0":"127.4422301150748","A1":"36.36338465483102","A2":"대전 대덕구 동춘당로 63(송촌동)","A3":"대전 대덕구 송촌동 501-2","A4":"3023010700105010002","A5":"540","A6":"대전청","A7":"대전대덕","A8":"송촌","A9":"지구대","A10":"042-600-4133","A11":"대전광역시 대덕구  동춘당로 63"}},
{"type":"Feature","geometry":{"type":"Point","coordinates":[237811.4736,419985.0029]},"properties":{"A0":"127.42137960408303","A1":"36.377225747659125","A2":"대전 대덕구 대전로 1386(읍내동)","A3":"대전 대덕구 읍내동 247-7","A4":"3023010300102470007","A5":"541","A6":"대전청","A7":"대전대덕","A8":"회덕","A9":"파출소","A10":"042-600-4314","A11":"대전광역시 대덕구  대전로 1386"}},
{"type":"Feature","geometry":{"type":"Point","coordinates":[233929.2523,416827.057]},"properties":{"A0":"127.37797846310087","A1":"36.348912146379675","A2":"대전 서구 둔산남로9번길 21(둔산동)","A3":"대전 서구 둔산동 1158-1","A4":"3017011200111580001","A5":"542","A6":"대전청","A7":"대전둔산","A8":"둔산","A9":"지구대","A10":"042-600-5101","A11":"대전광역시 서구 둔산남로 9번길 21"}},
{"type":"Feature","geometry":{"type":"Point","coordinates":[201700.866,556781.9858]},"properties":{"A0":"127.0192635028962","A1":"37.610621679863954","A2":"서울 성북구 삼양로13길 51(길음동) 길음지구대","A3":"서울 성북구 길음동 1281-5","A4":"1129013400112810005","A5":"53","A6":"서울청","A7":"서울성북","A8":"길음","A9":"지구대","A10":"02-920-1830","A11":"서울특별시 성북구  삼양로13길 51 길음지구대"}},
{"type":"Feature","geometry":{"type":"Point","coordinates":[233060.7348,417242.8169]},"properties":{"A0":"127.36832072686451","A1":"36.352688457688565","A2":"대전 서구 신갈마로 211(갈마동)","A3":"대전 서구 갈마동 293-12","A4":"3017011100102930012","A5":"543","A6":"대전청","A7":"대전둔산","A8":"갈마","A9":"지구대","A10":"042-600-5102","A11":"대전광역시 서구 신갈마로 211"}},
{"type":"Feature","geometry":{"type":"Point","coordinates":[232928.4505,418068.8128]},"properties":{"A0":"127.36688205478616","A1":"36.360137457055046","A2":"대전 서구 청사로 27-7(월평동)","A3":"대전 서구 월평동 310-1","A4":"3017011300103100001","A5":"544","A6":"대전청","A7":"대전둔산","A8":"월평","A9":"지구대","A10":"042-600-5103","A11":"대전광역시 서구 청사로 27-7"}},
{"type":"Feature","geometry":{"type":"Point","coordinates":[235422.4238,418058.3969]},"properties":{"A0":"127.39466834491142","A1":"36.359954699245904","A2":"대전 서구 청사로 277(둔산동)","A3":"대전 서구 둔산동 908-4","A4":"3017011200109080004","A5":"545","A6":"대전청","A7":"대전둔산","A8":"청사","A9":"지구대","A10":"042-600-5104","A11":"대전광역시 서구 청사로 277"}},
{"type":"Feature","geometry":{"type":"Point","coordinates":[231477.2691,417839.3618]},"properties":{"A0":"127.35070437306781","A1":"36.358118320366145","A2":"대전 유성구 문화원로 136(봉명동)","A3":"대전 유성구 봉명동 676-1","A4":"3020011100106760001","A5":"546","A6":"대전청","A7":"대전유성","A8":"유성","A9":"지구대","A10":"042-822-0112","A11":"대전광역시 유성구  문화원로 136"}},
{"type":"Feature","geometry":{"type":"Point","coordinates":[233924.3868,420874.5908]},"properties":{"A0":"127.37810069887291","A1":"36.38538702067039","A2":"대전 유성구 가정로 318(도룡동)","A3":"대전 유성구 도룡동 394-2","A4":"3020012700103940002","A5":"547","A6":"대전청","A7":"대전유성","A8":"도룡","A9":"지구대","A10":"042-862-0112","A11":"대전광역시 유성구  가정로 318"}},
{"type":"Feature","geometry":{"type":"Point","coordinates":[228991.7458,419798.5249]},"properties":{"A0":"127.3230849868649","A1":"36.37585126436736","A2":"대전 유성구 은구비로 72(지족동)","A3":"대전 유성구 지족동 921","A4":"3020012000109210000","A5":"548","A6":"대전청","A7":"대전유성","A8":"노은","A9":"지구대","A10":"042-725-6206","A11":"대전광역시 유성구  은구비로 72"}},
{"type":"Feature","geometry":{"type":"Point","coordinates":[231267.1269,421359.626]},"properties":{"A0":"127.3485043821307","A1":"36.38984803469151","A2":"대전 유성구 신성로 71(신성동)","A3":"대전 유성구 신성동 141-2","A4":"3020012500101410002","A5":"549","A6":"대전청","A7":"대전유성","A8":"신성","A9":"지구대","A10":"042-725-0115","A11":"대전광역시 유성구 신성로 71"}},
{"type":"Feature","geometry":{"type":"Point","coordinates":[228375.8421,416178.5801]},"properties":{"A0":"127.31608970645371","A1":"36.343247949463944","A2":"대전 유성구 복용북로75번길 19(복용동)","A3":"대전 유성구 복용동 597-1","A4":"3020011600105970001","A5":"550","A6":"대전청","A7":"대전유성","A8":"복용","A9":"파출소","A10":"042-582-0112","A11":"대전광역시 유성구 복용북로75번길 19"}},
{"type":"Feature","geometry":{"type":"Point","coordinates":[234404.5571,426938.2883]},"properties":{"A0":"127.38372094926056","A1":"36.44001379119946","A2":"대전 유성구 구룡달전로 21(봉산동)","A3":"대전 유성구 봉산동 296","A4":"3020014500102960000","A5":"551","A6":"대전청","A7":"대전유성","A8":"구즉","A9":"지구대","A10":"042-935-4112","A11":"대전광역시 유성구 구룡달전로 21"}},
{"type":"Feature","geometry":{"type":"Point","coordinates":[228808.9088,411684.6523]},"properties":{"A0":"127.32074761274929","A1":"36.30273743662107","A2":"대전 유성구 원내동 원내로39번길 60","A3":"대전 유성구 원내동 95번지","A4":"3020010100100950000","A5":"552","A6":"대전청","A7":"대전유성","A8":"진잠","A9":"파출소","A10":"042-725-6008","A11":"대전광역시 유성구  원내동 95"}},
{"type":"Feature","geometry":{"type":"Point","coordinates":[200760.3066,557388.5851]},"properties":{"A0":"127.00861162787737","A1":"37.616088329959794","A2":"서울 성북구 솔샘로 111(정릉동)","A3":"서울 성북구 정릉동 239-3","A4":"1129013300102390003","A5":"54","A6":"서울청","A7":"서울성북","A8":"정릉","A9":"파출소","A10":"02-920-1840","A11":"서울특별시 성북구  솔샘로 111"}},
{"type":"Feature","geometry":{"type":"Point","coordinates":[408293.136,331647.1816]},"properties":{"A0":"129.2972696873048","A1":"35.559941518479974","A2":"울산 중구 종가5길 55(유곡동)","A3":"울산 중구 유곡동 480-10","A4":"3111011000104800010","A5":"553","A6":"울산청","A7":"울산중부","A8":"태화","A9":"지구대","A10":"052-245-0112","A11":"울산광역시 중구 종가5길 55"}},
{"type":"Feature","geometry":{"type":"Point","coordinates":[411238.5525,331273.2203]},"properties":{"A0":"129.32963338796304","A1":"35.555950000330355","A2":"울산 중구 학산로 7(학성동)","A3":"울산 중구 학성동 349-4","A4":"3111010100103490004","A5":"554","A6":"울산청","A7":"울산중부","A8":"중앙","A9":"지구대","A10":"052-296-0112","A11":"울산광역시 중구 학산로 7"}},
{"type":"Feature","geometry":{"type":"Point","coordinates":[412663.2637,333882.5138]},"properties":{"A0":"129.34601927889094","A1":"35.57913964160191","A2":"울산 중구 병영성7길 11(서동)","A3":"울산 중구 서동 61-6","A4":"3111011400100610006","A5":"555","A6":"울산청","A7":"울산중부","A8":"병영","A9":"지구대","A10":"052-294-0112","A11":"울산광역시 중구 병영성7길 11"}},
{"type":"Feature","geometry":{"type":"Point","coordinates":[412305.9612,331309.7251]},"properties":{"A0":"129.34140607899212","A1":"35.55605135479898","A2":"울산 중구 반구정10길 4(반구동)","A3":"울산 중구 반구동 583-3","A4":"3111011800105830003","A5":"556","A6":"울산청","A7":"울산중부","A8":"반구","A9":"파출소","A10":"052-293-0112","A11":"울산광역시 중구 반구정10길 4"}},
{"type":"Feature","geometry":{"type":"Point","coordinates":[410556.0453,334035.3467]},"properties":{"A0":"129.32283005289946","A1":"35.5809728539013","A2":"울산 중구 성안로 257(성안동)","A3":"울산 중구 성안동 379-7","A4":"3111010900103790007","A5":"557","A6":"울산청","A7":"울산중부","A8":"성안","A9":"파출소","A10":"052-244-3112","A11":"울산광역시 중구 성안로 257"}},
{"type":"Feature","geometry":{"type":"Point","coordinates":[410277.9065,329408.9804]},"properties":{"A0":"129.318563106834","A1":"35.539366163177206","A2":"울산 남구 돋질로 118(달동)","A3":"울산 남구 달동 636-1","A4":"3114010500106360001","A5":"558","A6":"울산청","A7":"울산남부","A8":"신정","A9":"지구대","A10":"052-273-0112","A11":"울산광역시 남구 돋질로 118"}},
{"type":"Feature","geometry":{"type":"Point","coordinates":[410810.1901,329978.7865]},"properties":{"A0":"129.32457606710557","A1":"35.544384647248236","A2":"울산 남구 번영로 217(신정동)","A3":"울산 남구 신정동 130-6","A4":"3114010400101300006","A5":"559","A6":"울산청","A7":"울산남부","A8":"삼산","A9":"지구대","A10":"052-265-0112","A11":"울산광역시 남구 번영로 217"}},
{"type":"Feature","geometry":{"type":"Point","coordinates":[411844.7436,327529.9994]},"properties":{"A0":"129.33533949635427","A1":"35.522111993402234","A2":"울산 남구 수암로 277(야음동)","A3":"울산 남구 야음동 385-27","A4":"3114010800103850027","A5":"560","A6":"울산청","A7":"울산남부","A8":"야음","A9":"지구대","A10":"052-273-8313","A11":"울산광역시 남구 수암로 277"}},
{"type":"Feature","geometry":{"type":"Point","coordinates":[407931.5813,328791.4383]},"properties":{"A0":"129.29255242061186","A1":"35.53429921970812","A2":"울산 남구 대공원입구로21번길 16(옥동)","A3":"울산 남구 옥동 249-14","A4":"3114010200102490014","A5":"561","A6":"울산청","A7":"울산남부","A8":"옥동","A9":"지구대","A10":"052-273-8321","A11":"울산광역시 남구 대공원입구로21번길 16"}},
{"type":"Feature","geometry":{"type":"Point","coordinates":[404938.0654,330538.6243]},"properties":{"A0":"129.2600105185285","A1":"35.550656507307465","A2":"울산 남구 신복로22번길 22(무거동)","A3":"울산 남구 무거동 1532-3","A4":"3114010100115320003","A5":"562","A6":"울산청","A7":"울산남부","A8":"무거","A9":"지구대","A10":"052-247-0112","A11":"울산광역시 남구 신복로22번길 22"}},
{"type":"Feature","geometry":{"type":"Point","coordinates":[200947.0966,556109.5976]},"properties":{"A0":"127.01072565327395","A1":"37.60456461684088","A2":"서울 성북구 정릉로26길 6(정릉동) 정릉2파출소","A3":"서울 성북구 정릉동 966-174","A4":"1129013300109660174","A5":"55","A6":"서울청","A7":"서울성북","A8":"정릉2","A9":"파출소","A10":"02-920-1850","A11":"서울특별시 성북구  정릉로26길 6 정릉2파출소"}},
{"type":"Feature","geometry":{"type":"Point","coordinates":[412341.7227,329760.1105]},"properties":{"A0":"129.34139420806528","A1":"35.5420887021936","A2":"울산 남구 화합로194번길 17(삼산동)","A3":"울산 남구 삼산동 1554-2","A4":"3114010600115540002","A5":"563","A6":"울산청","A7":"울산남부","A8":"본동","A9":"파출소","A10":"052-274-0112","A11":"울산광역시 남구 화합로194번길 17"}},
{"type":"Feature","geometry":{"type":"Point","coordinates":[419719.7093,324271.2525]},"properties":{"A0":"129.42119770585438","A1":"35.49105183355993","A2":"울산 동구 월봉12길 77(화정동)","A3":"울산 동구 화정동 880-32","A4":"3117010200108800032","A5":"564","A6":"울산청","A7":"울산동부","A8":"방어진","A9":"지구대","A10":"052-201-0112","A11":"울산광역시 동구 월봉12길 77"}},
{"type":"Feature","geometry":{"type":"Point","coordinates":[420341.6471,326284.9198]},"properties":{"A0":"129.42859252321364","A1":"35.50905034230894","A2":"울산 동구 진성4길 20(전하동)","A3":"울산 동구 전하동 651-6","A4":"3117010400106510006","A5":"565","A6":"울산청","A7":"울산동부","A8":"전하","A9":"지구대","A10":"052-236-0112","A11":"울산광역시 동구 진성4길 20"}},
{"type":"Feature","geometry":{"type":"Point","coordinates":[420296.9169,329949.3682]},"properties":{"A0":"129.42909496968048","A1":"35.542059604419705","A2":"울산 동구 동해안로 54(동부동)","A3":"울산 동구 동부동 618-1","A4":"3117010700106180001","A5":"566","A6":"울산청","A7":"울산동부","A8":"남목","A9":"파출소","A10":"052-235-0112","A11":"울산광역시 동구 동해안로 54"}},
{"type":"Feature","geometry":{"type":"Point","coordinates":[420001.2031,328170.9779]},"properties":{"A0":"129.42535555427733","A1":"35.52610619205885","A2":"울산 동구 서부로 74(서부동)","A3":"울산 동구 서부동 1058","A4":"3117010800110580000","A5":"567","A6":"울산청","A7":"울산동부","A8":"서부","A9":"파출소","A10":"052-251-0112","A11":"울산광역시 동구 서부로 74"}},
{"type":"Feature","geometry":{"type":"Point","coordinates":[414646.2918,334973.519]},"properties":{"A0":"129.3681680282723","A1":"35.588538230242364","A2":"울산 북구 화봉로 83(화봉동)","A3":"울산 북구 화봉동 450-2","A4":"3120012500104500002","A5":"568","A6":"울산청","A7":"울산북부","A8":"화봉","A9":"파출소","A10":"052-288-0112","A11":"울산광역시 북구 화봉로 83"}},
{"type":"Feature","geometry":{"type":"Point","coordinates":[413443.3044,338618.0359]},"properties":{"A0":"129.35586784847789","A1":"35.621622592582","A2":"울산 북구 호계로 194(호계동)","A3":"울산 북구 호계동 862-2","A4":"3120010200108620002","A5":"570","A6":"울산청","A7":"울산북부","A8":"농소1","A9":"파출소","A10":"052-295-0112","A11":"울산광역시 북구 호계로 194"}},
{"type":"Feature","geometry":{"type":"Point","coordinates":[412041.1118,339523.7178]},"properties":{"A0":"129.34064089693922","A1":"35.6300784383217","A2":"울산 북구 아진로 74(상안동)","A3":"울산 북구 상안동 358-31","A4":"3120010700103580031","A5":"571","A6":"울산청","A7":"울산북부","A8":"농소3","A9":"파출소","A10":"052-282-0112","A11":"울산광역시 북구 아진로 74"}},
{"type":"Feature","geometry":{"type":"Point","coordinates":[420684.231,339667.5866]},"properties":{"A0":"129.4360120013992","A1":"35.629485742940815","A2":"울산 북구 산음12길 6(산하동)","A3":"울산 북구 산하동 1010-2","A4":"3120011800110100002","A5":"573","A6":"울산청","A7":"울산북부","A8":"강동","A9":"파출소","A10":"052-298-0112","A11":"울산광역시 북구 산음12길 6"}},
{"type":"Feature","geometry":{"type":"Point","coordinates":[411172.7663,308189.4323]},"properties":{"A0":"129.32292692185916","A1":"35.34808156269405","A2":"울산 울주군 서생면 해맞이로 867","A3":"울산 울주군 서생면 신암리 393-1","A4":"3171031021103930001","A5":"574","A6":"울산청","A7":"울산울주","A8":"서생","A9":"파출소","A10":"052-239-0112","A11":"울산광역시 울주군 서생면 해맞이로 867"}},
{"type":"Feature","geometry":{"type":"Point","coordinates":[199883.1417,554859.7662]},"properties":{"A0":"126.99867681468822","A1":"37.59330423063642","A2":"서울 성북구 성북로 94(성북동) 성북파출소","A3":"서울 성북구 성북동 66-23","A4":"1129010100100660023","A5":"56","A6":"서울청","A7":"서울성북","A8":"성북","A9":"파출소","A10":"02-920-1860","A11":"서울특별시 성북구  성북로 94  성북파출소"}},
{"type":"Feature","geometry":{"type":"Point","coordinates":[403434.7192,332816.1432]},"properties":{"A0":"129.24401692795826","A1":"35.57147815062529","A2":"울산 울주군 범서읍 대리로 12","A3":"울산 울주군 범서읍 구영리 215-2","A4":"3171025927102150002","A5":"575","A6":"울산청","A7":"울산울주","A8":"범서","A9":"파출소","A10":"052-211-8112","A11":"울산광역시 울주군 범서읍 대리로 12"}},
{"type":"Feature","geometry":{"type":"Point","coordinates":[407304.3555,315767.7927]},"properties":{"A0":"129.2823238943389","A1":"35.41713961395662","A2":"울산 울주군 온양읍 남창2길 30","A3":"울산 울주군 온양읍 남창리 154-3","A4":"3171025624101540003","A5":"577","A6":"울산청","A7":"울산울주","A8":"온양","A9":"파출소","A10":"052-238-0112","A11":"울산광역시 울주군 온양읍 남창2길 30"}},
{"type":"Feature","geometry":{"type":"Point","coordinates":[409471.2315,317687.0441]},"properties":{"A0":"129.30665505097988","A1":"35.433970736830574","A2":"울산 울주군 온산읍 덕신로 229","A3":"울산 울주군 온산읍 덕신리 579-2","A4":"3171025032105790002","A5":"578","A6":"울산청","A7":"울산울주","A8":"온산","A9":"파출소","A10":"052-237-0112","A11":"울산광역시 울주군 온산읍 덕신로 229"}},
{"type":"Feature","geometry":{"type":"Point","coordinates":[399363.99,341966.5943]},"properties":{"A0":"129.20140228878554","A1":"35.65471685567587","A2":"울산 울주군 두동면 대밀길 25","A3":"울산 울주군 두동면 구미리 649-3","A4":"3171036022106490003","A5":"579","A6":"울산청","A7":"울산울주","A8":"두동","A9":"파출소","A10":"052-262-7612","A11":"울산광역시 울주군 두동면 대밀길 25"}},
{"type":"Feature","geometry":{"type":"Point","coordinates":[389402.2414,334672.9056]},"properties":{"A0":"129.08975941474827","A1":"35.59098360441671","A2":"울산 울주군 상북면 상북로 294","A3":"울산 울주군 상북면 산전리 406-1","A4":"3171038023104060001","A5":"580","A6":"울산청","A7":"울산울주","A8":"상북","A9":"파출소","A10":"052-263-0112","A11":"울산광역시 울주군 상북면 상북로 294"}},
{"type":"Feature","geometry":{"type":"Point","coordinates":[391132.8855,328586.0297]},"properties":{"A0":"129.10740893350487","A1":"35.535828358551015","A2":"울산 울주군 삼남읍 중남로 47","A3":"울산 울주군 삼남읍 가천리 19-2","A4":"3171026525100190002","A5":"581","A6":"울산청","A7":"울산울주","A8":"삼남","A9":"파출소","A10":"052-254-0112","A11":"울산광역시 울주군 삼남면 중남로 47"}},
{"type":"Feature","geometry":{"type":"Point","coordinates":[409213.4791,324506.024]},"properties":{"A0":"129.30557094376582","A1":"35.49543878846397","A2":"울산 울주군 청량읍 온산로 767","A3":"울산 울주군 청량읍 상남리 520-5","A4":"3171026223105200005","A5":"582","A6":"울산청","A7":"울산울주","A8":"청량","A9":"파출소","A10":"052-269-0112","A11":"울산광역시 울주군 청량읍 온산로 767"}},
{"type":"Feature","geometry":{"type":"Point","coordinates":[400247.7349,320755.0691]},"properties":{"A0":"129.20591067908418","A1":"35.46350100575854","A2":"울산 울주군 웅촌면 곡천검단로 15","A3":"울산 울주군 웅촌면 곡천리 896-2","A4":"3171034023108960002","A5":"583","A6":"울산청","A7":"울산울주","A8":"웅촌","A9":"파출소","A10":"052-225-0112","A11":"울산광역시 울주군 웅촌면 곡천검단로 15"}},
{"type":"Feature","geometry":{"type":"Point","coordinates":[225198.9953,429574.6424]},"properties":{"A0":"127.2811363987951","A1":"36.46405615193612","A2":"세종 금남면 용포로 62","A3":"세종 금남면 용포리 120-3","A4":"3611034021101200003","A5":"584","A6":"세종청","A7":"세종남부","A8":"금남","A9":"파출소","A10":"044-866-7112","A11":"세종특별자치시  금남면 용포로 62"}},
{"type":"Feature","geometry":{"type":"Point","coordinates":[223213.4215,431367.7144]},"properties":{"A0":"127.2590384330037","A1":"36.48026550586644","A2":"세종 노을3로 31(한솔동)","A3":"세종 한솔동 943","A4":"3611010600109430000","A5":"585","A6":"세종청","A7":"세종남부","A8":"한솔","A9":"지구대","A10":"044-864-0112","A11":"세종특별자치시   노을3로 31"}},
{"type":"Feature","geometry":{"type":"Point","coordinates":[204518.2814,552415.2475]},"properties":{"A0":"127.0511457462756","A1":"37.571268195154765","A2":"서울 동대문구 사가정로2길 9(답십리동)","A3":"서울 동대문구 답십리동 1004-1","A4":"1123010500110040001","A5":"57","A6":"서울청","A7":"서울동대문","A8":"답십리","A9":"지구대","A10":"02-961-4301","A11":"서울시 동대문구 사가정로 2길 9"}},
{"type":"Feature","geometry":{"type":"Point","coordinates":[222129.0958,434822.0136]},"properties":{"A0":"127.24703710174927","A1":"36.51141907078583","A2":"세종 보듬3로 113(아름동)","A3":"세종 아름동 1350","A4":"3611011300113500000","A5":"586","A6":"세종청","A7":"세종남부","A8":"아름","A9":"지구대","A10":"044-862-9112","A11":"세종특별자치시   보듬3로 113"}},
{"type":"Feature","geometry":{"type":"Point","coordinates":[223824.0302,433130.4515]},"properties":{"A0":"127.26590599270904","A1":"36.49613491374397","A2":"세종 다솜3로 3(어진동)","A3":"세종 어진동 653","A4":"3611011000106530000","A5":"587","A6":"세종청","A7":"세종남부","A8":"청사","A9":"지구대","A10":"044-320-8105","A11":"세종특별자치시   다솜3로 3"}},
{"type":"Feature","geometry":{"type":"Point","coordinates":[226078.5787,431100.8342]},"properties":{"A0":"127.2910010072308","A1":"36.477786307515274","A2":"세종 남세종로 440(보람동)","A3":"세종 보람동 764","A4":"3611010300107640000","A5":"588","A6":"세종청","A7":"세종남부","A8":"보람","A9":"지구대","A10":"044-866-5112","A11":"세종특별자치시 남세종로 440"}},
{"type":"Feature","geometry":{"type":"Point","coordinates":[226653.014,445150.0729]},"properties":{"A0":"127.29789613657724","A1":"36.604373794243145","A2":"세종 조치원읍 새내로 140","A3":"세종 조치원읍 교리 10-4","A4":"3611025024100100004","A5":"589","A6":"세종청","A7":"세종북부","A8":"조치원","A9":"지구대","A10":"044-863-0112","A11":"세종특별자치시  조치원읍 새내로 140"}},
{"type":"Feature","geometry":{"type":"Point","coordinates":[229082.2393,440067.602]},"properties":{"A0":"127.32485508974707","A1":"36.55850274639488","A2":"세종 연동면 청연로 606-1","A3":"세종 연동면 송용리 100-3","A4":"3611032027101000003","A5":"590","A6":"세종청","A7":"세종북부","A8":"연동","A9":"파출소","A10":"044-864-7112","A11":"세종특별자치시  부강면 청연로 606-1"}},
{"type":"Feature","geometry":{"type":"Point","coordinates":[218179.7711,453412.1168]},"properties":{"A0":"127.20338858309016","A1":"36.679024960882884","A2":"세종 전의면 만세길 6","A3":"세종 전의면 읍내리 266-1","A4":"3611037021102660001","A5":"591","A6":"세종청","A7":"세종북부","A8":"전의","A9":"파출소","A10":"044-836-2112","A11":"세종특별자치시  전의면 만세길 6"}},
{"type":"Feature","geometry":{"type":"Point","coordinates":[223691.9542,450854.0025]},"properties":{"A0":"127.26497741389906","A1":"36.65585221650139","A2":"세종 전동면 하노장4길 9","A3":"세종 전동면 노장리 583-1","A4":"3611038021105830001","A5":"592","A6":"세종청","A7":"세종북부","A8":"전동","A9":"파출소","A10":"044-863-1112","A11":"세종특별자치시  전동면 하노장4길 9"}},
{"type":"Feature","geometry":{"type":"Point","coordinates":[232638.95,437020.0535]},"properties":{"A0":"127.3644543947674","A1":"36.53092576584142","A2":"세종 부강면 부강신대길 72-2","A3":"세종 부강면 부강리 412-2","A4":"3611033021104120002","A5":"593","A6":"세종청","A7":"세종북부","A8":"부강","A9":"파출소","A10":"044-275-4112","A11":"세종특별자치시  부강면 부강신대길 72-2"}},
{"type":"Feature","geometry":{"type":"Point","coordinates":[200848.9303,521844.2184]},"properties":{"A0":"127.00957450474057","A1":"37.29582895468822","A2":"경기 수원시 장안구 송정로 113(조원동)","A3":"경기 수원시 장안구 조원동 680-6","A4":"4111113600106800006","A5":"594","A6":"경기남부청","A7":"수원중부","A8":"장안문","A9":"지구대","A10":"031-299-5100","A11":"경기도 수원시 장안구 송정로 113"}},
{"type":"Feature","geometry":{"type":"Point","coordinates":[198940.7557,523460.875]},"properties":{"A0":"126.98805118110829","A1":"37.310395401988956","A2":"경기 수원시 장안구 이목로 58(파장동)","A3":"경기 수원시 장안구 파장동 566-14","A4":"4111112900105660014","A5":"595","A6":"경기남부청","A7":"수원중부","A8":"노송","A9":"지구대","A10":"031-299-5101","A11":"경기도 수원시 장안구 이목로 58"}},
{"type":"Feature","geometry":{"type":"Point","coordinates":[203290.4665,552588.0232]},"properties":{"A0":"127.0372479973359","A1":"37.57283010415678","A2":"서울 동대문구 청계천로 549(용두동)","A3":"서울 동대문구 용두동 696-10","A4":"1123010200106960010","A5":"58","A6":"서울청","A7":"서울동대문","A8":"용신","A9":"지구대","A10":"02-961-4302","A11":"서울특별시 동대문구  청계천로549"}},
{"type":"Feature","geometry":{"type":"Point","coordinates":[199394.7555,520838.8663]},"properties":{"A0":"126.99317467343093","A1":"37.28677053080435","A2":"경기 수원시 팔달구 수성로182번길 3(화서동)","A3":"경기 수원시 팔달구 화서동 647-1","A4":"4111513800106470001","A5":"596","A6":"경기남부청","A7":"수원중부","A8":"화서문","A9":"지구대","A10":"031-299-5102","A11":"경기도 수원시 팔달구 수성로182번길 3"}},
{"type":"Feature","geometry":{"type":"Point","coordinates":[201945.7545,521319.2048]},"properties":{"A0":"127.02194347870513","A1":"37.29109672711417","A2":"경기 수원시 장안구 경수대로 758(연무동)","A3":"경기 수원시 장안구 연무동 254-11","A4":"4111113700102540011","A5":"597","A6":"경기남부청","A7":"수원중부","A8":"창룡문","A9":"지구대","A10":"031-299-5103","A11":"경기도 수원시 장안구 경수대로 758"}},
{"type":"Feature","geometry":{"type":"Point","coordinates":[202629.3845,520191.1296]},"properties":{"A0":"127.02964920684758","A1":"37.28093065281874","A2":"경기 수원시 팔달구 경수대로 621(지동)","A3":"경기 수원시 팔달구 지동 480-6","A4":"4111513900104800006","A5":"598","A6":"경기남부청","A7":"수원중부","A8":"동부","A9":"파출소","A10":"031-299-5104","A11":"경기도 수원시 팔달구 경수대로 621"}},
{"type":"Feature","geometry":{"type":"Point","coordinates":[197651.4817,522618.9769]},"properties":{"A0":"126.97351019959072","A1":"37.302807226850106","A2":"경기 수원시 장안구 하률로 2(천천동)","A3":"경기 수원시 장안구 천천동 557-1","A4":"4111113300105570001","A5":"599","A6":"경기남부청","A7":"수원중부","A8":"율천","A9":"파출소","A10":"031-299-5105","A11":"경기도 수원시 장안구 하률로 2"}},
{"type":"Feature","geometry":{"type":"Point","coordinates":[201892.8053,520423.459]},"properties":{"A0":"127.02134405375321","A1":"37.28302582196584","A2":"경기 수원시 팔달구 창룡대로 48(남수동)","A3":"경기 수원시 팔달구 남수동 11-841","A4":"4111512700100110841","A5":"600","A6":"경기남부청","A7":"수원중부","A8":"행궁","A9":"파출소","A10":"031-299-5106","A11":"경기도 수원시 찰달구 창룡대로 48"}},
{"type":"Feature","geometry":{"type":"Point","coordinates":[202785.3745,519617.7247]},"properties":{"A0":"127.03140600866698","A1":"37.275763563365146","A2":"경기 수원시 팔달구 장다리로 312(인계동)","A3":"경기 수원시 팔달구 인계동 930-1","A4":"4111514100109300001","A5":"601","A6":"경기남부청","A7":"수원남부","A8":"인계","A9":"지구대","A10":"031-299-1118","A11":"경기 수원시 팔달구 장다리로 312"}},
{"type":"Feature","geometry":{"type":"Point","coordinates":[204705.447,518832.3185]},"properties":{"A0":"127.05305048959778","A1":"37.26867901147567","A2":"경기 수원시 영통구 매영로 93-18(매탄동)","A3":"경기 수원시 영통구 매탄동 1213-2","A4":"4111710100112130002","A5":"602","A6":"경기남부청","A7":"수원남부","A8":"산남","A9":"지구대","A10":"031-299-1128","A11":"경기 수원시 영통구 매영로 93-18"}},
{"type":"Feature","geometry":{"type":"Point","coordinates":[202653.808,516964.29]},"properties":{"A0":"127.02991312759963","A1":"37.251855464252515","A2":"경기 수원시 권선구 권중로 77(권선동)","A3":"경기 수원시 권선구 권선동 1268","A4":"4111313700112680000","A5":"603","A6":"경기남부청","A7":"수원남부","A8":"곡선","A9":"지구대","A10":"031-299-1138","A11":"경기 수원시 권선구 권중로77"}},
{"type":"Feature","geometry":{"type":"Point","coordinates":[206904.9593,517299.1056]},"properties":{"A0":"127.07783417167877","A1":"37.254850445205825","A2":"경기 수원시 영통구 청명로 92(영통동)","A3":"경기 수원시 영통구 영통동 1046-2","A4":"4111710500110460002","A5":"604","A6":"경기남부청","A7":"수원남부","A8":"영통","A9":"지구대","A10":"031-299-1148","A11":"경기 수원시 영통구 청명로 92"}},
{"type":"Feature","geometry":{"type":"Point","coordinates":[203543.272,518437.9729]},"properties":{"A0":"127.03994594771234","A1":"37.265130970651406","A2":"경기 수원시 팔달구 동수원로 403(인계동)","A3":"경기 수원시 팔달구 인계동 1117-1","A4":"4111514100111170001","A5":"605","A6":"경기남부청","A7":"수원남부","A8":"매탄","A9":"지구대","A10":"031-299-1158","A11":"경기 수원시 팔달구 동수원로 403"}},
{"type":"Feature","geometry":{"type":"Point","coordinates":[203994.4635,553827.581]},"properties":{"A0":"127.04522395078364","A1":"37.58399566427343","A2":"서울 동대문구 약령시로21길 15(청량리동)","A3":"서울 동대문구 청량리동 232-2","A4":"1123010700102320002","A5":"59","A6":"서울청","A7":"서울동대문","A8":"청량리","A9":"파출소","A10":"02-961-4303","A11":"서울특별시 동대문구 약령시로21길 15"}},
{"type":"Feature","geometry":{"type":"Point","coordinates":[201356.6477,515949.7024]},"properties":{"A0":"127.01528996582894","A1":"37.24271633464878","A2":"경기 수원시 권선구 정조로 370(세류동)","A3":"경기 수원시 권선구 세류동 1167-33","A4":"4111312600111670033","A5":"606","A6":"경기남부청","A7":"수원남부","A8":"세류","A9":"지구대","A10":"031-299-1168","A11":"경기 수원시 권선구 정조로 370"}},
{"type":"Feature","geometry":{"type":"Point","coordinates":[202621.0668,517851.2018]},"properties":{"A0":"127.02954717626783","A1":"37.259846966217395","A2":"경기 수원시 권선구 권선로699번길 24-23(권선동)","A3":"경기 수원시 권선구 권선동 1013-23","A4":"4111313700110130023","A5":"607","A6":"경기남부청","A7":"수원남부","A8":"권선","A9":"파출소","A10":"031-299-1178","A11":"경기 수원시 권선로 699번길 24-23"}},
{"type":"Feature","geometry":{"type":"Point","coordinates":[204915.4668,515686.6127]},"properties":{"A0":"127.05539754458552","A1":"37.2403338549931","A2":"경기 수원시 영통구 영통로 143(망포동)","A3":"경기 수원시 영통구 망포동 396-1","A4":"4111710700103960001","A5":"608","A6":"경기남부청","A7":"수원남부","A8":"태장","A9":"파출소","A10":"031-299-1188","A11":"경기 수원시 영통구 영통로 143"}},
{"type":"Feature","geometry":{"type":"Point","coordinates":[204227.2136,521045.3026]},"properties":{"A0":"127.04767134152388","A1":"37.28862119807389","A2":"경기 수원시 영통구 에듀타운로 82(이의동)","A3":"경기 수원시 영통구 이의동 1347-6","A4":"4111710300113470006","A5":"609","A6":"경기남부청","A7":"수원남부","A8":"광교","A9":"지구대","A10":"031-299-1198","A11":"경기 수원시 영통구 에듀타운로 82"}},
{"type":"Feature","geometry":{"type":"Point","coordinates":[199983.7139,518547.2351]},"properties":{"A0":"126.9998163921324","A1":"37.266122203042755","A2":"경기 수원시 팔달구 덕영대로 944(매산로1가)","A3":"경기 수원시 팔달구 매산로1가 18","A4":"4111513400100180000","A5":"610","A6":"경기남부청","A7":"수원서부","A8":"매산","A9":"지구대","A10":"031-8012-1090","A11":"경기도 수원시 팔달구 덕영대로 944"}},
{"type":"Feature","geometry":{"type":"Point","coordinates":[197461.0339,520170.2023]},"properties":{"A0":"126.9713704305165","A1":"37.280742340593875","A2":"경기 수원시 권선구 구운로73번길 18-13(구운동)","A3":"경기 수원시 권선구 구운동 938","A4":"4111313200109380000","A5":"611","A6":"경기남부청","A7":"수원서부","A8":"서호","A9":"지구대","A10":"031-8012-1092","A11":"수원시 권선구 구운로73번길 18-13"}},
{"type":"Feature","geometry":{"type":"Point","coordinates":[197551.0552,517708.8836]},"properties":{"A0":"126.97239360781191","A1":"37.25856507941457","A2":"경기 수원시 권선구 서부로 1673(탑동)","A3":"경기 수원시 권선구 탑동 911","A4":"4111313300109110000","A5":"612","A6":"경기남부청","A7":"수원서부","A8":"고색","A9":"파출소","A10":"031-8012-1094","A11":"경기 수원시 권선구 서부로 1673"}},
{"type":"Feature","geometry":{"type":"Point","coordinates":[195705.8599,519333.1401]},"properties":{"A0":"126.95158380387419","A1":"37.27319364000058","A2":"경기 수원시 권선구 금곡로 190(금곡동)","A3":"경기 수원시 권선구 금곡동 1119-1","A4":"4111313400111190001","A5":"614","A6":"경기남부청","A7":"수원서부","A8":"호매실","A9":"지구대","A10":"031-8012-1093","A11":"경기도 수원시 권선구 금곡동 금곡로 190"}},
{"type":"Feature","geometry":{"type":"Point","coordinates":[201274.8148,518880.1586]},"properties":{"A0":"127.01437269187963","A1":"37.26912112312813","A2":"경기 수원시 팔달구 매산로116번길 50(매교동)","A3":"경기 수원시 팔달구 매교동 77-63","A4":"4111513300100770063","A5":"615","A6":"경기남부청","A7":"수원서부","A8":"유천","A9":"파출소","A10":"031-8012-1096","A11":"경기도 수원시 팔달구 매교동 매산로 116번길 50"}},
{"type":"Feature","geometry":{"type":"Point","coordinates":[194844.2451,521396.8349]},"properties":{"A0":"126.94185493738676","A1":"37.29178396177136","A2":"경기 수원시 권선구 당진로32번길 28-4(당수동)","A3":"경기 수원시 권선구 당수동 159-1","A4":"4111314100101590001","A5":"616","A6":"경기남부청","A7":"수원서부","A8":"당수","A9":"파출소","A10":"031-8012-1097","A11":"경기도 수원시 권선구 당진로 32번길 28-4"}},
{"type":"Feature","geometry":{"type":"Point","coordinates":[203712.7056,554004.3236]},"properties":{"A0":"127.0420348719522","A1":"37.585589250676264","A2":"서울 동대문구 약령시로17길 59-11(제기동)","A3":"서울 동대문구 제기동 287-33","A4":"1123010300102870033","A5":"60","A6":"서울청","A7":"서울동대문","A8":"제기","A9":"파출소","A10":"02-961-4304","A11":"서울특별시 동대문구 약령시로 17길 59-11"}},
{"type":"Feature","geometry":{"type":"Point","coordinates":[197011.4741,530777.205]},"properties":{"A0":"126.96625845363025","A1":"37.37631351205","A2":"경기 안양시 동안구 흥안대로223번길 30-1(호계동)","A3":"경기 안양시 동안구 호계동 1118-1","A4":"4117310400111180001","A5":"617","A6":"경기남부청","A7":"안양동안","A8":"갈산","A9":"지구대","A10":"031-456-1113","A11":"경기도 안양시 동안구 흥안대로223번길 30-1"}},
{"type":"Feature","geometry":{"type":"Point","coordinates":[197357.3233,534089.9048]},"properties":{"A0":"126.97015138240363","A1":"37.40616273736191","A2":"경기 안양시 동안구 동편로 190(관양동)","A3":"경기 안양시 동안구 관양동 1730","A4":"4117310200117300000","A5":"618","A6":"경기남부청","A7":"안양동안","A8":"인덕원","A9":"지구대","A10":"031-423-0112","A11":"경기도 안양시 동안구 동편로 190"}},
{"type":"Feature","geometry":{"type":"Point","coordinates":[194508.3878,533308.1105]},"properties":{"A0":"126.93797892149743","A1":"37.399106108238605","A2":"경기 안양시 동안구 관악대로 125(비산동)","A3":"경기 안양시 동안구 비산동 459-57","A4":"4117310100104590057","A5":"619","A6":"경기남부청","A7":"안양동안","A8":"비산","A9":"지구대","A10":"031-447-0112","A11":"경기도 안양시 동안구 관악대로 125"}},
{"type":"Feature","geometry":{"type":"Point","coordinates":[196359.3854,529878.6826]},"properties":{"A0":"126.95890055002133","A1":"37.368215267734925","A2":"경기 안양시 동안구 경수대로508번길 17(호계동)","A3":"경기 안양시 동안구 호계동 1006-9","A4":"4117310400110060009","A5":"620","A6":"경기남부청","A7":"안양동안","A8":"범계","A9":"지구대","A10":"031-452-5607","A11":"경기도 안양시 동안구 경수대로508번길 17"}},
{"type":"Feature","geometry":{"type":"Point","coordinates":[195822.298,532285.0047]},"properties":{"A0":"126.9528237102791","A1":"37.38989455258306","A2":"경기 안양시 동안구 평촌대로217번길 57(호계동)","A3":"경기 안양시 동안구 호계동 1051-2","A4":"4117310400110510002","A5":"621","A6":"경기남부청","A7":"안양동안","A8":"평안","A9":"지구대","A10":"031-381-0112","A11":"경기도 안양시 동안구 평촌대로217번길 57"}},
{"type":"Feature","geometry":{"type":"Point","coordinates":[196857.0624,532347.6649]},"properties":{"A0":"126.96450841731809","A1":"37.39046321995052","A2":"경기 안양시 동안구 관평로138번길 43(평촌동)","A3":"경기 안양시 동안구 평촌동 896-5","A4":"4117310300108960005","A5":"622","A6":"경기남부청","A7":"안양동안","A8":"호계","A9":"파출소","A10":"031-384-0112","A11":"경기도 안양시 동안구 관평로138번길 43"}},
{"type":"Feature","geometry":{"type":"Point","coordinates":[193849.1767,532262.5472]},"properties":{"A0":"126.93054270600584","A1":"37.389681166344644","A2":"경기 안양시 만안구 안양로170번길 20(안양동)","A3":"경기 안양시 만안구 안양동 441-1","A4":"4117110100104410001","A5":"623","A6":"경기남부청","A7":"안양만안","A8":"명학","A9":"지구대","A10":"031-8041-6172","A11":"경기도 안양시 만안구 안양로170번길 20"}},
{"type":"Feature","geometry":{"type":"Point","coordinates":[192526.298,533042.2351]},"properties":{"A0":"126.91559638943974","A1":"37.39669673410026","A2":"경기 안양시 만안구 병목안로 56(안양동)","A3":"경기 안양시 만안구 안양동 782-82","A4":"4117110100107820082","A5":"624","A6":"경기남부청","A7":"안양만안","A8":"안양","A9":"지구대","A10":"031-8041-6113","A11":"경기도 안양시 만안구 병목안로 56"}},
{"type":"Feature","geometry":{"type":"Point","coordinates":[192776.4653,535046.7119]},"properties":{"A0":"126.91840200179472","A1":"37.41475940561111","A2":"경기 안양시 만안구 경수대로 1161(안양동)","A3":"경기 안양시 만안구 안양동 42-17","A4":"4117110100100420017","A5":"625","A6":"경기남부청","A7":"안양만안","A8":"석수","A9":"지구대","A10":"031-8041-6174","A11":"경기도 안양시 만안구 경수대로 1161"}},
{"type":"Feature","geometry":{"type":"Point","coordinates":[191779.51,533670.0361]},"properties":{"A0":"126.9071555751629","A1":"37.402346948971655","A2":"경기 안양시 만안구 박달로 492(박달동)","A3":"경기 안양시 만안구 박달동 94-136","A4":"4117110300100940136","A5":"626","A6":"경기남부청","A7":"안양만안","A8":"박달","A9":"지구대","A10":"031-8041-6175","A11":"경기도 안양시 만안구 박달로 492"}},
{"type":"Feature","geometry":{"type":"Point","coordinates":[199369.1586,551852.4269]},"properties":{"A0":"126.99285952928571","A1":"37.566208073715885","A2":"서울 중구 충무로 56-1(을지로3가)","A3":"서울 중구 을지로3가 291-50","A4":"1114015500102910050","A5":"7","A6":"서울청","A7":"서울중부","A8":"을지로3가","A9":"파출소","A10":"02-2266-2404","A11":"서울특별시 중구 충무로56-1"}},
{"type":"Feature","geometry":{"type":"Point","coordinates":[204233.7575,552954.9001]},"properties":{"A0":"127.0479281095535","A1":"37.576131750930315","A2":"서울 동대문구 서울시립대로 56(전농동)","A3":"서울 동대문구 전농동 650-1","A4":"1123010400106500001","A5":"61","A6":"서울청","A7":"서울동대문","A8":"전농1","A9":"파출소","A10":"02-961-4305","A11":"서울특별시 동대문구 서울시립대로 56"}},
{"type":"Feature","geometry":{"type":"Point","coordinates":[195089.8941,528095.7165]},"properties":{"A0":"126.94458087759344","A1":"37.352144413553596","A2":"경기 군포시 군포로 511(당동)","A3":"경기 군포시 당동 775-18","A4":"4141010100107750018","A5":"627","A6":"경기남부청","A7":"군포","A8":"군포","A9":"지구대","A10":"031-452-0112","A11":"경기도 군포시 군포로 511"}},
{"type":"Feature","geometry":{"type":"Point","coordinates":[193497.7816,529839.062]},"properties":{"A0":"126.92659587137275","A1":"37.367842580460994","A2":"경기 군포시 수리산로203번길 51(산본동)","A3":"경기 군포시 산본동 1105-4","A4":"4141010400111050004","A5":"628","A6":"경기남부청","A7":"군포","A8":"산본","A9":"지구대","A10":"031-397-4112","A11":"경기도 군포시 수리산로203번길 51"}},
{"type":"Feature","geometry":{"type":"Point","coordinates":[192685.8185,525399.8597]},"properties":{"A0":"126.91747330690018","A1":"37.32783811968354","A2":"경기 군포시 대야1로24번길 4(대야미동)","A3":"경기 군포시 대야미동 654-1","A4":"4141010800106540001","A5":"629","A6":"경기남부청","A7":"군포","A8":"대야","A9":"파출소","A10":"031-438-1125","A11":"경기도 군포시 대야1로 24번길 4"}},
{"type":"Feature","geometry":{"type":"Point","coordinates":[212454.7671,488845.2098]},"properties":{"A0":"127.13991997755176","A1":"36.99840574879197","A2":"경기 평택시 현신4길 8(용이동)","A3":"경기 평택시 용이동 448-5","A4":"4122012400104480005","A5":"724","A6":"경기남부청","A7":"평택","A8":"용이","A9":"파출소","A10":"031-652-4112","A11":"경기도 평택시 현신4길 8"}},
{"type":"Feature","geometry":{"type":"Point","coordinates":[195043.3368,529590.7803]},"properties":{"A0":"126.94404540945047","A1":"37.36561509803606","A2":"경기 군포시 군포로683번길 31(금정동)","A3":"경기 군포시 금정동 904","A4":"4141010500109040000","A5":"630","A6":"경기남부청","A7":"군포","A8":"금정","A9":"파출소","A10":"031-453-0105","A11":"경기도 군포시 군포로 683번길 31"}},
{"type":"Feature","geometry":{"type":"Point","coordinates":[194666.2491,524832.1557]},"properties":{"A0":"126.9398227827013","A1":"37.32273639948074","A2":"경기 군포시 번영로 6-4(부곡동)","A3":"경기 군포시 부곡동 1111-1","A4":"4141010300111110001","A5":"631","A6":"경기남부청","A7":"군포","A8":"송부","A9":"파출소","A10":"031-391-0112","A11":"경기도 군포시 번영로 6-4"}},
{"type":"Feature","geometry":{"type":"Point","coordinates":[211363.6292,537172.5763]},"properties":{"A0":"127.12839765989287","A1":"37.433872211874515","A2":"경기 성남시 수정구 모란로 1(수진동)","A3":"경기 성남시 수정구 수진동 4795","A4":"4113110300147950000","A5":"632","A6":"경기남부청","A7":"성남수정","A8":"수진","A9":"지구대","A10":"031-750-4020","A11":"성남시 수정구 모란로 1"}},
{"type":"Feature","geometry":{"type":"Point","coordinates":[212742.919,538028.1293]},"properties":{"A0":"127.14399700755999","A1":"37.44156289256097","A2":"경기 성남시 수정구 시민로 150(신흥동)","A3":"경기 성남시 수정구 신흥동 3775","A4":"4113110100137750000","A5":"633","A6":"경기남부청","A7":"성남수정","A8":"신흥","A9":"지구대","A10":"031-750-4030","A11":"성남시 수정구 시민로 150"}},
{"type":"Feature","geometry":{"type":"Point","coordinates":[212054.1299,538125.9269]},"properties":{"A0":"127.13621519756038","A1":"37.442453287163964","A2":"경기 성남시 수정구 수정로 145(태평동)","A3":"경기 성남시 수정구 태평동 3498-2","A4":"4113110200134980002","A5":"634","A6":"경기남부청","A7":"성남수정","A8":"중앙","A9":"파출소","A10":"031-750-4040","A11":"성남시 수정구 수정로 145"}},
{"type":"Feature","geometry":{"type":"Point","coordinates":[212874.6249,538925.1103]},"properties":{"A0":"127.14550067477433","A1":"37.449642607196424","A2":"경기 성남시 수정구 수정로279번길 5(신흥동)","A3":"경기 성남시 수정구 신흥동 37","A4":"4113110100100370000","A5":"635","A6":"경기남부청","A7":"성남수정","A8":"산성","A9":"파출소","A10":"031-750-4014","A11":"성남시 수정구 수정로 279번길 5"}},
{"type":"Feature","geometry":{"type":"Point","coordinates":[214003.9111,539223.0953]},"properties":{"A0":"127.15826904909397","A1":"37.45231144579752","A2":"경기 성남시 수정구 단대로 15(단대동)","A3":"경기 성남시 수정구 단대동 101-4","A4":"4113110400101010004","A5":"636","A6":"경기남부청","A7":"성남수정","A8":"단대","A9":"파출소","A10":"031-750-4010","A11":"성남시 수정구 단대로 15"}},
{"type":"Feature","geometry":{"type":"Point","coordinates":[204789.9288,554086.6583]},"properties":{"A0":"127.05423161580089","A1":"37.58632613451582","A2":"서울 동대문구 전농로38다길 21(전농동)","A3":"서울 동대문구 전농동 103-570","A4":"1123010400101030570","A5":"62","A6":"서울청","A7":"서울동대문","A8":"전농2","A9":"파출소","A10":"02-961-4306","A11":"서울특별시 동대문구 전농로38다길 21"}},
{"type":"Feature","geometry":{"type":"Point","coordinates":[212269.5723,537685.1191]},"properties":{"A0":"127.13864217232","A1":"37.43847901561388","A2":"경기 성남시 수정구 탄리로 21(수진동)","A3":"경기 성남시 수정구 수진동 1921","A4":"4113110300119210000","A5":"637","A6":"경기남부청","A7":"성남수정","A8":"수진1","A9":"파출소","A10":"031-750-4024","A11":"성남시 수정구 탄리로 21"}},
{"type":"Feature","geometry":{"type":"Point","coordinates":[212470.7222,538731.7798]},"properties":{"A0":"127.1409330394389","A1":"37.44790657408602","A2":"경기 성남시 수정구 남문로 128(태평동)","A3":"경기 성남시 수정구 태평동 7290","A4":"4113110200172900000","A5":"638","A6":"경기남부청","A7":"성남수정","A8":"태평4","A9":"파출소","A10":"031-750-4034","A11":"성남시 수정구 남문로 128"}},
{"type":"Feature","geometry":{"type":"Point","coordinates":[208882.8328,536713.7637]},"properties":{"A0":"127.10036167906941","A1":"37.42976517908036","A2":"경기 성남시 수정구 고등공원로 47(고등동)","A3":"경기 성남시 수정구 고등동 587","A4":"4113111200105870000","A5":"639","A6":"경기남부청","A7":"성남수정","A8":"고등","A9":"파출소","A10":"031-750-4050","A11":"성남시 수정구 고등공원로 47"}},
{"type":"Feature","geometry":{"type":"Point","coordinates":[211281.9136,539647.2083]},"properties":{"A0":"127.12751221133837","A1":"37.456169944042905","A2":"경기 성남시 수정구 복정로 36(복정동)","A3":"경기 성남시 수정구 복정동 695","A4":"4113110700106950000","A5":"640","A6":"경기남부청","A7":"성남수정","A8":"복정","A9":"파출소","A10":"031-750-4060","A11":"성남시 수정구 복정로 36"}},
{"type":"Feature","geometry":{"type":"Point","coordinates":[213242.0031,541441.3783]},"properties":{"A0":"127.14969800489257","A1":"37.472309588622764","A2":"경기 성남시 수정구 위례동로 135-2(창곡동)","A3":"경기 성남시 수정구 창곡동 513-4","A4":"4113110800105130004","A5":"641","A6":"경기남부청","A7":"성남수정","A8":"성남위례","A9":"파출소","A10":"031-750-4070","A11":"성남시 수정구 위례동로 135-2"}},
{"type":"Feature","geometry":{"type":"Point","coordinates":[212389.1006,537420.9049]},"properties":{"A0":"127.13998862074892","A1":"37.43609652648691","A2":"경기 성남시 중원구 산성대로 190-6(성남동)","A3":"경기 성남시 중원구 성남동 2199","A4":"4113310100121990000","A5":"642","A6":"경기남부청","A7":"성남중원","A8":"성호","A9":"지구대","A10":"031-8036-5403","A11":"경기도 성남시 중원구 산성대로 190-6"}},
{"type":"Feature","geometry":{"type":"Point","coordinates":[214276.1554,538676.7108]},"properties":{"A0":"127.16133528745897","A1":"37.44738450748047","A2":"경기 성남시 중원구 산성대로408번길 26-1(금광동)","A3":"경기 성남시 중원구 금광동 3464","A4":"4113310300134640000","A5":"643","A6":"경기남부청","A7":"성남중원","A8":"금광","A9":"지구대","A10":"031-8036-5413","A11":"경기도 성남시 중원구 산성대로 408번길 26-1"}},
{"type":"Feature","geometry":{"type":"Point","coordinates":[214672.6576,537075.8151]},"properties":{"A0":"127.16578434041259","A1":"37.432953846190955","A2":"경기 성남시 중원구 둔촌대로 439(상대원동)","A3":"경기 성남시 중원구 상대원동 1437","A4":"4113310500114370000","A5":"644","A6":"경기남부청","A7":"성남중원","A8":"대원","A9":"파출소","A10":"031-8036-5423","A11":"경기도 성남시 중원구 둔촌대로 439"}},
{"type":"Feature","geometry":{"type":"Point","coordinates":[214033.3288,537762.8868]},"properties":{"A0":"127.1585738054639","A1":"37.439154360438735","A2":"경기 성남시 중원구 희망로 373(상대원동)","A3":"경기 성남시 중원구 상대원동 3154-1","A4":"4113310500131540001","A5":"645","A6":"경기남부청","A7":"성남중원","A8":"상대원2","A9":"파출소","A10":"031-8036-5433","A11":"경기도 성남시 중원구 희망로 373"}},
{"type":"Feature","geometry":{"type":"Point","coordinates":[214612.767,539571.3916]},"properties":{"A0":"127.16515689214587","A1":"37.455440000246625","A2":"경기 성남시 중원구 은행로25번길 14(은행동)","A3":"경기 성남시 중원구 은행동 1417-1","A4":"4113310400114170001","A5":"646","A6":"경기남부청","A7":"성남중원","A8":"은행","A9":"파출소","A10":"031-8036-5443","A11":"경기도 성남시 중원구 은행로25번길 14"}},
{"type":"Feature","geometry":{"type":"Point","coordinates":[205740.5857,552235.4682]},"properties":{"A0":"127.06498039461977","A1":"37.56964160215366","A2":"서울 동대문구 한천로20길 9(장안동)","A3":"서울 동대문구 장안동 164-9","A4":"1123010600101640009","A5":"63","A6":"서울청","A7":"서울동대문","A8":"장안1","A9":"파출소","A10":"02-961-4307","A11":"서울특별시 동대문구 한천로20길 9"}},
{"type":"Feature","geometry":{"type":"Point","coordinates":[213684.83,535372.3016]},"properties":{"A0":"127.15459150052757","A1":"37.417620077494924","A2":"경기 성남시 중원구 도촌북로 43(도촌동)","A3":"경기 성남시 중원구 도촌동 631","A4":"4113310700106310000","A5":"647","A6":"경기남부청","A7":"성남중원","A8":"도촌","A9":"파출소","A10":"031-8036-5453","A11":"경기도 성남시 중원구 도촌북로 43"}},
{"type":"Feature","geometry":{"type":"Point","coordinates":[211269.4206,534481.8297]},"properties":{"A0":"127.12729217322692","A1":"37.40962939180521","A2":"경기 성남시 분당구 야탑로 76(야탑동)","A3":"경기 성남시 분당구 야탑동 505","A4":"4113510700105050000","A5":"648","A6":"경기남부청","A7":"분당","A8":"야탑","A9":"지구대","A10":"031-736-6113","A11":"경기도 성남시 분당구 야탑로 76"}},
{"type":"Feature","geometry":{"type":"Point","coordinates":[211175.6048,531444.3372]},"properties":{"A0":"127.12618659903745","A1":"37.38226203044374","A2":"경기 성남시 분당구 중앙공원로31번길 30(서현동)","A3":"경기 성남시 분당구 서현동 89-5","A4":"4113510500100890005","A5":"649","A6":"경기남부청","A7":"분당","A8":"서현","A9":"지구대","A10":"031-736-6124","A11":"경기도 성남시 분당구 중앙공원로31번길 30"}},
{"type":"Feature","geometry":{"type":"Point","coordinates":[209507.7361,528037.8072]},"properties":{"A0":"127.10731058165292","A1":"37.351586942294745","A2":"경기 성남시 분당구 성남대로171번길 12(금곡동)","A3":"경기 성남시 분당구 금곡동 173","A4":"4113511100101730000","A5":"650","A6":"경기남부청","A7":"분당","A8":"금곡","A9":"지구대","A10":"031-736-6135","A11":"경기도 성남시 분당구 성남대로171번길 12"}},
{"type":"Feature","geometry":{"type":"Point","coordinates":[206998.778,532388.3777]},"properties":{"A0":"127.07903395815927","A1":"37.390808851082305","A2":"경기 성남시 분당구 운중로146번길 6(운중동)","A3":"경기 성남시 분당구 운중동 938","A4":"4113511500109380000","A5":"651","A6":"경기남부청","A7":"분당","A8":"서판교","A9":"파출소","A10":"031-736-6154","A11":"경기도 성남시 분당구 운중로146번길 6"}},
{"type":"Feature","geometry":{"type":"Point","coordinates":[210251.9769,534137.8557]},"properties":{"A0":"127.11579503273694","A1":"37.40654185206155","A2":"경기 성남시 분당구 동판교로266번길 24(삼평동)","A3":"경기 성남시 분당구 삼평동 716","A4":"4113510900107160000","A5":"652","A6":"경기남부청","A7":"분당","A8":"동판교","A9":"파출소","A10":"031-736-6143","A11":"경기도 성남시 분당구 동판교로266번길 24"}},
{"type":"Feature","geometry":{"type":"Point","coordinates":[211185.2824,529723.8611]},"properties":{"A0":"127.12626974175518","A1":"37.36675992130236","A2":"경기 성남시 분당구 불정로 253(수내동)","A3":"경기 성남시 분당구 수내동 85","A4":"4113510200100850000","A5":"653","A6":"경기남부청","A7":"분당","A8":"수내","A9":"파출소","A10":"031-736-6162","A11":"경기도 성남시 분당구 불정로 253"}},
{"type":"Feature","geometry":{"type":"Point","coordinates":[210693.3079,526688.3969]},"properties":{"A0":"127.12067224342343","A1":"37.33941548590742","A2":"경기 성남시 분당구 구미로 107(구미동)","A3":"경기 성남시 분당구 구미동 223","A4":"4113511400102230000","A5":"654","A6":"경기남부청","A7":"분당","A8":"구미","A9":"파출소","A10":"031-736-6173","A11":"경기도 성남시 분당구 구미로 107"}},
{"type":"Feature","geometry":{"type":"Point","coordinates":[179888.178,542241.2684]},"properties":{"A0":"126.77261877628499","A1":"37.47939237453165","A2":"경기 부천시 소사구 성주로 147(송내동)","A3":"경기 부천시 소사구 송내동 611-2","A4":"4119410500106110002","A5":"655","A6":"경기남부청","A7":"부천소사","A8":"송내","A9":"지구대","A10":"032-456-0185","A11":"경기도 부천시 소사구 성주로 147"}},
{"type":"Feature","geometry":{"type":"Point","coordinates":[181959.2915,542575.6697]},"properties":{"A0":"126.79602615709655","A1":"37.48244820364894","A2":"경기 부천시 소사구 경인로 363(소사본동)","A3":"경기 부천시 소사구 소사본동 51","A4":"4119410100100510000","A5":"656","A6":"경기남부청","A7":"부천소사","A8":"소사","A9":"지구대","A10":"032-456-0186","A11":"경기도 부천시 소사구 경인로 363"}},
{"type":"Feature","geometry":{"type":"Point","coordinates":[206569.0309,553028.7307]},"properties":{"A0":"127.07436513042035","A1":"37.57678330976284","A2":"서울 동대문구 답십리로69길 100(장안동)","A3":"서울 동대문구 장안동 329-5","A4":"1123010600103290005","A5":"64","A6":"서울청","A7":"서울동대문","A8":"장안2","A9":"파출소","A10":"02-961-4308","A11":"서울특별시 동대문구  답십리로 69길 100"}},
{"type":"Feature","geometry":{"type":"Point","coordinates":[183142.9241,541203.7641]},"properties":{"A0":"126.8094400647122","A1":"37.47010981324061","A2":"경기 부천시 소사구 범안로 131(범박동)","A3":"경기 부천시 소사구 범박동 156","A4":"4119410300101560000","A5":"657","A6":"경기남부청","A7":"부천소사","A8":"범박","A9":"지구대","A10":"032-456-0187","A11":"경기도 부천시 소사구 범안로 131"}},
{"type":"Feature","geometry":{"type":"Point","coordinates":[180511.1142,543524.5154]},"properties":{"A0":"126.77962757243878","A1":"37.49096797405875","A2":"경기 부천시 원미구 장말로 337(심곡동)","A3":"경기 부천시 원미구 심곡동 428-2","A4":"4119210200104280002","A5":"658","A6":"경기남부청","A7":"부천원미","A8":"중앙","A9":"지구대","A10":"032-680-6815","A11":"경기도 부천시 장말로 337"}},
{"type":"Feature","geometry":{"type":"Point","coordinates":[179004.9556,545174.731]},"properties":{"A0":"126.76254963649978","A1":"37.5058035564651","A2":"경기 부천시 원미구 석천로 203-16(중동)","A3":"경기 부천시 원미구 중동 1032-1","A4":"4119210800110320001","A5":"659","A6":"경기남부청","A7":"부천원미","A8":"중동","A9":"지구대","A10":"032-680-6835","A11":"경기도 부천시 석천로 203-16"}},
{"type":"Feature","geometry":{"type":"Point","coordinates":[178190.8742,543618.4204]},"properties":{"A0":"126.75338871073376","A1":"37.49176236385803","A2":"경기 부천시 원미구 상일로 99(상동)","A3":"경기 부천시 원미구 상동 396-3","A4":"4119210900103960003","A5":"660","A6":"경기남부청","A7":"부천원미","A8":"상동","A9":"지구대","A10":"032-680-6825","A11":"경기도 부천시 상일로 99"}},
{"type":"Feature","geometry":{"type":"Point","coordinates":[179803.1674,544286.6256]},"properties":{"A0":"126.77160158297042","A1":"37.49781954244606","A2":"경기 부천시 원미구 조마루로 252(중동)","A3":"경기 부천시 원미구 중동 1184-1","A4":"4119210800111840001","A5":"661","A6":"경기남부청","A7":"부천원미","A8":"계남","A9":"지구대","A10":"032-680-6845","A11":"경기도 부천시 조마루로 252"}},
{"type":"Feature","geometry":{"type":"Point","coordinates":[181484.1392,544121.0573]},"properties":{"A0":"126.79061528226676","A1":"37.49636375471886","A2":"경기 부천시 원미구 원미로149번길 4(원미동)","A3":"경기 부천시 원미구 원미동 57","A4":"4119210100100570000","A5":"662","A6":"경기남부청","A7":"부천원미","A8":"원미","A9":"지구대","A10":"032-680-6855","A11":"경기도 부천시 원미로 149번길 4"}},
{"type":"Feature","geometry":{"type":"Point","coordinates":[183012.9828,542989.1775]},"properties":{"A0":"126.80792991659231","A1":"37.486194104962806","A2":"경기 부천시 원미구 부일로711번길 29(역곡동)","A3":"경기 부천시 원미구 역곡동 53-11","A4":"4119210700100530011","A5":"663","A6":"경기남부청","A7":"부천원미","A8":"역곡","A9":"지구대","A10":"032-680-6865","A11":"경기도 부천시 부일로711번길 29"}},
{"type":"Feature","geometry":{"type":"Point","coordinates":[179702.61,546121.9632]},"properties":{"A0":"126.77041363169758","A1":"37.51435358995966","A2":"경기 부천시 원미구 중동로388번길 6(약대동)","A3":"경기 부천시 원미구 약대동 97-1","A4":"4119210500100970001","A5":"664","A6":"경기남부청","A7":"부천원미","A8":"약대","A9":"지구대","A10":"032-680-6875","A11":"경기도 부천시 중동로 388번길 6"}},
{"type":"Feature","geometry":{"type":"Point","coordinates":[180100.6275,546790.0653]},"properties":{"A0":"126.77489759125775","A1":"37.5203820008648","A2":"경기 부천시 오정구 신흥로 411(삼정동)","A3":"경기 부천시 오정구 삼정동 196","A4":"4119610700101960000","A5":"665","A6":"경기남부청","A7":"부천오정","A8":"내동","A9":"지구대","A10":"032-670-2100","A11":"경기도 부천시 오정구 신흥로 411(삼정동)"}},
{"type":"Feature","geometry":{"type":"Point","coordinates":[182778.2293,547356.4388]},"properties":{"A0":"126.8051733716797","A1":"37.52553878540071","A2":"경기 부천시 오정구 소사로 778(원종동)","A3":"경기 부천시 오정구 원종동 233-11","A4":"4119610400102330011","A5":"666","A6":"경기남부청","A7":"부천오정","A8":"원종","A9":"지구대","A10":"032-670-2200","A11":"경기도 부천시 오정구 소사로 778(원종동)"}},
{"type":"Feature","geometry":{"type":"Point","coordinates":[206016.5761,555212.7371]},"properties":{"A0":"127.06812897400805","A1":"37.596464806085464","A2":"서울 동대문구 한천로 402(이문동)","A3":"서울 동대문구 이문동 92-1","A4":"1123011000100920001","A5":"65","A6":"서울청","A7":"서울동대문","A8":"이문","A9":"지구대","A10":"02-961-4309","A11":"서울특별시 동대문구  한천로 402"}},
{"type":"Feature","geometry":{"type":"Point","coordinates":[183717.232,547952.3207]},"properties":{"A0":"126.81578288078975","A1":"37.53092488841452","A2":"경기 부천시 오정구 역곡로 519(고강동)","A3":"경기 부천시 오정구 고강동 276-1","A4":"4119610500102760001","A5":"667","A6":"경기남부청","A7":"부천오정","A8":"고강","A9":"파출소","A10":"032-670-2300","A11":"경기도 부천시 오정구 역곡로 519(고강동)"}},
{"type":"Feature","geometry":{"type":"Point","coordinates":[182379.9718,546519.7799]},"properties":{"A0":"126.80068803797158","A1":"37.51799313275679","A2":"경기 부천시 오정구 삼작로352번길 42(여월동)","A3":"경기 부천시 오정구 여월동 8-36","A4":"4119610200100080036","A5":"668","A6":"경기남부청","A7":"부천오정","A8":"성곡","A9":"파출소","A10":"032-670-2400","A11":"경기도 부천시 오정구 삼작로352번길 42(여월동)"}},
{"type":"Feature","geometry":{"type":"Point","coordinates":[188411.0778,542072.1098]},"properties":{"A0":"126.86897977017867","A1":"37.478014735796435","A2":"경기 광명시 철산로29번길 16(철산동) 철산지구대","A3":"경기 광명시 철산동 241-3","A4":"4121010200102410003","A5":"669","A6":"경기남부청","A7":"광명","A8":"철산","A9":"지구대","A10":"02-2682-0112","A11":"경기도 광명시 철산로29번길 16(철산동, 철산지구대)"}},
{"type":"Feature","geometry":{"type":"Point","coordinates":[189147.0609,540243.9589]},"properties":{"A0":"126.87732741803964","A1":"37.46155186026505","A2":"경기 광명시 범안로 1027(하안동) 하안동하안지구대","A3":"경기 광명시 하안동 650-5","A4":"4121010300106500005","A5":"670","A6":"경기남부청","A7":"광명","A8":"하안","A9":"지구대","A10":"02-809-0112","A11":"경기도 광명시 범안로 1027(하안동,하안지구대)"}},
{"type":"Feature","geometry":{"type":"Point","coordinates":[190110.7924,538955.1043]},"properties":{"A0":"126.88823806453296","A1":"37.44994971327","A2":"경기 광명시 금하로 500(소하동) 소하지구대","A3":"경기 광명시 소하동 1310","A4":"4121010400113100000","A5":"671","A6":"경기남부청","A7":"광명","A8":"소하","A9":"지구대","A10":"02-899-0112","A11":"경기도 광명시 금하로 500(소하동, 소하지구대)"}},
{"type":"Feature","geometry":{"type":"Point","coordinates":[188086.1974,542989.703]},"properties":{"A0":"126.86529192846837","A1":"37.48627824025243","A2":"경기 광명시 사성로 67(철산동) 광명지구대","A3":"경기 광명시 철산동 66-9","A4":"4121010200100660009","A5":"672","A6":"경기남부청","A7":"광명","A8":"광명","A9":"지구대","A10":"02-2685-0112","A11":"경기도 광명시 사성로 67(철산동, 광명지구대)"}},
{"type":"Feature","geometry":{"type":"Point","coordinates":[186603.1001,541067.3995]},"properties":{"A0":"126.84855772464363","A1":"37.46893778051187","A2":"경기 광명시 광명로 772(광명동) 광남지구대","A3":"경기 광명시 광명동 752-4","A4":"4121010100107520004","A5":"673","A6":"경기남부청","A7":"광명","A8":"광남","A9":"지구대","A10":"02-2613-0112","A11":"경기도 광명시 광명로 772(광명동, 광남지구대)"}},
{"type":"Feature","geometry":{"type":"Point","coordinates":[189926.4457,534840.5414]},"properties":{"A0":"126.88621065346307","A1":"37.41287513175866","A2":"경기 광명시 서독로 418(일직동) 일직동일직파출소","A3":"경기 광명시 일직동 528","A4":"4121010600105280000","A5":"674","A6":"경기남부청","A7":"광명","A8":"일직","A9":"파출소","A10":"02-2093-05670","A11":"경기도 광명시 서독로418(일직동,일직파출소)"}},
{"type":"Feature","geometry":{"type":"Point","coordinates":[185093.7116,524796.9118]},"properties":{"A0":"126.83182583976101","A1":"37.3223126537276","A2":"경기 안산시 단원구 화랑로 397(고잔동)","A3":"경기 안산시 단원구 고잔동 515","A4":"4127310100105150000","A5":"675","A6":"경기남부청","A7":"안산단원","A8":"고잔","A9":"파출소","A10":"031-401-0112","A11":"경기도 안산시 단원구 화랑로 397"}},
{"type":"Feature","geometry":{"type":"Point","coordinates":[184465.2513,523458.6245]},"properties":{"A0":"126.82476067274989","A1":"37.310245969597744","A2":"경기 안산시 단원구 광덕2로 127(고잔동)","A3":"경기 안산시 단원구 고잔동 712-3","A4":"4127310100107120003","A5":"676","A6":"경기남부청","A7":"안산단원","A8":"호수","A9":"지구대","A10":"031-439-7112","A11":"경기도 안산시 단원구 광덕2로 127"}},
{"type":"Feature","geometry":{"type":"Point","coordinates":[206008.4715,553898.189]},"properties":{"A0":"127.06802641570181","A1":"37.584620895503214","A2":"서울 동대문구 한천로 266(휘경동)","A3":"서울 동대문구 휘경동 43-267","A4":"1123010900100430267","A5":"66","A6":"서울청","A7":"서울동대문","A8":"휘경","A9":"파출소","A10":"02-961-4310","A11":"서울특별시 동대문구  한천로 266"}},
{"type":"Feature","geometry":{"type":"Point","coordinates":[184850.022,527142.3501]},"properties":{"A0":"126.82902601066314","A1":"37.34344376610912","A2":"경기 안산시 단원구 선부로 323(와동)","A3":"경기 안산시 단원구 와동 79-2","A4":"4127310200100790002","A5":"677","A6":"경기남부청","A7":"안산단원","A8":"와동","A9":"파출소","A10":"031-410-0112","A11":"경기도 안산시 단원구 선부로 323"}},
{"type":"Feature","geometry":{"type":"Point","coordinates":[183088.0146,525878.8335]},"properties":{"A0":"126.8091699257257","A1":"37.33202893884662","A2":"경기 안산시 단원구 선부광장1로 150(선부동)","A3":"경기 안산시 단원구 선부동 1072-5","A4":"4127310900110720005","A5":"678","A6":"경기남부청","A7":"안산단원","A8":"선부","A9":"파출소","A10":"031-482-0112","A11":"경기도 안산시 단원구 선부광장1로 150"}},
{"type":"Feature","geometry":{"type":"Point","coordinates":[182626.362,527213.2327]},"properties":{"A0":"126.80392934832906","A1":"37.34404347891717","A2":"경기 안산시 단원구 선여불로 19(선부동)","A3":"경기 안산시 단원구 선부동 703-3","A4":"4127310900107030003","A5":"679","A6":"경기남부청","A7":"안산단원","A8":"선부2","A9":"파출소","A10":"031-508-0112","A11":"경기도 안산시 단원구 선여불로 19"}},
{"type":"Feature","geometry":{"type":"Point","coordinates":[183809.7244,527719.4286]},"properties":{"A0":"126.81727328968978","A1":"37.34862821128948","A2":"경기 안산시 단원구 달미로 144(선부동)","A3":"경기 안산시 단원구 선부동 1163","A4":"4127310900111630000","A5":"680","A6":"경기남부청","A7":"안산단원","A8":"선부3","A9":"파출소","A10":"031-486-0112","A11":"경기도 안산시 단원구 달미로 144"}},
{"type":"Feature","geometry":{"type":"Point","coordinates":[181796.567,525953.7572]},"properties":{"A0":"126.7945957188366","A1":"37.33267935644112","A2":"경기 안산시 단원구 원곡공원로 30(원곡동)","A3":"경기 안산시 단원구 원곡동 753","A4":"4127310800107530000","A5":"681","A6":"경기남부청","A7":"안산단원","A8":"원곡","A9":"파출소","A10":"031-495-0113","A11":"경기도 안산시 단원구 원곡공원로30"}},
{"type":"Feature","geometry":{"type":"Point","coordinates":[182030.8844,525442.6299]},"properties":{"A0":"126.79725189901413","A1":"37.32807845545785","A2":"경기 안산시 단원구 원선로 33(원곡동)","A3":"경기 안산시 단원구 원곡동 821-3","A4":"4127310800108210003","A5":"682","A6":"경기남부청","A7":"안산단원","A8":"원선","A9":"파출소","A10":"031-495-0112","A11":"경기도 안산시 단원구 원선로33"}},
{"type":"Feature","geometry":{"type":"Point","coordinates":[181686.6784,523756.3272]},"properties":{"A0":"126.79340988405741","A1":"37.31287779493582","A2":"경기 안산시 단원구 동산로 29(원시동)","A3":"경기 안산시 단원구 원시동 773-6","A4":"4127310500107730006","A5":"683","A6":"경기남부청","A7":"안산단원","A8":"공단","A9":"파출소","A10":"031-494-0112","A11":"경기도 안산시 단원구 동산로 29"}},
{"type":"Feature","geometry":{"type":"Point","coordinates":[162965.1313,516284.0204]},"properties":{"A0":"126.58259040557905","A1":"37.24499397795117","A2":"경기 안산시 단원구 대부중앙로 67(대부북동)","A3":"경기 안산시 단원구 대부북동 294-6","A4":"4127311100102940006","A5":"684","A6":"경기남부청","A7":"안산단원","A8":"대부","A9":"파출소","A10":"032-886-0112","A11":"경기도 안산시 단원구 대부중앙로 67"}},
{"type":"Feature","geometry":{"type":"Point","coordinates":[180848.8395,526159.1708]},"properties":{"A0":"126.7838964978151","A1":"37.334511534405564","A2":"경기 안산시 단원구 도일로 45(신길동)","A3":"경기 안산시 단원구 신길동 1697","A4":"4127310300116970000","A5":"685","A6":"경기남부청","A7":"안산단원","A8":"신길","A9":"파출소","A10":"031-8040-8989","A11":"안산시 단원구 도일로 45"}},
{"type":"Feature","geometry":{"type":"Point","coordinates":[187690.5972,522614.7277]},"properties":{"A0":"126.86115798179686","A1":"37.30269064652295","A2":"경기 안산시 상록구 상록수로 12(본오동)","A3":"경기 안산시 상록구 본오동 877-3","A4":"4127110400108770003","A5":"686","A6":"경기남부청","A7":"안산상록","A8":"본오","A9":"지구대","A10":"031-417-0112","A11":"경기도 안산시 상록구 상록수로 12"}},
{"type":"Feature","geometry":{"type":"Point","coordinates":[204579.4201,554614.4121]},"properties":{"A0":"127.05185153091227","A1":"37.59108222758175","A2":"서울 동대문구 회기로18길 2(회기동)","A3":"서울 동대문구 회기동 103-46","A4":"1123010800101030046","A5":"67","A6":"서울청","A7":"서울동대문","A8":"회기","A9":"파출소","A10":"02-961-4311","A11":"서울특별시 동대문구  회기로18길 2"}},
{"type":"Feature","geometry":{"type":"Point","coordinates":[186814.009,521964.9237]},"properties":{"A0":"126.85128215199069","A1":"37.29682348689002","A2":"경기 안산시 상록구 석호로 175(사동)","A3":"경기 안산시 상록구 사동 1304-1","A4":"4127110300113040001","A5":"687","A6":"경기남부청","A7":"안산상록","A8":"사동","A9":"지구대","A10":"031-407-0112","A11":"경기도 안산시 상록구 석호로 175"}},
{"type":"Feature","geometry":{"type":"Point","coordinates":[187897.4818,520639.7265]},"properties":{"A0":"126.8635236398454","A1":"37.284897725345544","A2":"경기 안산시 상록구 샘골로 11(본오동)","A3":"경기 안산시 상록구 본오동 1153-1","A4":"4127110400111530001","A5":"688","A6":"경기남부청","A7":"안산상록","A8":"본오1","A9":"파출소","A10":"031-415-0112","A11":"경기도 안산시 상록구 샘골로 11"}},
{"type":"Feature","geometry":{"type":"Point","coordinates":[187667.6923,525825.2614]},"properties":{"A0":"126.86084626668674","A1":"37.33161807200479","A2":"경기 안산시 상록구 성호로 324(부곡동)","A3":"경기 안산시 상록구 부곡동 671-11","A4":"4127110700106710011","A5":"689","A6":"경기남부청","A7":"안산상록","A8":"부곡","A9":"파출소","A10":"031-416-0112","A11":"경기도 안산시 상록구 성호로 324"}},
{"type":"Feature","geometry":{"type":"Point","coordinates":[186384.7465,525996.0647]},"properties":{"A0":"126.84636687664415","A1":"37.33313915240298","A2":"경기 안산시 상록구 안산천서로 215(월피동)","A3":"경기 안산시 상록구 월피동 512-3","A4":"4127110900105120003","A5":"690","A6":"경기남부청","A7":"안산상록","A8":"월피","A9":"파출소","A10":"031-414-8112","A11":"경기도 안산시 상록구 안산천서로 215"}},
{"type":"Feature","geometry":{"type":"Point","coordinates":[186469.1389,525313.8366]},"properties":{"A0":"126.84733151818858","A1":"37.32699342493764","A2":"경기 안산시 상록구 예술광장로 47(성포동)","A3":"경기 안산시 상록구 성포동 593-18","A4":"4127110800105930018","A5":"691","A6":"경기남부청","A7":"안산상록","A8":"성포","A9":"파출소","A10":"031-414-5112","A11":"경기도 안산시 상록구 예술광장로 47"}},
{"type":"Feature","geometry":{"type":"Point","coordinates":[187979.0948,523721.6682]},"properties":{"A0":"126.86439411776988","A1":"37.312668135685115","A2":"경기 안산시 상록구 호동로 118(일동)","A3":"경기 안산시 상록구 일동 600-6","A4":"4127110100106000006","A5":"692","A6":"경기남부청","A7":"안산상록","A8":"일동","A9":"파출소","A10":"031-418-0112","A11":"경기도 안산시 상록구 호동로 118"}},
{"type":"Feature","geometry":{"type":"Point","coordinates":[186822.6153,523118.4062]},"properties":{"A0":"126.85135880006192","A1":"37.307216882167054","A2":"경기 안산시 상록구 중보1길 35(이동)","A3":"경기 안산시 상록구 이동 716-6","A4":"4127110200107160006","A5":"693","A6":"경기남부청","A7":"안산상록","A8":"이동","A9":"파출소","A10":"031-409-3112","A11":"경기도 안산시 상록구 중보1길 35"}},
{"type":"Feature","geometry":{"type":"Point","coordinates":[191335.8794,522923.674]},"properties":{"A0":"126.902270695613","A1":"37.30551526669582","A2":"경기 안산시 상록구 건건로 47(건건동)","A3":"경기 안산시 상록구 건건동 645-1","A4":"4127111100106450001","A5":"694","A6":"경기남부청","A7":"안산상록","A8":"반월","A9":"파출소","A10":"031-437-0112","A11":"경기도 안산시 상록구 건건로 47"}},
{"type":"Feature","geometry":{"type":"Point","coordinates":[189983.5704,522046.2004]},"properties":{"A0":"126.88703009050172","A1":"37.2975953798241","A2":"경기 안산시 상록구 소학길 8(팔곡일동)","A3":"경기 안산시 상록구 팔곡일동 681-1","A4":"4127111000106810001","A5":"695","A6":"경기남부청","A7":"안산상록","A8":"팔곡","A9":"파출소","A10":"031-416-5112","A11":"경기도 안산시 상록구 소학길 8"}},
{"type":"Feature","geometry":{"type":"Point","coordinates":[189051.4019,529414.9426]},"properties":{"A0":"126.8764065535504","A1":"37.363979305855054","A2":"경기 안산시 상록구 수인로 2026(수암동)","A3":"경기 안산시 상록구 수암동 502","A4":"4127111300105020000","A5":"696","A6":"경기남부청","A7":"안산상록","A8":"수암","A9":"파출소","A10":"031-484-0112","A11":"경기도 안산시 상록구 수인로 2026"}},
{"type":"Feature","geometry":{"type":"Point","coordinates":[193751.9846,549761.3797]},"properties":{"A0":"126.92929676306554","A1":"37.54734684211139","A2":"서울 마포구 독막로22길 8(창전동) 서강지구대","A3":"서울 마포구 창전동 402-59","A4":"1144011400104020059","A5":"68","A6":"서울청","A7":"서울마포","A8":"서강","A9":"지구대","A10":"02-334-4975","A11":"서울특별시 마포구  독막로22길 8(창전동, 서강지구대)"}},
{"type":"Feature","geometry":{"type":"Point","coordinates":[180635.8985,531428.279]},"properties":{"A0":"126.78135592769243","A1":"37.381982923845","A2":"경기 시흥시 장곡로54번길 25-14(장곡동)","A3":"경기 시흥시 장곡동 793-3","A4":"4139013000107930003","A5":"697","A6":"경기남부청","A7":"시흥","A8":"장곡","A9":"지구대","A10":"031-317-0112","A11":"경기도 시흥시 장곡로 54번길 25-14"}},
{"type":"Feature","geometry":{"type":"Point","coordinates":[175959.2678,528025.2271]},"properties":{"A0":"126.72866201635833","A1":"37.35121107827135","A2":"경기 시흥시 정왕대로118번길 1(정왕동)","A3":"경기 시흥시 정왕동 1849-7","A4":"4139013200118490007","A5":"698","A6":"경기남부청","A7":"시흥","A8":"옥구","A9":"지구대","A10":"031-499-0112","A11":"경기도 시흥시 정왕대로 118번길 1"}},
{"type":"Feature","geometry":{"type":"Point","coordinates":[177057.2838,527749.2087]},"properties":{"A0":"126.74106330105788","A1":"37.34875187414514","A2":"경기 시흥시 정왕신길로 216(정왕동)","A3":"경기 시흥시 정왕동 1800-10","A4":"4139013200118000010","A5":"699","A6":"경기남부청","A7":"시흥","A8":"정왕","A9":"지구대","A10":"031-433-4112","A11":"경기도 시흥시 정왕신길로 216"}},
{"type":"Feature","geometry":{"type":"Point","coordinates":[182295.0014,538336.9837]},"properties":{"A0":"126.79992370422752","A1":"37.44426370780238","A2":"경기 시흥시 은행로 148(은행동)","A3":"경기 시흥시 은행동 541-1","A4":"4139010600105410001","A5":"700","A6":"경기남부청","A7":"시흥","A8":"은행","A9":"지구대","A10":"031-318-0112","A11":"경기도 시흥시 은행로 148"}},
{"type":"Feature","geometry":{"type":"Point","coordinates":[180979.8182,527246.2785]},"properties":{"A0":"126.78534644026436","A1":"37.34430917021826","A2":"경기 시흥시 군자로 513(거모동)","A3":"경기 시흥시 거모동 1757-6","A4":"4139012700117570006","A5":"701","A6":"경기남부청","A7":"시흥","A8":"군자","A9":"파출소","A10":"031-491-0112","A11":"경기도 시흥시 군자로 513"}},
{"type":"Feature","geometry":{"type":"Point","coordinates":[183615.3191,535248.983]},"properties":{"A0":"126.81491231479251","A1":"37.41646505169437","A2":"경기 시흥시 매화로 36(매화동)","A3":"경기 시흥시 매화동 202-1","A4":"4139010800102020001","A5":"702","A6":"경기남부청","A7":"시흥","A8":"매화","A9":"파출소","A10":"031-315-0112","A11":"경기도 시흥시 매화로 36"}},
{"type":"Feature","geometry":{"type":"Point","coordinates":[181137.1355,537792.955]},"properties":{"A0":"126.78685300797639","A1":"37.43933946921719","A2":"경기 시흥시 신천로 100(신천동)","A3":"경기 시흥시 신천동 768","A4":"4139010200107680000","A5":"703","A6":"경기남부청","A7":"시흥","A8":"신천","A9":"파출소","A10":"031-314-0112","A11":"경기도 시흥시 신천로 100번 안길 15"}},
{"type":"Feature","geometry":{"type":"Point","coordinates":[181013.7801,538341.6885]},"properties":{"A0":"126.78544506259558","A1":"37.444281066403704","A2":"경기 시흥시 호현로 42(대야동)","A3":"경기 시흥시 대야동 494","A4":"4139010100104940000","A5":"704","A6":"경기남부청","A7":"시흥","A8":"대야","A9":"파출소","A10":"031-432-0112","A11":"경기도 시흥시 호현로 42"}},
{"type":"Feature","geometry":{"type":"Point","coordinates":[177284.3444,526791.2845]},"properties":{"A0":"126.74365527640967","A1":"37.340126359107686","A2":"경기 시흥시 중심상가로 271(정왕동)","A3":"경기 시흥시 정왕동 1785-4","A4":"4139013200117850004","A5":"705","A6":"경기남부청","A7":"시흥","A8":"시화","A9":"파출소","A10":"031-432-0112","A11":"경기도 시흥시 중심상가로 271"}},
{"type":"Feature","geometry":{"type":"Point","coordinates":[183502.4268,529997.2159]},"properties":{"A0":"126.81375423389036","A1":"37.36914394212893","A2":"경기 시흥시 장현능곡로 211(능곡동)","A3":"경기 시흥시 능곡동 613","A4":"4139011800106130000","A5":"706","A6":"경기남부청","A7":"시흥","A8":"능곡","A9":"파출소","A10":"031-315-0113","A11":"경기도 시흥시 장현능곡로 211"}},
{"type":"Feature","geometry":{"type":"Point","coordinates":[195939.5715,550254.2784]},"properties":{"A0":"126.95404902177941","A1":"37.551800014651704","A2":"서울 마포구 마포대로 195-1(아현동)","A3":"서울 마포구 아현동 785","A4":"1144010100107850000","A5":"69","A6":"서울청","A7":"서울마포","A8":"공덕","A9":"지구대","A10":"02-703-0492","A11":"서울특별시 마포구 마포대로 195-1"}},
{"type":"Feature","geometry":{"type":"Point","coordinates":[187449.7909,531362.5865]},"properties":{"A0":"126.8582938173933","A1":"37.38150785891298","A2":"경기 시흥시 목감우회로 17-6(조남동)","A3":"경기 시흥시 조남동 696","A4":"4139012400106960000","A5":"707","A6":"경기남부청","A7":"시흥","A8":"목감","A9":"파출소","A10":"031-310-9113","A11":"경기도 시흥시 목감우회로 17-6"}},
{"type":"Feature","geometry":{"type":"Point","coordinates":[175989.7378,529728.6767]},"properties":{"A0":"126.72894971805415","A1":"37.36656022925238","A2":"경기 시흥시 서울대학로264번길 50(배곧동, 배곧헤리움어반크로스2차)","A3":"경기 시흥시 배곧동 233","A4":"4139013500102330000","A5":"708","A6":"경기남부청","A7":"시흥","A8":"배곧","A9":"지구대","A10":"031-310-9112","A11":"경기도 시흥시 서울대학로 264번길 50"}},
{"type":"Feature","geometry":{"type":"Point","coordinates":[207621.2197,488836.4229]},"properties":{"A0":"127.08561864902552","A1":"36.99837848951063","A2":"경기 평택시 중앙1로 23(통복동)","A3":"경기 평택시 통복동 73-1","A4":"4122011400100730001","A5":"709","A6":"경기남부청","A7":"평택","A8":"평택","A9":"지구대","A10":"031-651-2113","A11":"경기도 평택시 중앙1로 23"}},
{"type":"Feature","geometry":{"type":"Point","coordinates":[204985.5102,495354.1375]},"properties":{"A0":"127.05605158121443","A1":"37.05712582397108","A2":"경기 평택시 서정역로 34(서정동)","A3":"경기 평택시 서정동 332-35","A4":"4122010100103320035","A5":"710","A6":"경기남부청","A7":"평택","A8":"서정","A9":"지구대","A10":"031-666-2113","A11":"경기도 평택시 서정역로 34"}},
{"type":"Feature","geometry":{"type":"Point","coordinates":[205560.6411,485093.7807]},"properties":{"A0":"127.06244210049084","A1":"36.964668519461824","A2":"경기 평택시 팽성읍 동서촌로 93","A3":"경기 평택시 팽성읍 객사리 47-3","A4":"4122025021100470003","A5":"711","A6":"경기남부청","A7":"평택","A8":"팽성","A9":"지구대","A10":"031-691-8112","A11":"경기도 평택시 팽성읍 동서촌로 93"}},
{"type":"Feature","geometry":{"type":"Point","coordinates":[205651.4196,501234.3977]},"properties":{"A0":"127.06358258675237","A1":"37.110107191841806","A2":"경기 평택시 진위면 경기대로 1856","A3":"경기 평택시 진위면 하북리 143-1","A4":"4122031031101430001","A5":"712","A6":"경기남부청","A7":"평택","A8":"진위","A9":"파출소","A10":"031-668-6112","A11":"경기도 평택시 진위면 경기대로 1856"}},
{"type":"Feature","geometry":{"type":"Point","coordinates":[203010.0864,501008.1338]},"properties":{"A0":"127.03386478472183","A1":"37.108080662672776","A2":"경기 평택시 서탄면 서탄로 280","A3":"경기 평택시 서탄면 금암리 251-2","A4":"4122032021102510002","A5":"713","A6":"경기남부청","A7":"평택","A8":"서탄","A9":"파출소","A10":"031-662-9112","A11":"경기도 평택시 서탄면 서탄로 280"}},
{"type":"Feature","geometry":{"type":"Point","coordinates":[189502.8683,487064.3773]},"properties":{"A0":"126.88209758382143","A1":"36.982383327517006","A2":"경기 평택시 포승읍 서동대로 1150","A3":"경기 평택시 포승읍 방림리산 73-4","A4":"4122025627200730004","A5":"714","A6":"경기남부청","A7":"평택","A8":"포승","A9":"파출소","A10":"031-682-3112","A11":"경기도 평택시 포승읍 서동대로 1150"}},
{"type":"Feature","geometry":{"type":"Point","coordinates":[209164.4338,488599.3638]},"properties":{"A0":"127.10295262967136","A1":"36.996228625179285","A2":"경기 평택시 평택5로 189(비전동)","A3":"경기 평택시 비전동 819-1","A4":"4122011800108190001","A5":"715","A6":"경기남부청","A7":"평택","A8":"비전","A9":"지구대","A10":"031-656-7112","A11":"경기도 평택시 평택5로 189"}},
{"type":"Feature","geometry":{"type":"Point","coordinates":[204418.492,493512.6126]},"properties":{"A0":"127.04966576053612","A1":"37.04053515711802","A2":"경기 평택시 고덕여염9길 3(고덕동)","A3":"경기 평택시 고덕동 2153-1","A4":"4122012800121530001","A5":"716","A6":"경기남부청","A7":"평택","A8":"고덕","A9":"지구대","A10":"031-668-5112","A11":"경기도 평택시 고덕면 고덕여염9길 3"}},
{"type":"Feature","geometry":{"type":"Point","coordinates":[191967.6926,552136.3268]},"properties":{"A0":"126.90907947410612","A1":"37.56873125115978","A2":"서울 마포구 월드컵북로30길 24(성산동)","A3":"서울 마포구 성산동 602","A4":"1144012500106020000","A5":"70","A6":"서울청","A7":"서울마포","A8":"월드컵","A9":"지구대","A10":"02-373-1113","A11":"서울특별시 마포구  월드컵북로 30길 24"}},
{"type":"Feature","geometry":{"type":"Point","coordinates":[205027.5153,498223.3954]},"properties":{"A0":"127.05654302584637","A1":"37.08297959034489","A2":"경기 평택시 탄현로 343(신장동)","A3":"경기 평택시 신장동 191-1","A4":"4122011200101910001","A5":"717","A6":"경기남부청","A7":"평택","A8":"송탄","A9":"지구대","A10":"031-666-2112","A11":"경기도 평택시 탄현로 343"}},
{"type":"Feature","geometry":{"type":"Point","coordinates":[192929.2689,487361.8319]},"properties":{"A0":"126.92057949372247","A1":"36.985095424181864","A2":"경기 평택시 안중읍 현화중앙길 71","A3":"경기 평택시 안중읍 현화리 823-3","A4":"4122025330108230003","A5":"718","A6":"경기남부청","A7":"평택","A8":"안중","A9":"파출소","A10":"031-681-0112","A11":"경기도 평택시 안중읍 현화중앙길 71"}},
{"type":"Feature","geometry":{"type":"Point","coordinates":[194150.2567,493398.8287]},"properties":{"A0":"126.93424702879612","A1":"37.039502150582855","A2":"경기 평택시 청북읍 신포길 38","A3":"경기 평택시 청북읍 현곡리 291-7","A4":"4122025921102910007","A5":"720","A6":"경기남부청","A7":"평택","A8":"청북","A9":"파출소","A10":"031-683-5112","A11":"경기도 평택시 청북읍 신포길 38"}},
{"type":"Feature","geometry":{"type":"Point","coordinates":[198719.8528,490007.0157]},"properties":{"A0":"126.98561653272773","A1":"37.00895642312518","A2":"경기 평택시 오성면 숙성시장길 71","A3":"경기 평택시 오성면 숙성리 35-3","A4":"4122034021100350003","A5":"721","A6":"경기남부청","A7":"평택","A8":"오성","A9":"파출소","A10":"031-681-6115","A11":"경기도 평택시 오성면 숙성시장길 71"}},
{"type":"Feature","geometry":{"type":"Point","coordinates":[186087.751,486164.3121]},"properties":{"A0":"126.84375586188972","A1":"36.97422851170813","A2":"경기 평택시 포승읍 평택항로 170","A3":"경기 평택시 포승읍 만호리 578-8","A4":"4122025624105780008","A5":"722","A6":"경기남부청","A7":"평택","A8":"만호","A9":"파출소","A10":"031-682-1166","A11":"경기도 평택시 포승읍 평택항로 170"}},
{"type":"Feature","geometry":{"type":"Point","coordinates":[204558.253,497051.4529]},"properties":{"A0":"127.05125825892493","A1":"37.07242196827495","A2":"경기 평택시 신서로 65(신장동)","A3":"경기 평택시 신장동 263-141","A4":"4122011200102630141","A5":"723","A6":"경기남부청","A7":"평택","A8":"신장","A9":"파출소","A10":"031-662-1399","A11":"경기도 평택시 신서로65"}},
{"type":"Feature","geometry":{"type":"Point","coordinates":[206749.3659,505366.9708]},"properties":{"A0":"127.07597246164542","A1":"37.14733696876394","A2":"경기 오산시 운암로 11(원동)","A3":"경기 오산시 원동 813-13","A4":"4137010300108130013","A5":"725","A6":"경기남부청","A7":"오산","A8":"오산","A9":"지구대","A10":"031-8047-8452","A11":"경기도 오산시 운암로 11"}},
{"type":"Feature","geometry":{"type":"Point","coordinates":[205875.0219,506745.1472]},"properties":{"A0":"127.06614146011972","A1":"37.15976104337194","A2":"경기 오산시 오산로 371(궐동)","A3":"경기 오산시 궐동 13-7","A4":"4137010400100130007","A5":"726","A6":"경기남부청","A7":"오산","A8":"궐동","A9":"지구대","A10":"031-8047-8462","A11":"경기도 오산시 오산로 371"}},
{"type":"Feature","geometry":{"type":"Point","coordinates":[206055.7901,505304.082]},"properties":{"A0":"127.06816490657707","A1":"37.14677515322346","A2":"경기 오산시 오산로 221(오산동)","A3":"경기 오산시 오산동 903-4","A4":"4137010100109030004","A5":"727","A6":"경기남부청","A7":"오산","A8":"중앙","A9":"파출소","A10":"031-8047-8472","A11":"경기도 오산시 오산로 221"}},
{"type":"Feature","geometry":{"type":"Point","coordinates":[199021.3077,552328.8914]},"properties":{"A0":"126.9889215812751","A1":"37.5705006963513","A2":"서울 종로구 종로17길 4(종로2가)","A3":"서울 종로구 종로2가 39-3","A4":"1111013800100390003","A5":"8","A6":"서울청","A7":"서울종로","A8":"종로2가","A9":"지구대","A10":"02-3701-4301","A11":"서울특별시 종로구  종로17길 4"}},
{"type":"Feature","geometry":{"type":"Point","coordinates":[192351.8193,550263.7836]},"properties":{"A0":"126.9134471238266","A1":"37.551862938775145","A2":"서울 마포구 양화로11길 63(서교동)","A3":"서울 마포구 서교동 491","A4":"1144012000104910000","A5":"71","A6":"서울청","A7":"서울마포","A8":"홍익","A9":"지구대","A10":"02-334-8150","A11":"서울특별시 마포구  양화로11길 63"}},
{"type":"Feature","geometry":{"type":"Point","coordinates":[203908.8596,509110.6266]},"properties":{"A0":"127.04401861828734","A1":"37.181085627346164","A2":"경기 오산시 세마역로 5(세교동)","A3":"경기 오산시 세교동 617-2","A4":"4137011300106170002","A5":"728","A6":"경기남부청","A7":"오산","A8":"세교","A9":"지구대","A10":"031-8047-8482","A11":"경기도 오산시 세마역로 5"}},
{"type":"Feature","geometry":{"type":"Point","coordinates":[183546.4133,512223.6605]},"properties":{"A0":"126.81464402014157","A1":"37.2089986595079","A2":"경기 화성시 남양읍 남양시장로 47","A3":"경기 화성시 남양읍 남양리 651-8","A4":"4159026221106510008","A5":"729","A6":"경기남부청","A7":"화성서부","A8":"남양","A9":"파출소","A10":"031-5183-1602","A11":"화성시 남양시장로 47"}},
{"type":"Feature","geometry":{"type":"Point","coordinates":[197394.8899,513050.8283]},"properties":{"A0":"126.9706493884803","A1":"37.216593432602906","A2":"경기 화성시 봉담읍 와우로15번길 17","A3":"경기 화성시 봉담읍 와우리 214-1","A4":"4159025325102140001","A5":"731","A6":"경기남부청","A7":"화성서부","A8":"봉담","A9":"지구대","A10":"031-5183-1622","A11":"봉담읍 와우로 15번길 17"}},
{"type":"Feature","geometry":{"type":"Point","coordinates":[192190.2586,516752.9243]},"properties":{"A0":"126.91197270392051","A1":"37.249922102217354","A2":"경기 화성시 매송면 화성로 2249","A3":"경기 화성시 매송면 어천리 426-1","A4":"4159031023104260001","A5":"732","A6":"경기남부청","A7":"화성서부","A8":"매송","A9":"파출소","A10":"031-5183-1682","A11":"화성시 매송면 화성로 2249"}},
{"type":"Feature","geometry":{"type":"Point","coordinates":[176754.8378,512811.8174]},"properties":{"A0":"126.73811653688888","A1":"37.214153736548205","A2":"경기 화성시 송산면 송산포도로 98","A3":"경기 화성시 송산면 사강리 638-1","A4":"4159034021106380001","A5":"733","A6":"경기남부청","A7":"화성서부","A8":"송산","A9":"파출소","A10":"031-5183-1652","A11":"화성시 송산포도로 98"}},
{"type":"Feature","geometry":{"type":"Point","coordinates":[173854.7515,507942.5733]},"properties":{"A0":"126.70561469719661","A1":"37.17020329498145","A2":"경기 화성시 서신면 매화1길 31","A3":"경기 화성시 서신면 매화리 351-3","A4":"4159035029103510003","A5":"734","A6":"경기남부청","A7":"화성서부","A8":"서신","A9":"파출소","A10":"031-5183-1642","A11":"화성시 서신면 매화1길31"}},
{"type":"Feature","geometry":{"type":"Point","coordinates":[183862.4286,498363.6387]},"properties":{"A0":"126.81850275762702","A1":"37.08411788003554","A2":"경기 화성시 우정읍 조암남로 31","A3":"경기 화성시 우정읍 조암리 265-3","A4":"4159025632102650003","A5":"735","A6":"경기남부청","A7":"화성서부","A8":"우정","A9":"파출소","A10":"031-5183-1632","A11":"화성시 우정읍 조암남로 31"}},
{"type":"Feature","geometry":{"type":"Point","coordinates":[191407.0492,506825.5528]},"properties":{"A0":"126.90325899935272","A1":"37.160464516727544","A2":"경기 화성시 팔탄면 서촌길 9","A3":"경기 화성시 팔탄면 구장리 529-5","A4":"4159036025105290005","A5":"736","A6":"경기남부청","A7":"화성서부","A8":"팔탄","A9":"파출소","A10":"031-5183-1662","A11":"화성시 팔탄면 서촌길 9"}},
{"type":"Feature","geometry":{"type":"Point","coordinates":[188252.5197,515236.2976]},"properties":{"A0":"126.86761281579328","A1":"37.23621557582122","A2":"경기 화성시 비봉면 양노로 56","A3":"경기 화성시 비봉면 양노리 289-6","A4":"4159032021102890006","A5":"737","A6":"경기남부청","A7":"화성서부","A8":"비봉","A9":"파출소","A10":"031-5183-1672","A11":"화성시 비봉면 양노로 56"}},
{"type":"Feature","geometry":{"type":"Point","coordinates":[179978.4514,511929.4372]},"properties":{"A0":"126.77445772712947","A1":"37.206278061159296","A2":"경기 화성시 마도면 석교로 179","A3":"경기 화성시 마도면 석교리 228-2","A4":"4159033021102280002","A5":"738","A6":"경기남부청","A7":"화성서부","A8":"마도","A9":"파출소","A10":"031-5183-1692","A11":"화성시 마도면 석교로 179"}},
{"type":"Feature","geometry":{"type":"Point","coordinates":[194969.9312,549229.4491]},"properties":{"A0":"126.94308282364872","A1":"37.54256160280693","A2":"서울 마포구 토정로31길 35(용강동)","A3":"서울 마포구 용강동 503","A4":"1144010500105030000","A5":"72","A6":"서울청","A7":"서울마포","A8":"용강","A9":"지구대","A10":"02-716-6391","A11":"서울특별시 마포구 토정로31길 35"}},
{"type":"Feature","geometry":{"type":"Point","coordinates":[195097.4283,498064.5467]},"properties":{"A0":"126.9448631916994","A1":"37.08154891359817","A2":"경기 화성시 양감면 은행나무로 263","A3":"경기 화성시 양감면 신왕리 678-5","A4":"4159040021106780005","A5":"739","A6":"경기남부청","A7":"화성서부","A8":"양감","A9":"파출소","A10":"031-5183-1802","A11":"화성시 양감면 은행나무로 263"}},
{"type":"Feature","geometry":{"type":"Point","coordinates":[202952.0618,512134.4576]},"properties":{"A0":"127.03325584482573","A1":"37.20833543024558","A2":"경기 화성시 떡전골로 112-2(진안동)","A3":"경기 화성시 진안동 525-30","A4":"4159011600105250030","A5":"740","A6":"경기남부청","A7":"화성동탄","A8":"태안","A9":"지구대","A10":"031-639-1418","A11":"경기도 화성시 떡전골로 112-2"}},
{"type":"Feature","geometry":{"type":"Point","coordinates":[206866.2073,512028.0248]},"properties":{"A0":"127.0773490275286","A1":"37.20735601974418","A2":"경기 화성시 노작로 226-1(석우동)","A3":"경기 화성시 석우동 59-1","A4":"4159012800100590001","A5":"741","A6":"경기남부청","A7":"화성동탄","A8":"동탄","A9":"지구대","A10":"031-639-1428","A11":"경기도 화성시 노작로 226-1"}},
{"type":"Feature","geometry":{"type":"Point","coordinates":[201182.1481,511851.074]},"properties":{"A0":"127.01331679634504","A1":"37.20578593666838","A2":"경기 화성시 용주로32번길 4(안녕동)","A3":"경기 화성시 안녕동 22","A4":"4159012600100220000","A5":"743","A6":"경기남부청","A7":"화성동탄","A8":"안용","A9":"파출소","A10":"031-639-1456","A11":"경기도 화성시 용주로 32번길 4"}},
{"type":"Feature","geometry":{"type":"Point","coordinates":[209213.6855,512209.6463]},"properties":{"A0":"127.10379570919092","A1":"37.20897225914541","A2":"경기 화성시 동탄영천로 70(영천동)","A3":"경기 화성시 영천동 668-1","A4":"4159013100106680001","A5":"744","A6":"경기남부청","A7":"화성동탄","A8":"동탄2","A9":"지구대","A10":"031-639-1438","A11":"경기도 화성시 동탄영천로 70"}},
{"type":"Feature","geometry":{"type":"Point","coordinates":[205534.1831,514630.8492]},"properties":{"A0":"127.06236270206644","A1":"37.230817400984634","A2":"경기 화성시 영통로27번길 25-19(반월동)","A3":"경기 화성시 반월동 862-1","A4":"4159012000108620001","A5":"745","A6":"경기남부청","A7":"화성동탄","A8":"반월","A9":"파출소","A10":"031-369-1466","A11":"경기도 화성시 영통로 27번길 25-19"}},
{"type":"Feature","geometry":{"type":"Point","coordinates":[210884.6418,509138.6468]},"properties":{"A0":"127.12257489548671","A1":"37.18128288013229","A2":"경기 화성시 왕배산길 6(목동)","A3":"경기 화성시 목동 499-1","A4":"4159013400104990001","A5":"746","A6":"경기남부청","A7":"화성동탄","A8":"동탄3","A9":"지구대","A10":"031-639-1456","A11":"경기도 화성시 왕배산길 6"}},
{"type":"Feature","geometry":{"type":"Point","coordinates":[217586.9878,515070.0642]},"properties":{"A0":"127.19819120708897","A1":"37.23462569915009","A2":"경기 용인시 처인구 금령로 18(김량장동)","A3":"경기 용인시 처인구 김량장동 328-2","A4":"4146110100103280002","A5":"747","A6":"경기남부청","A7":"용인동부","A8":"중앙","A9":"지구대","A10":"031-260-0401","A11":"경기도 용인시 처인구 금령로 18"}},
{"type":"Feature","geometry":{"type":"Point","coordinates":[209805.1605,520455.7965]},"properties":{"A0":"127.11056739118652","A1":"37.28326743648749","A2":"경기 용인시 기흥구 관곡로 41(신갈동)","A3":"경기 용인시 기흥구 신갈동 164-3","A4":"4146310100101640003","A5":"748","A6":"경기남부청","A7":"용인동부","A8":"구갈","A9":"지구대","A10":"031-260-0414","A11":"경기도 용인시 기흥구 관곡로 41"}},
{"type":"Feature","geometry":{"type":"Point","coordinates":[209685.5185,519164.2147]},"properties":{"A0":"127.10920144534592","A1":"37.271631085639186","A2":"경기 용인시 기흥구 중부대로 380(신갈동)","A3":"경기 용인시 기흥구 신갈동 68-2","A4":"4146310100100680002","A5":"750","A6":"경기남부청","A7":"용인동부","A8":"상갈","A9":"파출소","A10":"031-260-0425","A11":"경기도 용인시 기흥구 중부대로 380"}},
{"type":"Feature","geometry":{"type":"Point","coordinates":[190621.7519,553195.6706]},"properties":{"A0":"126.89383099613389","A1":"37.578263016926456","A2":"서울 마포구 매봉산로 76(상암동)","A3":"서울 마포구 상암동 1614","A4":"1144012700116140000","A5":"73","A6":"서울청","A7":"서울마포","A8":"상암","A9":"파출소","A10":"02-309-9525","A11":"서울특별시 마포구  매봉산로 76"}},
{"type":"Feature","geometry":{"type":"Point","coordinates":[213785.7873,519822.7104]},"properties":{"A0":"127.15544286567308","A1":"37.27751270720444","A2":"경기 용인시 기흥구 동백6로 37(중동)","A3":"경기 용인시 기흥구 중동 872-2","A4":"4146311600108720002","A5":"751","A6":"경기남부청","A7":"용인동부","A8":"동백","A9":"지구대","A10":"031-260-0479","A11":"경기도 용인시 기흥구 동백6로 37"}},
{"type":"Feature","geometry":{"type":"Point","coordinates":[208785.1153,513800.3819]},"properties":{"A0":"127.0989862621251","A1":"37.22330963867405","A2":"경기 용인시 기흥구 동탄기흥로 715(고매동)","A3":"경기 용인시 기흥구 고매동산 80-2","A4":"4146310800200800002","A5":"752","A6":"경기남부청","A7":"용인동부","A8":"고매","A9":"파출소","A10":"031-260-0473","A11":"경기도 용인시 기흥구 동탄기흥로 715"}},
{"type":"Feature","geometry":{"type":"Point","coordinates":[218696.5734,515073.4961]},"properties":{"A0":"127.21069539424718","A1":"37.234634863975245","A2":"경기 용인시 처인구 경안천로 16(마평동)","A3":"경기 용인시 처인구 마평동 858-5","A4":"4146110700108580005","A5":"753","A6":"경기남부청","A7":"용인동부","A8":"동부","A9":"파출소","A10":"031-260-0418","A11":"경기도 용인시 처인구 경안천로 16"}},
{"type":"Feature","geometry":{"type":"Point","coordinates":[220583.1734,520041.8003]},"properties":{"A0":"127.23209303681978","A1":"37.27936135988763","A2":"경기 용인시 처인구 포곡읍 포곡로278번길 3","A3":"경기 용인시 처인구 포곡읍 삼계리 561-5","A4":"4146125021105610005","A5":"754","A6":"경기남부청","A7":"용인동부","A8":"포곡","A9":"파출소","A10":"031-260-0431","A11":"경기도 용인시 처인구 포곡로 278번길 3"}},
{"type":"Feature","geometry":{"type":"Point","coordinates":[222117.2179,526251.1334]},"properties":{"A0":"127.2495754925279","A1":"37.33527425123617","A2":"경기 용인시 처인구 모현읍 백옥대로 2372","A3":"경기 용인시 처인구 모현읍 왕산리 805-1","A4":"4146125321108050001","A5":"755","A6":"경기남부청","A7":"용인동부","A8":"모현","A9":"파출소","A10":"031-260-0436","A11":"경기도 용인시 처인구 모현읍 백옥대로 2372"}},
{"type":"Feature","geometry":{"type":"Point","coordinates":[225451.7153,515057.5359]},"properties":{"A0":"127.28681911718972","A1":"37.23433165336455","A2":"경기 용인시 처인구 양지면 양지로 165","A3":"경기 용인시 처인구 양지면 양지리 445-3","A4":"4146136021104450003","A5":"756","A6":"경기남부청","A7":"용인동부","A8":"양지","A9":"파출소","A10":"031-260-0442","A11":"경기도 용인시 처인구 양지로 165"}},
{"type":"Feature","geometry":{"type":"Point","coordinates":[233213.3609,507340.0504]},"properties":{"A0":"127.37394152870957","A1":"37.16454994403096","A2":"경기 용인시 처인구 백암면 백암로201번길 9","A3":"경기 용인시 처인구 백암면 백암리 459-3","A4":"4146135021104590003","A5":"757","A6":"경기남부청","A7":"용인동부","A8":"백암","A9":"파출소","A10":"031-260-0449","A11":"경기도 용인시 처인구 백암로 201번길 9"}},
{"type":"Feature","geometry":{"type":"Point","coordinates":[227640.171,507357.9568]},"properties":{"A0":"127.31119588799152","A1":"37.16489267881798","A2":"경기 용인시 처인구 원삼면 고당로15번길 1","A3":"경기 용인시 처인구 원삼면 고당리 71-6","A4":"4146134021100710006","A5":"758","A6":"경기남부청","A7":"용인동부","A8":"원삼","A9":"파출소","A10":"031-260-0455","A11":"경기도 용인시 처인구 원삼면 고당로 15번길 1"}},
{"type":"Feature","geometry":{"type":"Point","coordinates":[217461.9508,504538.7539]},"properties":{"A0":"127.19653600362909","A1":"37.13973560017108","A2":"경기 용인시 처인구 이동읍 경기동로 688","A3":"경기 용인시 처인구 이동읍 송전리 682-3","A4":"4146125621106820003","A5":"759","A6":"경기남부청","A7":"용인동부","A8":"이동","A9":"파출소","A10":"031-260-0461","A11":"경기도 용인시 처인구 이동면 경기동로 688"}},
{"type":"Feature","geometry":{"type":"Point","coordinates":[213334.8001,501648.8882]},"properties":{"A0":"127.1500334461789","A1":"37.113764021512225","A2":"경기 용인시 처인구 남사읍 처인성로185번길 13","A3":"경기 용인시 처인구 남사읍 봉무리 664-4","A4":"4146125921106640004","A5":"760","A6":"경기남부청","A7":"용인동부","A8":"남사","A9":"파출소","A10":"031-260-0467","A11":"경기도 용인시 처인구 남사면 처인성로 185번길 13"}},
{"type":"Feature","geometry":{"type":"Point","coordinates":[191404.2135,550540.2004]},"properties":{"A0":"126.90272006670907","A1":"37.554345024363364","A2":"서울 마포구 망원로2길 63(망원동)","A3":"서울 마포구 망원동 398-1","A4":"1144012300103980001","A5":"74","A6":"서울청","A7":"서울마포","A8":"망원","A9":"파출소","A10":"02-337-5908","A11":"서울특별시 마포구  망원로2길 63"}},
{"type":"Feature","geometry":{"type":"Point","coordinates":[209651.6014,516918.5717]},"properties":{"A0":"127.10878993252356","A1":"37.25139727431393","A2":"경기 용인시 기흥구 한보라1로 42-3(보라동)","A3":"경기 용인시 기흥구 보라동 609-2","A4":"4146310500106090002","A5":"761","A6":"경기남부청","A7":"용인동부","A8":"보라","A9":"파출소","A10":"031-260-0491","A11":"경기도 용인시 기흥구 한보라 1로 42-3"}},
{"type":"Feature","geometry":{"type":"Point","coordinates":[206488.3386,515380.0331]},"properties":{"A0":"127.07312122919846","A1":"37.237561748549155","A2":"경기 용인시 기흥구 서천로117번길 1(서천동)","A3":"경기 용인시 기흥구 서천동 805","A4":"4146311000108050000","A5":"762","A6":"경기남부청","A7":"용인동부","A8":"서천","A9":"파출소","A10":"031-260-0504","A11":"경기도 용인시 기흥구 서천로 117번길 1"}},
{"type":"Feature","geometry":{"type":"Point","coordinates":[209035.185,525078.9782]},"properties":{"A0":"127.10194099224532","A1":"37.3249318628141","A2":"경기 용인시 수지구 풍덕천로190번길 18(풍덕천동)","A3":"경기 용인시 수지구 풍덕천동 77-1","A4":"4146510100100770001","A5":"763","A6":"경기남부청","A7":"용인서부","A8":"수지","A9":"지구대","A10":"031-8021-8010","A11":"경기도 용인시 수지구 풍덕천로190번길 18"}},
{"type":"Feature","geometry":{"type":"Point","coordinates":[210261.3524,524476.6272]},"properties":{"A0":"127.11576712391576","A1":"37.319491642688696","A2":"경기 용인시 기흥구 보정로 110(보정동)","A3":"경기 용인시 기흥구 보정동 1255-3","A4":"4146311800112550003","A5":"764","A6":"경기남부청","A7":"용인서부","A8":"보정","A9":"지구대","A10":"031-8021-8020","A11":"경기도 용인시 기흥구 보정로 110"}},
{"type":"Feature","geometry":{"type":"Point","coordinates":[206694.0073,522994.458]},"properties":{"A0":"127.0755073328107","A1":"37.306169438621225","A2":"경기 용인시 수지구 심곡로 7(상현동)","A3":"경기 용인시 수지구 상현동 197-3","A4":"4146510700101970003","A5":"765","A6":"경기남부청","A7":"용인서부","A8":"상현","A9":"지구대","A10":"031-8021-8030","A11":"경기도 용인시 수지구 심곡로 7"}},
{"type":"Feature","geometry":{"type":"Point","coordinates":[210365.2966,521724.5299]},"properties":{"A0":"127.1169013969357","A1":"37.29469332615991","A2":"경기 용인시 기흥구 구성로 68(언남동)","A3":"경기 용인시 기흥구 언남동 375-3","A4":"4146311200103750003","A5":"766","A6":"경기남부청","A7":"용인서부","A8":"구성","A9":"파출소","A10":"031-8021-8040","A11":"경기도 용인시 기흥구 구성로 68"}},
{"type":"Feature","geometry":{"type":"Point","coordinates":[207362.4283,524385.9367]},"properties":{"A0":"127.08306092818884","A1":"37.31870185240693","A2":"경기 용인시 수지구 수지로 195(신봉동)","A3":"경기 용인시 수지구 신봉동 908","A4":"4146510500109080000","A5":"767","A6":"경기남부청","A7":"용인서부","A8":"신봉","A9":"파출소","A10":"031-8021-8050","A11":"경기도 용인시 수지구 수지로 195"}},
{"type":"Feature","geometry":{"type":"Point","coordinates":[209897.6118,525764.8784]},"properties":{"A0":"127.11168064709173","A1":"37.33110312269493","A2":"경기 용인시 수지구 현암로 22(죽전동)","A3":"경기 용인시 수지구 죽전동 1073-1","A4":"4146510200110730001","A5":"768","A6":"경기남부청","A7":"용인서부","A8":"죽전","A9":"지구대","A10":"031-8021-8060","A11":"경기도 용인시 수지구 현암로 22"}},
{"type":"Feature","geometry":{"type":"Point","coordinates":[230359.2197,527881.5384]},"properties":{"A0":"127.34264525038668","A1":"37.34973136116141","A2":"경기 광주시 곤지암읍 곤지암로 38","A3":"경기 광주시 곤지암읍 곤지암리 430-5","A4":"4161025921104300005","A5":"769","A6":"경기남부청","A7":"광주","A8":"곤지암","A9":"파출소","A10":"031-790-7461","A11":"경기도 광주시 곤지암읍 곤지암로 38"}},
{"type":"Feature","geometry":{"type":"Point","coordinates":[229380.6791,522376.6533]},"properties":{"A0":"127.33138338082557","A1":"37.30016326647451","A2":"경기 광주시 도척면 도척로 603","A3":"경기 광주시 도척면 노곡리 283-8","A4":"4161033021102830008","A5":"770","A6":"경기남부청","A7":"광주","A8":"도척","A9":"파출소","A10":"031-790-7467","A11":"경기도 광주시 도척면 도척로 603"}},
{"type":"Feature","geometry":{"type":"Point","coordinates":[193261.9246,551201.8635]},"properties":{"A0":"126.92373797384941","A1":"37.560322110174994","A2":"서울 마포구 연남로 4(연남동)","A3":"서울 마포구 연남동 373-20","A4":"1144012400103730020","A5":"75","A6":"서울청","A7":"서울마포","A8":"연남","A9":"파출소","A10":"02-334-4974","A11":"서울특별시 마포구  연남로 4"}},
{"type":"Feature","geometry":{"type":"Point","coordinates":[222719.3325,534738.292]},"properties":{"A0":"127.25663010034219","A1":"37.41172934162081","A2":"경기 광주시 중앙로 137(경안동)","A3":"경기 광주시 경안동 72-2","A4":"4161010100100720002","A5":"771","A6":"경기남부청","A7":"광주","A8":"경안","A9":"지구대","A10":"031-790-7460","A11":"경기도 광주시 중앙로 137"}},
{"type":"Feature","geometry":{"type":"Point","coordinates":[216473.6866,542055.7471]},"properties":{"A0":"127.18624512204096","A1":"37.477793385504896","A2":"경기 광주시 남한산성면 남한산성로 757","A3":"경기 광주시 남한산성면 산성리 401-2","A4":"4161037021104010002","A5":"772","A6":"경기남부청","A7":"광주","A8":"남한산성","A9":"파출소","A10":"031-790-7468","A11":"경기도 광주시 중부면 남한산성로 757"}},
{"type":"Feature","geometry":{"type":"Point","coordinates":[225541.7996,531862.8022]},"properties":{"A0":"127.28841224039793","A1":"37.38574805391346","A2":"경기 광주시 초월읍 경충대로 1243","A3":"경기 광주시 초월읍 대쌍령리 211-6","A4":"4161025321102110006","A5":"773","A6":"경기남부청","A7":"광주","A8":"초월","A9":"파출소","A10":"031-790-7464","A11":"경기도 광주시 초월읍 경충대로 1243"}},
{"type":"Feature","geometry":{"type":"Point","coordinates":[220502.1819,529861.1066]},"properties":{"A0":"127.23145090186051","A1":"37.36783759934075","A2":"경기 광주시 오포로 869(추자동)","A3":"경기 광주시 추자동 105-7","A4":"4161011800101050007","A5":"774","A6":"경기남부청","A7":"광주","A8":"오포동부","A9":"파출소","A10":"031-790-7465","A11":"경기도 광주시 오포읍 오포로 869"}},
{"type":"Feature","geometry":{"type":"Point","coordinates":[227232.3368,541304.8651]},"properties":{"A0":"127.3078491361592","A1":"37.47077339674729","A2":"경기 광주시 퇴촌면 광동로 45","A3":"경기 광주시 퇴촌면 광동리 237-2","A4":"4161034021102370002","A5":"775","A6":"경기남부청","A7":"광주","A8":"퇴촌","A9":"파출소","A10":"031-790-7466","A11":"경기도 광주시 퇴촌면 광동로 45"}},
{"type":"Feature","geometry":{"type":"Point","coordinates":[220321.8212,532263.2217]},"properties":{"A0":"127.2294806947175","A1":"37.3894849083901","A2":"경기 광주시 태봉로 46(태전동)","A3":"경기 광주시 태전동 232-1","A4":"4161011000102320001","A5":"776","A6":"경기남부청","A7":"광주","A8":"태전","A9":"파출소","A10":"031-790-7462","A11":"경기도 광주시 태봉로 46"}},
{"type":"Feature","geometry":{"type":"Point","coordinates":[216195.8675,527539.5673]},"properties":{"A0":"127.18278618126368","A1":"37.347004987362425","A2":"경기 광주시 오포로171번길 3(능평동)","A3":"경기 광주시 능평동 133","A4":"4161011600101330000","A5":"777","A6":"경기남부청","A7":"광주","A8":"오포서부","A9":"파출소","A10":"031-790-7463","A11":"경기도 광주시 오포읍 오포로171번길 3"}},
{"type":"Feature","geometry":{"type":"Point","coordinates":[175081.0521,557694.9601]},"properties":{"A0":"126.71774616274433","A1":"37.61851148480105","A2":"경기 김포시 사우중로 35-5(사우동)","A3":"경기 김포시 사우동 246","A4":"4157010600102460000","A5":"778","A6":"경기남부청","A7":"김포","A8":"사우","A9":"지구대","A10":"031-950-2230","A11":"경기도 김포시 사우중로 35-5"}},
{"type":"Feature","geometry":{"type":"Point","coordinates":[170680.8003,561029.2768]},"properties":{"A0":"126.66777192264763","A1":"37.64842296343925","A2":"경기 김포시 청송로 36(장기동)","A3":"경기 김포시 장기동 1326","A4":"4157010400113260000","A5":"779","A6":"경기남부청","A7":"김포","A8":"장기","A9":"지구대","A10":"031-950-2330","A11":"경기도 김포시 청송로 36"}},
{"type":"Feature","geometry":{"type":"Point","coordinates":[164509.0721,565917.8775]},"properties":{"A0":"126.59760157261678","A1":"37.69224995060631","A2":"경기 김포시 통진읍 조강로 83","A3":"경기 김포시 통진읍 마송리 111-19","A4":"4157025022101110019","A5":"781","A6":"경기남부청","A7":"김포","A8":"통진","A9":"파출소","A10":"031-950-2430","A11":"경기도 김포시 통진읍 조강로 83"}},
{"type":"Feature","geometry":{"type":"Point","coordinates":[191826.1528,546509.8744]},"properties":{"A0":"126.90754004835736","A1":"37.51803571944582","A2":"서울 영등포구 영등포로46길 14(영등포동3가)","A3":"서울 영등포구 영등포동3가 18-1","A4":"1156010400100180001","A5":"76","A6":"서울청","A7":"서울영등포","A8":"중앙","A9":"지구대","A10":"02-2118-9101","A11":"서울특별시 영등포구  영등포로46길 14"}},
{"type":"Feature","geometry":{"type":"Point","coordinates":[179344.3852,555393.395]},"properties":{"A0":"126.76610093772041","A1":"37.59788042322957","A2":"경기 김포시 고촌읍 수기로 61","A3":"경기 김포시 고촌읍 신곡리 1250-1번지","A4":"4157025324112500001","A5":"782","A6":"경기남부청","A7":"김포","A8":"고촌","A9":"파출소","A10":"031-950-2130","A11":"경기도 김포시 고촌읍 신곡리 1250-1"}},
{"type":"Feature","geometry":{"type":"Point","coordinates":[163290.5879,561330.6904]},"properties":{"A0":"126.58401717409961","A1":"37.650873023785124","A2":"경기 김포시 대곶면 율생로 72","A3":"경기 김포시 대곶면 율생리 451-1","A4":"4157034025104510001","A5":"783","A6":"경기남부청","A7":"김포","A8":"대곶","A9":"파출소","A10":"031-950-2530","A11":"경기도 김포시 대곶면 율생로 72"}},
{"type":"Feature","geometry":{"type":"Point","coordinates":[160514.4892,568641.0686]},"properties":{"A0":"126.55216444242826","A1":"37.716621189000385","A2":"경기 김포시 월곶면 군하로276번길 13","A3":"경기 김포시 월곶면 군하리 214","A4":"4157035021102140000","A5":"784","A6":"경기남부청","A7":"김포","A8":"월곶","A9":"파출소","A10":"031-950-2140","A11":"경기도 김포시 월곶면 군하로 276번길 13"}},
{"type":"Feature","geometry":{"type":"Point","coordinates":[167541.3699,568971.4214]},"properties":{"A0":"126.63184506894095","A1":"37.71987274839839","A2":"경기 김포시 하성면 애기봉로 847","A3":"경기 김포시 하성면 마곡리 623-1","A4":"4157036021106230001","A5":"785","A6":"경기남부청","A7":"김포","A8":"하성","A9":"파출소","A10":"031-950-2240","A11":"경기도 김포시 하성면 애기봉로 847"}},
{"type":"Feature","geometry":{"type":"Point","coordinates":[168631.2312,559873.0828]},"properties":{"A0":"126.64459756313623","A1":"37.63793834341545","A2":"경기 김포시 김포한강8로 176(마산동)","A3":"경기 김포시 마산동 647-12","A4":"4157010800106470012","A5":"788","A6":"경기남부청","A7":"김포","A8":"마산","A9":"지구대","A10":"031-950-2550","A11":"경기도 김포시 김포한강8로 176(마산동)"}},
{"type":"Feature","geometry":{"type":"Point","coordinates":[171753.5967,560857.1648]},"properties":{"A0":"126.67993423745291","A1":"37.64690646723129","A2":"경기 김포시 운양동 김포한강11로 156","A3":"경기 김포시 운양동 1421-1번지","A4":"4157010300114210001","A5":"789","A6":"경기남부청","A7":"김포","A8":"운양","A9":"지구대","A10":"031-950-2350","A11":"김포시 운양동 1421-1"}},
{"type":"Feature","geometry":{"type":"Point","coordinates":[218584.7866,548482.4037]},"properties":{"A0":"127.21027454906643","A1":"37.535657237227454","A2":"경기 하남시 신장로 66(천현동)","A3":"경기 하남시 천현동 194-14","A4":"4145010100101940014","A5":"790","A6":"경기남부청","A7":"하남","A8":"하남","A9":"지구대","A10":"031-8027-7501","A11":"경기도 하남시 신장로 66"}},
{"type":"Feature","geometry":{"type":"Point","coordinates":[218052.227,550208.1402]},"properties":{"A0":"127.2042913532888","A1":"37.55121660771262","A2":"경기 하남시 덕풍로81번길 13(덕풍동)","A3":"경기 하남시 덕풍동 225-5","A4":"4145010800102250005","A5":"791","A6":"경기남부청","A7":"하남","A8":"덕풍","A9":"지구대","A10":"031-8027-7511","A11":"경기도 하남시 덕풍로81번길 13"}},
{"type":"Feature","geometry":{"type":"Point","coordinates":[216781.2819,552023.4896]},"properties":{"A0":"127.18995000806783","A1":"37.56759710412806","A2":"경기 하남시 아리수로 567(망월동)","A3":"경기 하남시 망월동 952-1","A4":"4145010900109520001","A5":"792","A6":"경기남부청","A7":"하남","A8":"미사","A9":"지구대","A10":"031-8027-7541","A11":"경기도 하남시 아리수로 567"}},
{"type":"Feature","geometry":{"type":"Point","coordinates":[219865.1376,548880.5303]},"properties":{"A0":"127.22477154766503","A1":"37.539217647047835","A2":"경기 하남시 대청로 114(창우동)","A3":"경기 하남시 창우동 520-3","A4":"4145010300105200003","A5":"793","A6":"경기남부청","A7":"하남","A8":"창우","A9":"파출소","A10":"031-8027-7551","A11":"경기도 하남시 대청로 114"}},
{"type":"Feature","geometry":{"type":"Point","coordinates":[193069.2441,547341.1496]},"properties":{"A0":"126.92159374639289","A1":"37.525535701774245","A2":"서울 영등포구 여의공원로 120(여의도동) 여의도지구대","A3":"서울 영등포구 여의도동 2","A4":"1156011000100020000","A5":"77","A6":"서울청","A7":"서울영등포","A8":"여의도","A9":"지구대","A10":"02-2118-9102","A11":"서울특별시 영등포구  여의공원로 120 여의도지구대"}},
{"type":"Feature","geometry":{"type":"Point","coordinates":[213846.9082,543073.1677]},"properties":{"A0":"127.15656729109455","A1":"37.48700341782626","A2":"경기 하남시 위례학암로14번길 20(학암동)","A3":"경기 하남시 학암동 650","A4":"4145011600106500000","A5":"794","A6":"경기남부청","A7":"하남","A8":"하남위례","A9":"파출소","A10":"031-8027-7561","A11":"경기도 하남시 위례학암로14번길 20"}},
{"type":"Feature","geometry":{"type":"Point","coordinates":[214335.0604,546308.1567]},"properties":{"A0":"127.16214951569748","A1":"37.5161428563104","A2":"경기 하남시 감북로 43(감북동)","A3":"경기 하남시 감북동 327","A4":"4145011300103270000","A5":"795","A6":"경기남부청","A7":"하남","A8":"서부","A9":"파출소","A10":"031-8027-7531","A11":"경기도 하남시 감북로 43"}},
{"type":"Feature","geometry":{"type":"Point","coordinates":[199362.0195,537131.107]},"properties":{"A0":"126.99279149048596","A1":"37.43356808274703","A2":"경기 과천시 관문로 135(중앙동)","A3":"경기 과천시 중앙동 70","A4":"4129010700100700000","A5":"796","A6":"경기남부청","A7":"과천","A8":"과천","A9":"지구대","A10":"02-502-4112","A11":"과천시 관문로 135"}},
{"type":"Feature","geometry":{"type":"Point","coordinates":[199440.2307,536077.0665]},"properties":{"A0":"126.99367598631656","A1":"37.424071040771295","A2":"경기 과천시 별양로 58(별양동)","A3":"경기 과천시 별양동 11","A4":"4129010900100110000","A5":"797","A6":"경기남부청","A7":"과천","A8":"별양","A9":"지구대","A10":"02-502-2112","A11":"과천시 별양로 58"}},
{"type":"Feature","geometry":{"type":"Point","coordinates":[197168.5663,528610.3405]},"properties":{"A0":"126.96804035713569","A1":"37.35678996734841","A2":"경기 의왕시 경수대로 352(오전동)","A3":"경기 의왕시 오전동 839-8","A4":"4143010500108390008","A5":"798","A6":"경기남부청","A7":"의왕","A8":"의왕","A9":"지구대","A10":"031-8086-0116","A11":"경기도 의왕시 경수대로 352"}},
{"type":"Feature","geometry":{"type":"Point","coordinates":[199681.6222,532242.6629]},"properties":{"A0":"126.99640476724355","A1":"37.38952239866768","A2":"경기 의왕시 안양판교로 227(청계동)","A3":"경기 의왕시 청계동 992","A4":"4143010800109920000","A5":"799","A6":"경기남부청","A7":"의왕","A8":"청계","A9":"파출소","A10":"031-8086-0116","A11":"경기도 의왕시 안양판교로 227"}},
{"type":"Feature","geometry":{"type":"Point","coordinates":[195476.311,524783.2401]},"properties":{"A0":"126.9489624702575","A1":"37.322299907999565","A2":"경기 의왕시 한백이길 3(삼동)","A3":"경기 의왕시 삼동 460-95","A4":"4143010300104600095","A5":"800","A6":"경기남부청","A7":"의왕","A8":"부곡","A9":"파출소","A10":"031-8086-0136","A11":"경기도 의왕시 한백이길 3"}},
{"type":"Feature","geometry":{"type":"Point","coordinates":[197855.8424,531047.1974]},"properties":{"A0":"126.97579089654516","A1":"37.37874857340549","A2":"경기 의왕시 갈미로 77(내손동)","A3":"경기 의왕시 내손동 759","A4":"4143010700107590000","A5":"801","A6":"경기남부청","A7":"의왕","A8":"내손","A9":"지구대","A10":"031-8086-0146","A11":"경기도 의왕시 갈미로 77"}},
{"type":"Feature","geometry":{"type":"Point","coordinates":[239167.6948,520372.3224]},"properties":{"A0":"127.44166249803843","A1":"37.28174304181197","A2":"경기 이천시 영창로 171(창전동)","A3":"경기 이천시 창전동 152-19","A4":"4150010100101520019","A5":"802","A6":"경기남부청","A7":"이천","A8":"창전","A9":"지구대","A10":"031-645-0481","A11":"경기도 이천시 영창로 171"}},
{"type":"Feature","geometry":{"type":"Point","coordinates":[243149.1986,517661.0252]},"properties":{"A0":"127.48640017615293","A1":"37.25713760767351","A2":"경기 이천시 부발읍 경충대로 2154","A3":"경기 이천시 부발읍 아미리 1076","A4":"4150025330110760000","A5":"803","A6":"경기남부청","A7":"이천","A8":"아미","A9":"파출소","A10":"031-645-0482","A11":"경기도 이천시 부발읍 경충대로 2154"}},
{"type":"Feature","geometry":{"type":"Point","coordinates":[190947.0824,546015.9921]},"properties":{"A0":"126.89760245762973","A1":"37.51357748035922","A2":"서울 영등포구 경인로 759(문래동3가)","A3":"서울 영등포구 문래동3가 54-2","A4":"1156012100100540002","A5":"78","A6":"서울청","A7":"서울영등포","A8":"문래","A9":"지구대","A10":"02-2118-9103","A11":"서울특별시 영등포구  경인로 759"}},
{"type":"Feature","geometry":{"type":"Point","coordinates":[256038.0295,502164.8042]},"properties":{"A0":"127.63052078689499","A1":"37.116831204854726","A2":"경기 이천시 장호원읍 장감로 70","A3":"경기 이천시 장호원읍 장호원리 99-4","A4":"4150025021100990004","A5":"804","A6":"경기남부청","A7":"이천","A8":"장호원","A9":"파출소","A10":"031-645-0483","A11":"경기도 이천시 장호원읍 장감로 70"}},
{"type":"Feature","geometry":{"type":"Point","coordinates":[243360.5207,520973.8353]},"properties":{"A0":"127.4889747386789","A1":"37.28697628224016","A2":"경기 이천시 부발읍 무촌로 167-5","A3":"경기 이천시 부발읍 무촌리 195-3","A4":"4150025321101950003","A5":"805","A6":"경기남부청","A7":"이천","A8":"부발","A9":"파출소","A10":"031-645-0484","A11":"경기도 이천시 부발읍 무촌로 167-5"}},
{"type":"Feature","geometry":{"type":"Point","coordinates":[243904.8107,514064.8616]},"properties":{"A0":"127.49470568754847","A1":"37.2247008332066","A2":"경기 이천시 대월면 대월로803번길 64","A3":"경기 이천시 대월면 초지리 310-2","A4":"4150035025103100002","A5":"806","A6":"경기남부청","A7":"이천","A8":"대월","A9":"파출소","A10":"031-645-0485","A11":"경기도 이천시 대월로803번길 64"}},
{"type":"Feature","geometry":{"type":"Point","coordinates":[231705.9349,516728.1588]},"properties":{"A0":"127.35736809762032","A1":"37.249192856638764","A2":"경기 이천시 마장면 오천로 101","A3":"경기 이천시 마장면 오천리 455","A4":"4150034021104550000","A5":"807","A6":"경기남부청","A7":"이천","A8":"마장","A9":"파출소","A10":"031-645-0486","A11":"경기도 이천시 마장면 오천로 101"}},
{"type":"Feature","geometry":{"type":"Point","coordinates":[235678.2706,523352.6846]},"properties":{"A0":"127.4024588831464","A1":"37.308737174050364","A2":"경기 이천시 신둔면 경충대로 3162","A3":"경기 이천시 신둔면 수광리 271-2","A4":"4150031021102710002","A5":"808","A6":"경기남부청","A7":"이천","A8":"신둔","A9":"파출소","A10":"031-645-0487","A11":"경기도 이천시 신둔면 경충대로 3162"}},
{"type":"Feature","geometry":{"type":"Point","coordinates":[242641.489,508260.5048]},"properties":{"A0":"127.48014001377902","A1":"37.17246100217004","A2":"경기 이천시 모가면 진상미로 1305","A3":"경기 이천시 모가면 진가리 114-11","A4":"4150036021101140011","A5":"809","A6":"경기남부청","A7":"이천","A8":"모가","A9":"파출소","A10":"031-645-0488","A11":"경기도 이천시 모가면 진상미로 1305"}},
{"type":"Feature","geometry":{"type":"Point","coordinates":[243525.0933,526700.6641]},"properties":{"A0":"127.49116638314024","A1":"37.33856797595511","A2":"경기 이천시 백사면 현방로 62","A3":"경기 이천시 백사면 현방리 99-38","A4":"4150032021100990038","A5":"810","A6":"경기남부청","A7":"이천","A8":"백사","A9":"파출소","A10":"031-645-0489","A11":"경기도 이천시 백사면 현방로 62"}},
{"type":"Feature","geometry":{"type":"Point","coordinates":[246308.6066,503867.6119]},"properties":{"A0":"127.52115714664889","A1":"37.13270547709435","A2":"경기 이천시 설성면 설장로17번길 6-1","A3":"경기 이천시 설성면 금당리 126-5","A4":"4150037021101260005","A5":"811","A6":"경기남부청","A7":"이천","A8":"설성","A9":"파출소","A10":"031-645-0490","A11":"경기도 이천시 설성면 설장로 17번길 6-1"}},
{"type":"Feature","geometry":{"type":"Point","coordinates":[238000.7357,513972.974]},"properties":{"A0":"127.42817805840505","A1":"37.22413241349162","A2":"경기 이천시 호법면 이섭대천로 547","A3":"경기 이천시 호법면 후안리 265-1","A4":"4150033023102650001","A5":"812","A6":"경기남부청","A7":"이천","A8":"호법","A9":"파출소","A10":"031-645-0491","A11":"경기도 이천시 호법면 이섭대천로 547"}},
{"type":"Feature","geometry":{"type":"Point","coordinates":[248619.3774,499752.6212]},"properties":{"A0":"127.54689554065884","A1":"37.095510549460215","A2":"경기 이천시 율면 고당로 144","A3":"경기 이천시 율면 고당리 247-12","A4":"4150038021102470012","A5":"813","A6":"경기남부청","A7":"이천","A8":"율면","A9":"파출소","A10":"031-645-0492","A11":"경기도 이천시 율면 고당로 144"}},
{"type":"Feature","geometry":{"type":"Point","coordinates":[192286.8945,544412.0003]},"properties":{"A0":"126.91277376361823","A1":"37.49913770785699","A2":"서울 영등포구 대방천로 195(신길동)","A3":"서울 영등포구 신길동 3741-23","A4":"1156013200137410023","A5":"79","A6":"서울청","A7":"서울영등포","A8":"신풍","A9":"지구대","A10":"02-2118-9104","A11":"서울특별시 영등포구 대방천로 195(신길동 3741-23)"}},
{"type":"Feature","geometry":{"type":"Point","coordinates":[240366.0667,521247.3095]},"properties":{"A0":"127.45522262149757","A1":"37.289575586768876","A2":"경기 이천시 갈산로 19(증포동)","A3":"경기 이천시 증포동 157-4","A4":"4150010900101570004","A5":"814","A6":"경기남부청","A7":"이천","A8":"증포","A9":"지구대","A10":"031-645-0494","A11":"경기도 이천시 증포동 갈산로 19"}},
{"type":"Feature","geometry":{"type":"Point","coordinates":[223319.0046,490100.5655]},"properties":{"A0":"127.26200937700196","A1":"37.009511087090466","A2":"경기 안성시 석정1길 15(석정동)","A3":"경기 안성시 석정동 256-2","A4":"4155011800102560002","A5":"815","A6":"경기남부청","A7":"안성","A8":"중앙","A9":"지구대","A10":"031-675-3502","A11":"경기도 안성시 석정1길 15"}},
{"type":"Feature","geometry":{"type":"Point","coordinates":[215373.235,489108.4555]},"properties":{"A0":"127.17271191756812","A1":"37.00073487943003","A2":"경기 안성시 공도읍 공도4로 4","A3":"경기 안성시 공도읍 만정리 793-2","A4":"4155025029107930002","A5":"816","A6":"경기남부청","A7":"안성","A8":"공도","A9":"지구대","A10":"031-653-2112","A11":"경기도 안성시 공도읍 공도4로 4"}},
{"type":"Feature","geometry":{"type":"Point","coordinates":[221136.3102,490447.6814]},"properties":{"A0":"127.23749489575223","A1":"37.01269069811306","A2":"경기 안성시 대덕면 중앙로 78","A3":"경기 안성시 대덕면 건지리 420-4","A4":"4155035027104200004","A5":"817","A6":"경기남부청","A7":"안성","A8":"대덕","A9":"파출소","A10":"031-8046-0646","A11":"경기도 안성시 대덕면 중앙로 78"}},
{"type":"Feature","geometry":{"type":"Point","coordinates":[228730.7765,489175.9867]},"properties":{"A0":"127.32277900899363","A1":"37.00102961550199","A2":"경기 안성시 금광면 금광초교길 38","A3":"경기 안성시 금광면 금광리 93-5","A4":"4155032025100930005","A5":"818","A6":"경기남부청","A7":"안성","A8":"금광","A9":"파출소","A10":"031-672-3112","A11":"경기도 안성시 금광면 금광초교길 38"}},
{"type":"Feature","geometry":{"type":"Point","coordinates":[225811.8732,491554.8345]},"properties":{"A0":"127.29006835554446","A1":"37.02254987341192","A2":"경기 안성시 보개면 보개원삼로 220-1","A3":"경기 안성시 보개면 불현리 42-9","A4":"4155031029100420009","A5":"819","A6":"경기남부청","A7":"안성","A8":"보개","A9":"파출소","A10":"031-675-3284","A11":"경기도 안성시 보개면 보개원삼로 220-1"}},
{"type":"Feature","geometry":{"type":"Point","coordinates":[220132.3306,489452.7713]},"properties":{"A0":"127.22618688319022","A1":"37.003747293408935","A2":"경기 안성시 대덕면 대학6길 34","A3":"경기 안성시 대덕면 내리 676-1","A4":"4155035028106760001","A5":"820","A6":"경기남부청","A7":"안성","A8":"내리","A9":"지구대","A10":"031-8046-0627","A11":"경기도 안성시 대학6길 34"}},
{"type":"Feature","geometry":{"type":"Point","coordinates":[211503.5155,493375.2933]},"properties":{"A0":"127.12930255672006","A1":"37.03923768666595","A2":"경기 안성시 원곡면 가천중앙1길 44","A3":"경기 안성시 원곡면 외가천리 267-4","A4":"4155038026102670004","A5":"821","A6":"경기남부청","A7":"안성","A8":"원곡","A9":"파출소","A10":"031-653-3112","A11":"경기도 안성시 원곡면 가천중앙1길 44"}},
{"type":"Feature","geometry":{"type":"Point","coordinates":[217371.7815,495552.2147]},"properties":{"A0":"127.19531324441144","A1":"37.058763038775496","A2":"경기 안성시 양성면 장터길 35","A3":"경기 안성시 양성면 동항리 291-3","A4":"4155036021102910003","A5":"822","A6":"경기남부청","A7":"안성","A8":"양성","A9":"파출소","A10":"031-8046-0645","A11":"경기도 안성시 양성면 장터길 35"}},
{"type":"Feature","geometry":{"type":"Point","coordinates":[242459.2246,499512.904]},"properties":{"A0":"127.47759250898807","A1":"37.09365136373155","A2":"경기 안성시 일죽면 주래본죽로 28","A3":"경기 안성시 일죽면 송천리 20-6","A4":"4155039028100200006","A5":"823","A6":"경기남부청","A7":"안성","A8":"일죽","A9":"파출소","A10":"031-672-5112","A11":"경기도 안성시 일죽면 주래본죽로 28"}},
{"type":"Feature","geometry":{"type":"Point","coordinates":[193505.7441,545945.662]},"properties":{"A0":"126.926544008089","A1":"37.512965495265604","A2":"서울 영등포구 노량진로 11(신길동)","A3":"서울 영등포구 신길동 4203-1","A4":"1156013200142030001","A5":"80","A6":"서울청","A7":"서울영등포","A8":"신길","A9":"지구대","A10":"02-2118-9105","A11":"서울특별시 영등포구 노량진로 11"}},
{"type":"Feature","geometry":{"type":"Point","coordinates":[237518.0658,497407.5666]},"properties":{"A0":"127.42190924608104","A1":"37.074891484645406","A2":"경기 안성시 죽산면 죽주로 241","A3":"경기 안성시 죽산면 죽산리 432-7","A4":"4155040021104320007","A5":"824","A6":"경기남부청","A7":"안성","A8":"죽산","A9":"파출소","A10":"031-676-6112","A11":"경기도 안성시 죽산면 죽주로 241"}},
{"type":"Feature","geometry":{"type":"Point","coordinates":[256464.6771,522224.3462]},"properties":{"A0":"127.63683836639962","A1":"37.2975421739644","A2":"경기 여주시 세종로 2(홍문동)","A3":"경기 여주시 홍문동 15-2","A4":"4167010200100150002","A5":"825","A6":"경기남부청","A7":"여주","A8":"홍문","A9":"지구대","A10":"031-887-1011","A11":"경기도 여주시 세종로2"}},
{"type":"Feature","geometry":{"type":"Point","coordinates":[258743.0739,511971.3156]},"properties":{"A0":"127.66172494660583","A1":"37.20502187298236","A2":"경기 여주시 점동면 청안로 118","A3":"경기 여주시 점동면 청안리 128-2","A4":"4167031021101280002","A5":"826","A6":"경기남부청","A7":"여주","A8":"점동","A9":"파출소","A10":"031-887-1020","A11":"경기도 여주시 점동면 청안로118"}},
{"type":"Feature","geometry":{"type":"Point","coordinates":[248422.104,511769.679]},"properties":{"A0":"127.54545391463338","A1":"37.20379734431018","A2":"경기 여주시 가남읍 태평2길 23","A3":"경기 여주시 가남읍 태평리 176","A4":"4167025021101760000","A5":"827","A6":"경기남부청","A7":"여주","A8":"가남","A9":"파출소","A10":"031-887-1013","A11":"경기도 여주시 가남읍 태평2길 23"}},
{"type":"Feature","geometry":{"type":"Point","coordinates":[250725.3436,522379.5614]},"properties":{"A0":"127.57212035525191","A1":"37.29926918892355","A2":"경기 여주시 세종대왕면 마장로 61","A3":"경기 여주시 세종대왕면 번도리 499-39","A4":"4167034521104990039","A5":"828","A6":"경기남부청","A7":"여주","A8":"세종대왕","A9":"파출소","A10":"031-887-1012","A11":"경기도 여주시 능서면 마장로 61"}},
{"type":"Feature","geometry":{"type":"Point","coordinates":[248087.7703,526075.3762]},"properties":{"A0":"127.54261187266854","A1":"37.33270811154998","A2":"경기 여주시 흥천면 효자로 144","A3":"경기 여주시 흥천면 효지리 376-23","A4":"4167032032103760023","A5":"829","A6":"경기남부청","A7":"여주","A8":"흥천","A9":"파출소","A10":"031-887-1016","A11":"경기도 여주시 흥천면 효자로 144"}},
{"type":"Feature","geometry":{"type":"Point","coordinates":[247303.0006,532777.8567]},"properties":{"A0":"127.53418510602143","A1":"37.39313812325415","A2":"경기 여주시 금사면 이포로 41","A3":"경기 여주시 금사면 이포리 198","A4":"4167033021101980000","A5":"830","A6":"경기남부청","A7":"여주","A8":"금사","A9":"파출소","A10":"031-887-1015","A11":"경기도 여주시 금사면 이포로 41"}},
{"type":"Feature","geometry":{"type":"Point","coordinates":[239284.4705,534030.4128]},"properties":{"A0":"127.44371904821617","A1":"37.40483582871035","A2":"경기 여주시 산북면 금품1로 2","A3":"경기 여주시 산북면 상품리 27-6","A4":"4167038021100270006","A5":"831","A6":"경기남부청","A7":"여주","A8":"산북","A9":"파출소","A10":"031-887-1019","A11":"경기도 여주시 산북면 금품1로 2"}},
{"type":"Feature","geometry":{"type":"Point","coordinates":[252117.9912,530806.5089]},"properties":{"A0":"127.58841844244054","A1":"37.375118522917674","A2":"경기 여주시 대신면 여양로 1436","A3":"경기 여주시 대신면 율촌리 283-2","A4":"4167035037102830002","A5":"832","A6":"경기남부청","A7":"여주","A8":"대신","A9":"파출소","A10":"031-887-1014","A11":"경기도 여주시 대신면 여양로 1436"}},
{"type":"Feature","geometry":{"type":"Point","coordinates":[260248.3826,525786.3922]},"properties":{"A0":"127.67980099403559","A1":"37.32939532283558","A2":"경기 여주시 북내면 여양2로 300","A3":"경기 여주시 북내면 당우리 161-1","A4":"4167036021101610001","A5":"833","A6":"경기남부청","A7":"여주","A8":"북내","A9":"파출소","A10":"031-887-1018","A11":"경기도 여주시 북내면 여양2로 300"}},
{"type":"Feature","geometry":{"type":"Point","coordinates":[198794.0175,552129.5756]},"properties":{"A0":"126.98634907182716","A1":"37.568704616302924","A2":"서울 종로구 삼일대로15길 19(관철동, HK빌딩) 1층 임시파출소","A3":"서울 종로구 관철동 11-19","A4":"1111013500100110019","A5":"9","A6":"서울청","A7":"서울종로","A8":"관수","A9":"파출소","A10":"02-3701-4302","A11":"서울특별시 종로구 삼일대로15길 19 1층(임시파출소)"}},
{"type":"Feature","geometry":{"type":"Point","coordinates":[190250.6343,547031.2517]},"properties":{"A0":"126.8897114324297","A1":"37.52271804444638","A2":"서울 영등포구 선유로 95(양평동1가)","A3":"서울 영등포구 양평동1가 164-22","A4":"1156012500101640022","A5":"81","A6":"서울청","A7":"서울영등포","A8":"양평","A9":"파출소","A10":"02-2118-9106","A11":"서울특별시 영등포구  선유로 95"}},
{"type":"Feature","geometry":{"type":"Point","coordinates":[263066.2446,519613.4147]},"properties":{"A0":"127.71106792958491","A1":"37.273593201185264","A2":"경기 여주시 강천면 강문로 566","A3":"경기 여주시 강천면 간매리 313","A4":"4167037021103130000","A5":"834","A6":"경기남부청","A7":"여주","A8":"강천","A9":"파출소","A10":"031-887-1017","A11":"경기도 여주시 강천면 강문로 566"}},
{"type":"Feature","geometry":{"type":"Point","coordinates":[256611.4476,523125.922]},"properties":{"A0":"127.63856136809798","A1":"37.305655420636846","A2":"경기 여주시 현암동 도예로 10","A3":"경기 여주시 현암동 217-7번지","A4":"4167012200102170007","A5":"835","A6":"경기남부청","A7":"여주","A8":"오학","A9":"파출소","A10":"031-887-1029","A11":"경기도 여주시 현암동 217-7"}},
{"type":"Feature","geometry":{"type":"Point","coordinates":[243379,543310.2642]},"properties":{"A0":"127.49049495641687","A1":"37.48822518111917","A2":"경기 양평군 양평읍 해오름길 11","A3":"경기 양평군 양평읍 양근리 280","A4":"4183025021102800000","A5":"836","A6":"경기남부청","A7":"양평","A8":"양근","A9":"지구대","A10":"031-770-9801","A11":"경기도 양평군 양평읍 해오름길 11"}},
{"type":"Feature","geometry":{"type":"Point","coordinates":[242899.8827,542643.909]},"properties":{"A0":"127.48503656609856","A1":"37.482243711585845","A2":"경기 양평군 강상면 양평대교길 91","A3":"경기 양평군 강상면 교평리 449-7","A4":"4183031023104490007","A5":"837","A6":"경기남부청","A7":"양평","A8":"강상","A9":"파출소","A10":"031-770-9802","A11":"경기도 양평군 강상면 양평대교길 91"}},
{"type":"Feature","geometry":{"type":"Point","coordinates":[236361.974,544124.7812]},"properties":{"A0":"127.41117864331775","A1":"37.49593625398826","A2":"경기 양평군 강하면 운심길 46","A3":"경기 양평군 강하면 운심리 34-4","A4":"4183032021100340004","A5":"838","A6":"경기남부청","A7":"양평","A8":"강하","A9":"파출소","A10":"031-770-9803","A11":"경기도 양평군 강하면 운심길 46"}},
{"type":"Feature","geometry":{"type":"Point","coordinates":[252088.5921,542505.5517]},"properties":{"A0":"127.5889123757928","A1":"37.4805244452412","A2":"경기 양평군 용문면 용문역길 71","A3":"경기 양평군 용문면 다문리 795-2","A4":"4183040024107950002","A5":"839","A6":"경기남부청","A7":"양평","A8":"용문","A9":"파출소","A10":"031-770-9805","A11":"경기도 양평군 용문면 용문역길 71"}},
{"type":"Feature","geometry":{"type":"Point","coordinates":[256271.0731,541952.3737]},"properties":{"A0":"127.63615489613852","A1":"37.47529704038852","A2":"경기 양평군 지평면 지평의병로 91","A3":"경기 양평군 지평면 지평리 539","A4":"4183039521105390000","A5":"840","A6":"경기남부청","A7":"양평","A8":"지평","A9":"파출소","A10":"031-770-9811","A11":"경기도 양평군 지평면 지평의병로 91"}},
{"type":"Feature","geometry":{"type":"Point","coordinates":[259605.1328,548373.6238]},"properties":{"A0":"127.67436425060916","A1":"37.53293889386407","A2":"경기 양평군 단월면 재인동길 2-6","A3":"경기 양평군 단월면 보룡리 92-1","A4":"4183036021100920001","A5":"841","A6":"경기남부청","A7":"양평","A8":"단월","A9":"파출소","A10":"031-770-9809","A11":"경기도 양평군 단월면 재인동길 2-6"}},
{"type":"Feature","geometry":{"type":"Point","coordinates":[262624.9419,550751.3711]},"properties":{"A0":"127.70873027979685","A1":"37.55416070504707","A2":"경기 양평군 청운면 용두로 140","A3":"경기 양평군 청운면 용두리 659-3","A4":"4183037021106590003","A5":"842","A6":"경기남부청","A7":"양평","A8":"청운","A9":"파출소","A10":"031-770-9810","A11":"경기도 양평군 청운면 용두로 140"}},
{"type":"Feature","geometry":{"type":"Point","coordinates":[228211.5507,549528.7963]},"properties":{"A0":"127.31923392170884","A1":"37.54484091886846","A2":"경기 양평군 양서면 양수로152번길 6","A3":"경기 양평군 양서면 양수리 559-6","A4":"4183033021105590006","A5":"843","A6":"경기남부청","A7":"양평","A8":"양서","A9":"파출소","A10":"031-770-9805","A11":"경기도 양평군 양서면 양수로 152번길 6"}},
{"type":"Feature","geometry":{"type":"Point","coordinates":[191274.931,548239.7548]},"properties":{"A0":"126.90128428400703","A1":"37.53361685159681","A2":"서울 영등포구 당산로 221(당산동5가)","A3":"서울 영등포구 당산동5가 15","A4":"1156011500100150000","A5":"82","A6":"서울청","A7":"서울영등포","A8":"당산","A9":"지구대","A10":"02-2118-9107","A11":"서울특별시 영등포구  당산로 221"}},
{"type":"Feature","geometry":{"type":"Point","coordinates":[231083.9669,556022.4363]},"properties":{"A0":"127.35201207779407","A1":"37.603254799781936","A2":"경기 양평군 서종면 무내미길 45","A3":"경기 양평군 서종면 문호리 779-2","A4":"4183035021107790002","A5":"844","A6":"경기남부청","A7":"양평","A8":"서종","A9":"파출소","A10":"031-770-9806","A11":"경기도 양평군 서종면 무내미길 45"}},
{"type":"Feature","geometry":{"type":"Point","coordinates":[240394.853,546644.5535]},"properties":{"A0":"127.45693485337036","A1":"37.518401529646816","A2":"경기 양평군 옥천면 옥천길 27","A3":"경기 양평군 옥천면 옥천리 746-2","A4":"4183034021107460002","A5":"845","A6":"경기남부청","A7":"양평","A8":"옥천","A9":"파출소","A10":"031-770-9807","A11":"경기도 양평군 옥천면 옥천길 27"}},
{"type":"Feature","geometry":{"type":"Point","coordinates":[266651.7972,535950.4938]},"properties":{"A0":"127.752959415728","A1":"37.420533253251506","A2":"경기 양평군 양동면 학둔지아래길 72","A3":"경기 양평군 양동면 쌍학리 228-5","A4":"4183038021102280005","A5":"846","A6":"경기남부청","A7":"양평","A8":"양동","A9":"파출소","A10":"031-770-9812","A11":"경기도 양평군 양동면 학둔지아래길 72"}},
{"type":"Feature","geometry":{"type":"Point","coordinates":[247620.2212,536374.5622]},"properties":{"A0":"127.53799933048447","A1":"37.42552744525328","A2":"경기 양평군 개군면 하자포길 25","A3":"경기 양평군 개군면 하자포리 223-1","A4":"4183041021102230001","A5":"847","A6":"경기남부청","A7":"양평","A8":"개군","A9":"파출소","A10":"031-770-9804","A11":"경기도 양평군 개군면 하자포길 25"}},
{"type":"Feature","geometry":{"type":"Point","coordinates":[205846.8007,571985.5581]},"properties":{"A0":"127.0663409147819","A1":"37.74758553492491","A2":"경기 의정부시 추동로108번길 1(신곡동)","A3":"경기 의정부시 신곡동 804-1","A4":"4115010400108040001","A5":"848","A6":"경기북부청","A7":"의정부","A8":"금오","A9":"지구대","A10":"031-846-5210","A11":"경기도 의정부시  추동로108번길 1"}},
{"type":"Feature","geometry":{"type":"Point","coordinates":[204344.0451,570412.7476]},"properties":{"A0":"127.04928036239613","A1":"37.73342327301445","A2":"경기 의정부시 경의로 119(의정부동)","A3":"경기 의정부시 의정부동 368","A4":"4115010100103680000","A5":"849","A6":"경기북부청","A7":"의정부","A8":"신곡","A9":"지구대","A10":"031-874-0112","A11":"경기도 의정부시  경의로 119"}},
{"type":"Feature","geometry":{"type":"Point","coordinates":[202980.1496,571509.322]},"properties":{"A0":"127.03381241169362","A1":"37.7433086144695","A2":"경기 의정부시 호국로 1171(가능동)","A3":"경기 의정부시 가능동 238-6","A4":"4115011000102380006","A5":"850","A6":"경기북부청","A7":"의정부","A8":"가능","A9":"지구대","A10":"031-873-2676","A11":"경기도 의정부시  호국로 1171"}},
{"type":"Feature","geometry":{"type":"Point","coordinates":[207947.8801,571145.54]},"properties":{"A0":"127.0901716026147","A1":"37.74000132268596","A2":"경기 의정부시 용민로 119(민락동)","A3":"경기 의정부시 민락동 743-1","A4":"4115010600107430001","A5":"851","A6":"경기북부청","A7":"의정부","A8":"송산","A9":"지구대","A10":"031-841-8878","A11":"경기도 의정부시  용민로 119"}},
{"type":"Feature","geometry":{"type":"Point","coordinates":[204224.3378,567373.7554]},"properties":{"A0":"127.04790481437888","A1":"37.70604344844183","A2":"경기 의정부시 평화로 159(호원동)","A3":"경기 의정부시 호원동 465-3","A4":"4115010200104650003","A5":"852","A6":"경기북부청","A7":"의정부","A8":"호원","A9":"지구대","A10":"031-872-3425","A11":"경기도 의정부시  평화로 159"}},
{"type":"Feature","geometry":{"type":"Point","coordinates":[203225.0651,573470.218]},"properties":{"A0":"127.03659989824405","A1":"37.760974818343186","A2":"경기 의정부시 체육로 260(녹양동)","A3":"경기 의정부시 녹양동 407-2","A4":"4115011100104070002","A5":"853","A6":"경기북부청","A7":"의정부","A8":"녹양","A9":"지구대","A10":"031-879-8622","A11":"경기도 의정부시 체육로 260"}},
{"type":"Feature","geometry":{"type":"Point","coordinates":[191044.1268,543778.46]},"properties":{"A0":"126.89872720705748","A1":"37.49341838195443","A2":"서울 영등포구 대림로23길 16-1(대림동)","A3":"서울 영등포구 대림동 706-8","A4":"1156013300107060008","A5":"83","A6":"서울청","A7":"서울영등포","A8":"대림","A9":"지구대","A10":"02-2118-9108","A11":"서울특별시 영등포구  대림로23길 16-1"}},
{"type":"Feature","geometry":{"type":"Point","coordinates":[210003.7916,572570.998]},"properties":{"A0":"127.11351648174139","A1":"37.75282431414461","A2":"경기 의정부시 민락로 356(낙양동)","A3":"경기 의정부시 낙양동 751","A4":"4115010700107510000","A5":"854","A6":"경기북부청","A7":"의정부","A8":"민락","A9":"지구대","A10":"031-879-8670","A11":"경기도 의정부시 민락로 356"}},
{"type":"Feature","geometry":{"type":"Point","coordinates":[185589.6627,559734.2011]},"properties":{"A0":"126.8367351452639","A1":"37.637109574327695","A2":"경기 고양시 덕양구 은빛로 80(화정동)","A3":"경기 고양시 덕양구 화정동 960","A4":"4128112300109600000","A5":"855","A6":"경기북부청","A7":"고양","A8":"화정","A9":"지구대","A10":"031-962-7112","A11":"경기도 고양시 덕양구 은빛로 80"}},
{"type":"Feature","geometry":{"type":"Point","coordinates":[185500.5752,558070.2133]},"properties":{"A0":"126.83575891253162","A1":"37.62211575341975","A2":"경기 고양시 덕양구 중앙로 541-18(행신동)","A3":"경기 고양시 덕양구 행신동 991","A4":"4128112800109910000","A5":"856","A6":"경기북부청","A7":"고양","A8":"행신","A9":"지구대","A10":"031-979-0112","A11":"경기도 고양시 덕양구 중앙로 541-18"}},
{"type":"Feature","geometry":{"type":"Point","coordinates":[186025.689,561642.1796]},"properties":{"A0":"126.84163865529098","A1":"37.65430661475448","A2":"경기 고양시 덕양구 호국로790번길 105(성사동)","A3":"경기 고양시 덕양구 성사동 408-5","A4":"4128110600104080005","A5":"857","A6":"경기북부청","A7":"고양","A8":"원당","A9":"지구대","A10":"031-962-6112","A11":"경기도 고양시 덕양구 호국로 790번길 105"}},
{"type":"Feature","geometry":{"type":"Point","coordinates":[190647.482,561477.6628]},"properties":{"A0":"126.89401628083652","A1":"37.65288303438831","A2":"경기 고양시 덕양구 신도길 6(삼송동)","A3":"경기 고양시 덕양구 삼송동 30-27","A4":"4128111100100300027","A5":"858","A6":"경기북부청","A7":"고양","A8":"신도","A9":"지구대","A10":"02-381-0112","A11":"경기도 고양시 덕양구 신도길 6"}},
{"type":"Feature","geometry":{"type":"Point","coordinates":[191531.0038,567083.7001]},"properties":{"A0":"126.90396336396768","A1":"37.70340074976065","A2":"경기 고양시 덕양구 벽제관로 3(고양동)","A3":"경기 고양시 덕양구 고양동 444-3","A4":"4128111600104440003","A5":"859","A6":"경기북부청","A7":"고양","A8":"고양","A9":"파출소","A10":"031-962-9112","A11":"경기도 고양시 덕양구 벽제관로 3"}},
{"type":"Feature","geometry":{"type":"Point","coordinates":[187996.7968,565408.6165]},"properties":{"A0":"126.86391393305203","A1":"37.68826933898338","A2":"경기 고양시 덕양구 통일로 782(관산동)","A3":"경기 고양시 덕양구 관산동 231-17","A4":"4128111800102310017","A5":"860","A6":"경기북부청","A7":"고양","A8":"관산","A9":"파출소","A10":"031-962-8112","A11":"경기도 고양시 덕양구 통일로 782"}},
{"type":"Feature","geometry":{"type":"Point","coordinates":[185773.7508,558586.5881]},"properties":{"A0":"126.8388430212193","A1":"37.626772203962716","A2":"경기 고양시 덕양구 중앙로558번길 90(행신동)","A3":"경기 고양시 덕양구 행신동 931","A4":"4128112800109310000","A5":"861","A6":"경기북부청","A7":"고양","A8":"행신3","A9":"파출소","A10":"031-978-0112","A11":"경기도 고양시 덕양구 중앙로558번길 90"}},
{"type":"Feature","geometry":{"type":"Point","coordinates":[188172.1056,556274.5931]},"properties":{"A0":"126.86604934233452","A1":"37.605975784903286","A2":"경기 고양시 덕양구 중앙로 219(화전동)","A3":"경기 고양시 덕양구 화전동 544-19","A4":"4128112900105440019","A5":"862","A6":"경기북부청","A7":"고양","A8":"화전","A9":"파출소","A10":"031-971-0112","A11":"경기도 고양시 덕양구 중앙로 219"}},
{"type":"Feature","geometry":{"type":"Point","coordinates":[180460.3731,561178.6666]},"properties":{"A0":"126.7785832025233","A1":"37.650029300493586","A2":"경기 고양시 일산동구 노루목로 116(장항동)","A3":"경기 고양시 일산동구 장항동 899","A4":"4128510400108990000","A5":"864","A6":"경기북부청","A7":"일산동부","A8":"마두","A9":"지구대","A10":"031-923-0112","A11":"경기도 고양시 일산동구  노루목로 116"}},
{"type":"Feature","geometry":{"type":"Point","coordinates":[190859.5764,544398.3179]},"properties":{"A0":"126.89663268635195","A1":"37.49900146198086","A2":"서울 영등포구 가마산로 334(대림동)","A3":"서울 영등포구 대림동 775-2","A4":"1156013300107750002","A5":"84","A6":"서울청","A7":"서울영등포","A8":"대림3","A9":"파출소","A10":"02-2118-9109","A11":"서울특별시 영등포구 가마산로 334"}},
{"type":"Feature","geometry":{"type":"Point","coordinates":[181049.0698,560517.1522]},"properties":{"A0":"126.78527150845267","A1":"37.644081189794164","A2":"경기 고양시 일산동구 장백로 76(백석동)","A3":"경기 고양시 일산동구 백석동 1338","A4":"4128510600113380000","A5":"865","A6":"경기북부청","A7":"일산동부","A8":"백석","A9":"지구대","A10":"031-915-1112","A11":"경기도 고양시 일산동구 장백로 76"}},
{"type":"Feature","geometry":{"type":"Point","coordinates":[182124.0923,563120.7978]},"properties":{"A0":"126.79738857541193","A1":"37.66756093928204","A2":"경기 고양시 일산동구 숲속마을로 54(풍동)","A3":"경기 고양시 일산동구 풍동 1271","A4":"4128510700112710000","A5":"866","A6":"경기북부청","A7":"일산동부","A8":"풍사","A9":"파출소","A10":"031-967-0112","A11":"경기도 고양시 일산동구 숲속마을로 54"}},
{"type":"Feature","geometry":{"type":"Point","coordinates":[180638.3597,565787.5657]},"properties":{"A0":"126.78047806345273","A1":"37.69155767402323","A2":"경기 고양시 일산동구 중산로 220(중산동)","A3":"경기 고양시 일산동구 중산동 1573-5","A4":"4128510200115730005","A5":"867","A6":"경기북부청","A7":"일산동부","A8":"중산","A9":"지구대","A10":"031-922-6112","A11":"경기도 고양시 일산동구 중산로 220"}},
{"type":"Feature","geometry":{"type":"Point","coordinates":[179533.1423,566077.2907]},"properties":{"A0":"126.76793901474673","A1":"37.694144275134995","A2":"경기 고양시 일산서구 현중로36번길 1(탄현동)","A3":"경기 고양시 일산서구 탄현동 1488","A4":"4128710300114880000","A5":"868","A6":"경기북부청","A7":"일산서부","A8":"탄현","A9":"지구대","A10":"031-913-6112","A11":"경기도 고양시 일산서구  현중로36번길 1"}},
{"type":"Feature","geometry":{"type":"Point","coordinates":[178355.1534,564822.1479]},"properties":{"A0":"126.7546199476493","A1":"37.68280851946349","A2":"경기 고양시 일산서구 일산로 670(대화동)","A3":"경기 고양시 일산서구 대화동 2036","A4":"4128710400120360000","A5":"869","A6":"경기북부청","A7":"일산서부","A8":"대화","A9":"지구대","A10":"031-922-0112","A11":"경기도 고양시 일산서구  일산로 670"}},
{"type":"Feature","geometry":{"type":"Point","coordinates":[179138.3478,563395.3825]},"properties":{"A0":"126.76353949915662","A1":"37.66997191881601","A2":"경기 고양시 일산서구 강성로 107(주엽동)","A3":"경기 고양시 일산서구 주엽동 70","A4":"4128710200100700000","A5":"870","A6":"경기북부청","A7":"일산서부","A8":"주엽","A9":"지구대","A10":"031-914-0112","A11":"경기도 고양시 일산서구  강성로 107"}},
{"type":"Feature","geometry":{"type":"Point","coordinates":[175583.0623,565774.2443]},"properties":{"A0":"126.72316166176549","A1":"37.691316555655945","A2":"경기 고양시 일산서구 가좌로 24(가좌동)","A3":"경기 고양시 일산서구 가좌동 134-7","A4":"4128710600101340007","A5":"871","A6":"경기북부청","A7":"일산서부","A8":"가좌","A9":"파출소","A10":"031-918-6112","A11":"경기도 고양시 일산서구  가좌로 24"}},
{"type":"Feature","geometry":{"type":"Point","coordinates":[180237.7968,564515.5899]},"properties":{"A0":"126.77597110329984","A1":"37.680088973079535","A2":"경기 고양시 일산서구 하늘마을로 190(일산동)","A3":"경기 고양시 일산서구 일산동 2142","A4":"4128710100121420000","A5":"872","A6":"경기북부청","A7":"일산서부","A8":"일산","A9":"파출소","A10":"031-977-3112","A11":"경기도 고양시 일산서구 하늘마을로 190"}},
{"type":"Feature","geometry":{"type":"Point","coordinates":[226987.6784,561228.0132]},"properties":{"A0":"127.3058162557908","A1":"37.65028457591515","A2":"경기 남양주시 화도읍 창현로 8","A3":"경기 남양주시 화도읍 창현리 736-3","A4":"4136025628107360003","A5":"873","A6":"경기북부청","A7":"남양주남부","A8":"화도","A9":"지구대","A10":"031-593-0112","A11":"경기도 남양주시 화도읍 창현로 8"}},
{"type":"Feature","geometry":{"type":"Point","coordinates":[225298.8163,562265.0547]},"properties":{"A0":"127.28671480444856","A1":"37.659675955516704","A2":"경기 남양주시 화도읍 묵현로25번길 39-1","A3":"경기 남양주시 화도읍 묵현리 323-1","A4":"4136025622103230001","A5":"874","A6":"경기북부청","A7":"남양주남부","A8":"천마","A9":"파출소","A10":"031-553-0112","A11":"경기도 남양주시 화도읍 묵현로25번길 39-1"}},
{"type":"Feature","geometry":{"type":"Point","coordinates":[191892.0358,546265.1293]},"properties":{"A0":"126.90828785823236","A1":"37.51583131877691","A2":"서울 영등포구 영신로20길 11(영등포동)","A3":"서울 영등포구 영등포동 618-501","A4":"1156010100106180501","A5":"85","A6":"서울청","A7":"서울영등포","A8":"영등포역","A9":"파출소","A10":"02-2118-9110","A11":"서울특별시 영등포구 영신로20길 11"}},
{"type":"Feature","geometry":{"type":"Point","coordinates":[215015.3393,555665.6468]},"properties":{"A0":"127.17003586134692","A1":"37.600442665474745","A2":"경기 남양주시 다산지금로146번길 36(다산동)","A3":"경기 남양주시 다산동 6226","A4":"4136011200162260000","A5":"876","A6":"경기북부청","A7":"남양주남부","A8":"다산2","A9":"지구대","A10":"031-554-0112","A11":"경기도 남양주시 다산지금로 146번길 36"}},
{"type":"Feature","geometry":{"type":"Point","coordinates":[218538.2245,554215.6239]},"properties":{"A0":"127.20989254892173","A1":"37.58731428937098","A2":"경기 남양주시 와부읍 덕소로 63","A3":"경기 남양주시 와부읍 덕소리 462-18","A4":"4136025021104620018","A5":"877","A6":"경기북부청","A7":"남양주남부","A8":"와부","A9":"파출소","A10":"031-576-0112","A11":"경기도 남양주시 와부읍 덕소로 63"}},
{"type":"Feature","geometry":{"type":"Point","coordinates":[221923.7169,561750.8206]},"properties":{"A0":"127.24844927318611","A1":"37.65513012487436","A2":"경기 남양주시 호평로68번길 11(호평동)","A3":"경기 남양주시 호평동 670","A4":"4136010100106700000","A5":"878","A6":"경기북부청","A7":"남양주남부","A8":"호평","A9":"파출소","A10":"031-564-0113","A11":"경기도 남양주시  호평로68번길 11"}},
{"type":"Feature","geometry":{"type":"Point","coordinates":[218486.1458,559433.9865]},"properties":{"A0":"127.20943472509617","A1":"37.6343315581783","A2":"경기 남양주시 금곡로 57(금곡동)","A3":"경기 남양주시 금곡동 420-1","A4":"4136010300104200001","A5":"879","A6":"경기북부청","A7":"남양주남부","A8":"금곡","A9":"파출소","A10":"031-592-0112","A11":"경기도 남양주시  금곡로 57"}},
{"type":"Feature","geometry":{"type":"Point","coordinates":[220268.9591,560621.8895]},"properties":{"A0":"127.22966544434126","A1":"37.64499662501002","A2":"경기 남양주시 경춘로 1211(평내동)","A3":"경기 남양주시 평내동 438-12","A4":"4136010200104380012","A5":"880","A6":"경기북부청","A7":"남양주남부","A8":"평내","A9":"파출소","A10":"031-591-6112","A11":"경기도 남양주시  경춘로 1211"}},
{"type":"Feature","geometry":{"type":"Point","coordinates":[226731.6439,548640.6571]},"properties":{"A0":"127.30245556593206","A1":"37.536883364693516","A2":"경기 남양주시 조안면 북한강로 131","A3":"경기 남양주시 조안면 조안리 192-14","A4":"4136036022101920014","A5":"881","A6":"경기북부청","A7":"남양주남부","A8":"조안","A9":"파출소","A10":"031-576-0113","A11":"경기도 남양주시 조안면 북한강로 131"}},
{"type":"Feature","geometry":{"type":"Point","coordinates":[228398.2391,567820.4235]},"properties":{"A0":"127.32205676879693","A1":"37.70963780888773","A2":"경기 남양주시 수동면 비룡로 808","A3":"경기 남양주시 수동면 입석리 341-3","A4":"4136034026103410003","A5":"882","A6":"경기북부청","A7":"남양주남부","A8":"수동","A9":"파출소","A10":"031-593-6112","A11":"경기도 남양주시 수동면 비룡로 808"}},
{"type":"Feature","geometry":{"type":"Point","coordinates":[216223.2566,568944.1534]},"properties":{"A0":"127.18400939583614","A1":"37.720058735375765","A2":"경기 남양주시 진접읍 장현로 113","A3":"경기 남양주시 진접읍 장현리 351-34","A4":"4136025321103510034","A5":"883","A6":"경기북부청","A7":"남양주북부","A8":"진접","A9":"파출소","A10":"031-571-0112","A11":"경기도 남양주시 진접읍 장현로 113"}},
{"type":"Feature","geometry":{"type":"Point","coordinates":[211129.4227,561784.8285]},"properties":{"A0":"127.12612428216127","A1":"37.65563093692671","A2":"경기 남양주시 두물로 11(별내동)","A3":"경기 남양주시 별내동 937","A4":"4136011100109370000","A5":"884","A6":"경기북부청","A7":"남양주북부","A8":"별내","A9":"파출소","A10":"031-529-5112","A11":"경기도 남양주시  두물로 11"}},
{"type":"Feature","geometry":{"type":"Point","coordinates":[218553.5168,565264.4293]},"properties":{"A0":"127.21034619355257","A1":"37.68686123636458","A2":"경기 남양주시 오남읍 진건오남로 595-14","A3":"경기 남양주시 오남읍 오남리 259-2","A4":"4136026223102590002","A5":"885","A6":"경기북부청","A7":"남양주북부","A8":"오남","A9":"파출소","A10":"031-574-0112","A11":"경기도 남양주시 진건읍 진건오남로 595-14"}},
{"type":"Feature","geometry":{"type":"Point","coordinates":[203691.1674,551199.82]},"properties":{"A0":"127.04177688569706","A1":"37.56032092724156","A2":"서울 성동구 사근동길 5(행당동)","A3":"서울 성동구 행당동 11-7","A4":"1120010700100110007","A5":"86","A6":"서울청","A7":"서울성동","A8":"한양","A9":"지구대","A10":"02-2292-5975","A11":"서울특별시 성동구  사근동길 5"}},
{"type":"Feature","geometry":{"type":"Point","coordinates":[218049.7573,569181.7816]},"properties":{"A0":"127.2047321187552","A1":"37.72216545080112","A2":"경기 남양주시 진접읍 해밀예당1로 251","A3":"경기 남양주시 진접읍 금곡리 1012","A4":"4136025328110120000","A5":"886","A6":"경기북부청","A7":"남양주북부","A8":"해밀","A9":"파출소","A10":"031-573-8112","A11":"경기도 남양주시 진접읍 해밀예당1로 251"}},
{"type":"Feature","geometry":{"type":"Point","coordinates":[215769.7799,561318.5652]},"properties":{"A0":"127.17870114199759","A1":"37.65136206411886","A2":"경기 남양주시 진건읍 진건오남로 5","A3":"경기 남양주시 진건읍 사능리 600-8","A4":"4136025921106000008","A5":"887","A6":"경기북부청","A7":"남양주북부","A8":"진건","A9":"파출소","A10":"031-573-0112","A11":"경기도 남양주시 진건읍 진건오남로 5"}},
{"type":"Feature","geometry":{"type":"Point","coordinates":[212582.2317,561354.4946]},"properties":{"A0":"127.14258097370539","A1":"37.651734704788225","A2":"경기 남양주시 퇴계원읍 퇴계원로 58-7","A3":"경기 남양주시 퇴계원읍 퇴계원리 266-9","A4":"4136026521102660009","A5":"888","A6":"경기북부청","A7":"남양주북부","A8":"퇴계원","A9":"파출소","A10":"031-572-0112","A11":"경기도 남양주시 퇴계원면 퇴계원로 58-7"}},
{"type":"Feature","geometry":{"type":"Point","coordinates":[210564.6873,567598.3911]},"properties":{"A0":"127.11980877543216","A1":"37.70801621977981","A2":"경기 남양주시 별내면 청학로68번길 8","A3":"경기 남양주시 별내면 청학리 412-1","A4":"4136031021104120001","A5":"889","A6":"경기북부청","A7":"남양주북부","A8":"청학","A9":"파출소","A10":"031-853-7112","A11":"경기도 남양주시 별내면 청학로68번길 8,"}},
{"type":"Feature","geometry":{"type":"Point","coordinates":[180256.3871,574023.9653]},"properties":{"A0":"126.77592381354418","A1":"37.76575654621299","A2":"경기 파주시 새꽃로 212(아동동)","A3":"경기 파주시 아동동 356-3","A4":"4148010200103560003","A5":"890","A6":"경기북부청","A7":"파주","A8":"금촌","A9":"지구대","A10":"031-941-0112","A11":"경기도 파주시  새꽃로 212"}},
{"type":"Feature","geometry":{"type":"Point","coordinates":[180934.9835,583804.739]},"properties":{"A0":"126.7833679075195","A1":"37.85389126361635","A2":"경기 파주시 문산읍 개포래로 50-4","A3":"경기 파주시 문산읍 문산리 31-3","A4":"4148025021100310003","A5":"891","A6":"경기북부청","A7":"파주","A8":"문산","A9":"지구대","A10":"031-952-0112","A11":"경기도 파주시 문산읍 개포래로 50-4"}},
{"type":"Feature","geometry":{"type":"Point","coordinates":[176931.2716,568024.8272]},"properties":{"A0":"126.73837697189902","A1":"37.711628779048695","A2":"경기 파주시 한울로 55-1(동패동)","A3":"경기 파주시 동패동 1895","A4":"4148011300118950000","A5":"892","A6":"경기북부청","A7":"파주","A8":"야당","A9":"지구대","A10":"031-944-0112","A11":"경기도 파주시  한울로 55-1"}},
{"type":"Feature","geometry":{"type":"Point","coordinates":[177630.5127,569865.7878]},"properties":{"A0":"126.74624987317566","A1":"37.72823221522296","A2":"경기 파주시 해솔로 84(목동동)","A3":"경기 파주시 목동동 657","A4":"4148011700106570000","A5":"893","A6":"경기북부청","A7":"파주","A8":"호수","A9":"지구대","A10":"031-943-3112","A11":"경기도 파주시 해솔로 84"}},
{"type":"Feature","geometry":{"type":"Point","coordinates":[183790.7372,581478.0062]},"properties":{"A0":"126.81586932364421","A1":"37.8329837902935","A2":"경기 파주시 파주읍 향교말길 26","A3":"경기 파주시 파주읍 파주리 431-1","A4":"4148025326104310001","A5":"895","A6":"경기북부청","A7":"파주","A8":"파주","A9":"파출소","A10":"031-952-3112","A11":"경기도 파주시 파주읍 향교말길 26"}},
{"type":"Feature","geometry":{"type":"Point","coordinates":[189424.2608,583245.136]},"properties":{"A0":"126.87983788145735","A1":"37.848987170069535","A2":"경기 파주시 법원읍 사임당로905번길 40","A3":"경기 파주시 법원읍 법원리 449-9","A4":"4148025622104490009","A5":"896","A6":"경기북부청","A7":"파주","A8":"법원","A9":"파출소","A10":"031-958-0112","A11":"경기도 파주시 법원읍 사임당로905번길 40"}},
{"type":"Feature","geometry":{"type":"Point","coordinates":[204881.3546,549857.2808]},"properties":{"A0":"127.0552386347145","A1":"37.548219245970884","A2":"서울 성동구 광나루로2길 35(성수동2가) 성수지구대","A3":"서울 성동구 성수동2가 299-240","A4":"1120011500102990240","A5":"87","A6":"서울청","A7":"서울성동","A8":"성수","A9":"지구대","A10":"02-463-0112","A11":"서울특별시 성동구  광나루로2길 35 성수지구대"}},
{"type":"Feature","geometry":{"type":"Point","coordinates":[182861.8193,571586.7814]},"properties":{"A0":"126.80555094095986","A1":"37.74385095954675","A2":"경기 파주시 조리읍 봉천로 55","A3":"경기 파주시 조리읍 봉일천리 160-72","A4":"4148026221101600072","A5":"897","A6":"경기북부청","A7":"파주","A8":"조리","A9":"파출소","A10":"031-944-1112","A11":"경기도 파주시 조리읍 봉천로 55"}},
{"type":"Feature","geometry":{"type":"Point","coordinates":[186687.3035,575756.5066]},"properties":{"A0":"126.84887818443119","A1":"37.78148209901593","A2":"경기 파주시 광탄면 동거리길 25-7","A3":"경기 파주시 광탄면 신산리 221-12","A4":"4148035027102210012","A5":"898","A6":"경기북부청","A7":"파주","A8":"광탄","A9":"파출소","A10":"031-947-0112","A11":"경기도 파주시 광탄면 동거리길 25-7"}},
{"type":"Feature","geometry":{"type":"Point","coordinates":[192707.1462,594822.9629]},"properties":{"A0":"126.91702100413745","A1":"37.95332910910171","A2":"경기 파주시 적성면 청송로 1003","A3":"경기 파주시 적성면 마지리 48-2","A4":"4148037035100480002","A5":"899","A6":"경기북부청","A7":"파주","A8":"적성","A9":"파출소","A10":"031-959-4112","A11":"경기도 파주시 적성면 청송로 1003"}},
{"type":"Feature","geometry":{"type":"Point","coordinates":[175202.8788,578277.0377]},"properties":{"A0":"126.71842526080349","A1":"37.80395166433204","A2":"경기 파주시 탄현면 방촌로 669","A3":"경기 파주시 탄현면 축현리 492-3","A4":"4148032027104920003","A5":"900","A6":"경기북부청","A7":"파주","A8":"탄현","A9":"파출소","A10":"031-942-9112","A11":"경기도 파주시 탄현면 방촌로 669"}},
{"type":"Feature","geometry":{"type":"Point","coordinates":[185915.0911,591421.4709]},"properties":{"A0":"126.83980717465303","A1":"37.92260396568279","A2":"경기 파주시 파평면 청송로 198","A3":"경기 파주시 파평면 금파리 303-1","A4":"4148036026103030001","A5":"901","A6":"경기북부청","A7":"파주","A8":"파평","A9":"파출소","A10":"031-958-3112","A11":"경기도 파주시 적성면 청송로 198"}},
{"type":"Feature","geometry":{"type":"Point","coordinates":[181598.823,577344.1095]},"properties":{"A0":"126.79106456995117","A1":"37.795711974663945","A2":"경기 파주시 월롱면 휴암로 3","A3":"경기 파주시 월롱면 위전리 430-5","A4":"4148031021104300005","A5":"902","A6":"경기북부청","A7":"파주","A8":"월롱","A9":"파출소","A10":"031-945-1112","A11":"경기도 파주시 월롱면 휴암로 3"}},
{"type":"Feature","geometry":{"type":"Point","coordinates":[205987.5337,581985.3722]},"properties":{"A0":"127.06802028657764","A1":"37.83767910923619","A2":"경기 양주시 회정로 133(덕정동)","A3":"경기 양주시 덕정동 206-3","A4":"4163011000102060003","A5":"903","A6":"경기북부청","A7":"양주","A8":"회천","A9":"지구대","A10":"031-863-1110","A11":"경기도 양주시  회정로 133"}},
{"type":"Feature","geometry":{"type":"Point","coordinates":[207118.6985,577415.589]},"properties":{"A0":"127.08082575912226","A1":"37.79649912695252","A2":"경기 양주시 고읍로 83(만송동)","A3":"경기 양주시 만송동 695-3","A4":"4163010700106950003","A5":"904","A6":"경기북부청","A7":"양주","A8":"고읍","A9":"지구대","A10":"031-843-5112","A11":"경기도 양주시  고읍로 83"}},
{"type":"Feature","geometry":{"type":"Point","coordinates":[204027.4393,579831.8633]},"properties":{"A0":"127.04574100392583","A1":"37.81828758795135","A2":"경기 양주시 평화로 1427(덕계동)","A3":"경기 양주시 덕계동 681-31","A4":"4163011600106810031","A5":"905","A6":"경기북부청","A7":"양주","A8":"덕계","A9":"지구대","A10":"031-865-1112","A11":"경기도 양주시  평화로 1427"}},
{"type":"Feature","geometry":{"type":"Point","coordinates":[198778.7416,580393.6861]},"properties":{"A0":"126.98612878885861","A1":"37.82335745092142","A2":"경기 양주시 광적면 가래비길 54","A3":"경기 양주시 광적면 가납리 741-2","A4":"4163033021107410002","A5":"906","A6":"경기북부청","A7":"양주","A8":"광적","A9":"파출소","A10":"031-836-3112","A11":"경기도 양주시 광적면 가래비길 54"}},
{"type":"Feature","geometry":{"type":"Point","coordinates":[204619.5865,548728.3691]},"properties":{"A0":"127.05226925779397","A1":"37.53804905737125","A2":"서울 성동구 성덕정길 77-2(성수동2가)","A3":"서울 성동구 성수동2가 344-7","A4":"1120011500103440007","A5":"88","A6":"서울청","A7":"서울성동","A8":"서울숲","A9":"지구대","A10":"02-464-0113","A11":"서울특별시 성동구  성덕정길 77-2"}},
{"type":"Feature","geometry":{"type":"Point","coordinates":[199166.2891,577415.4635]},"properties":{"A0":"126.99053403981281","A1":"37.796525347324646","A2":"경기 양주시 백석읍 꿈나무로 142","A3":"경기 양주시 백석읍 오산리 36-5","A4":"4163025022100360005","A5":"907","A6":"경기북부청","A7":"양주","A8":"백석","A9":"파출소","A10":"031-879-2112","A11":"경기도 양주시 백석읍 꿈나무로 142"}},
{"type":"Feature","geometry":{"type":"Point","coordinates":[194783.2894,568597.9036]},"properties":{"A0":"126.94083266803364","A1":"37.71706765041929","A2":"경기 양주시 장흥면 호국로 179","A3":"경기 양주시 장흥면 일영리 139-4","A4":"4163034025101390004","A5":"908","A6":"경기북부청","A7":"양주","A8":"장흥","A9":"파출소","A10":"031-855-5112","A11":"경기도 양주시 장흥면 호국로 179"}},
{"type":"Feature","geometry":{"type":"Point","coordinates":[197727.2582,588376.2469]},"properties":{"A0":"126.97416089842898","A1":"37.8952744147141","A2":"경기 양주시 남면 개나리길 50","A3":"경기 양주시 남면 신산리 285-183","A4":"4163032021102850183","A5":"909","A6":"경기북부청","A7":"양주","A8":"남면","A9":"파출소","A10":"031-863-6112","A11":"경기도 양주시 남면 개나리길 50"}},
{"type":"Feature","geometry":{"type":"Point","coordinates":[204521.3356,575487.0152]},"properties":{"A0":"127.05132331220042","A1":"37.77914003917209","A2":"경기 양주시 부흥로 1613(마전동)","A3":"경기 양주시 마전동 163-3","A4":"4163010400101630003","A5":"910","A6":"경기북부청","A7":"양주","A8":"주내","A9":"파출소","A10":"031-840-0112","A11":"경기도 양주시 부흥로 1613"}},
{"type":"Feature","geometry":{"type":"Point","coordinates":[208302.4101,580814.6904]},"properties":{"A0":"127.09430458085131","A1":"37.827113428126665","A2":"경기 양주시 옥정로8길 62(옥정동)","A3":"경기 양주시 옥정동 953-6","A4":"4163011400109530006","A5":"911","A6":"경기북부청","A7":"양주","A8":"옥정","A9":"지구대","A10":"031-861-7690","A11":"경기도 양주시 옥정로8길 62"}},
{"type":"Feature","geometry":{"type":"Point","coordinates":[202057.8666,586032.6794]},"properties":{"A0":"127.02338954086431","A1":"37.87416057065126","A2":"경기 양주시 은현면 은현로55번길 6","A3":"경기 양주시 은현면 선암리 336-3","A4":"4163031022103360003","A5":"912","A6":"경기북부청","A7":"양주","A8":"은현","A9":"파출소","A10":"031-863-7112","A11":"경기도 양주시 은현면 은현로55번길 6"}},
{"type":"Feature","geometry":{"type":"Point","coordinates":[204580.8687,588413.6955]},"properties":{"A0":"127.05208087444731","A1":"37.895603115224716","A2":"경기 동두천시 중앙로 157(지행동)","A3":"경기 동두천시 지행동 691-7","A4":"4125010200106910007","A5":"913","A6":"경기북부청","A7":"동두천","A8":"송내","A9":"지구대","A10":"031-865-2112","A11":"경기도 동두천시  중앙로 157"}},
{"type":"Feature","geometry":{"type":"Point","coordinates":[205332.1322,590395.2072]},"properties":{"A0":"127.06063679267523","A1":"37.91345133023678","A2":"경기 동두천시 중앙로 393(보산동)","A3":"경기 동두천시 보산동 405","A4":"4125010600104050000","A5":"914","A6":"경기북부청","A7":"동두천","A8":"중앙","A9":"파출소","A10":"031-868-7112","A11":"경기도 동두천시  중앙로 393"}},
{"type":"Feature","geometry":{"type":"Point","coordinates":[204419.879,589072.7196]},"properties":{"A0":"127.05025461133448","A1":"37.90154140719615","A2":"경기 동두천시 생연로 99(생연동)","A3":"경기 동두천시 생연동 814-7","A4":"4125010300108140007","A5":"915","A6":"경기북부청","A7":"동두천","A8":"생연","A9":"파출소","A10":"031-865-8112","A11":"경기도 동두천시  생연로 99"}},
{"type":"Feature","geometry":{"type":"Point","coordinates":[207306.0222,588328.461]},"properties":{"A0":"127.08306286070746","A1":"37.894817440619995","A2":"경기 동두천시 광암로 10(광암동)","A3":"경기 동두천시 광암동 495","A4":"4125010400104950000","A5":"916","A6":"경기북부청","A7":"동두천","A8":"광암","A9":"파출소","A10":"031-867-3603","A11":"경기도 동두천시  광암로 10"}},
{"type":"Feature","geometry":{"type":"Point","coordinates":[202883.9264,551899.7117]},"properties":{"A0":"127.03264324202708","A1":"37.566629812956464","A2":"서울 성동구 마장로 205(홍익동)","A3":"서울 성동구 홍익동 102-1","A4":"1120010300101020001","A5":"89","A6":"서울청","A7":"서울성동","A8":"왕십리","A9":"파출소","A10":"02-2295-1241","A11":"서울특별시 성동구  마장로 205"}},
{"type":"Feature","geometry":{"type":"Point","coordinates":[204962.1586,592078.7324]},"properties":{"A0":"127.0564410547087","A1":"37.92862099786909","A2":"경기 동두천시 평화로 2695(동두천동)","A3":"경기 동두천시 동두천동 252-3","A4":"4125010700102520003","A5":"917","A6":"경기북부청","A7":"동두천","A8":"소요","A9":"파출소","A10":"031-865-2742","A11":"경기도 동두천시  평화로 2695"}},
{"type":"Feature","geometry":{"type":"Point","coordinates":[211971.459,555273.0308]},"properties":{"A0":"127.13556022089898","A1":"37.59694950511562","A2":"경기 구리시 안골로 40(교문동, 교문동주차빌딩)","A3":"경기 구리시 교문동 736-3","A4":"4131010400107360003","A5":"918","A6":"경기북부청","A7":"구리","A8":"교문","A9":"지구대","A10":"031-566-0112","A11":"경기도 구리시  안골로 40"}},
{"type":"Feature","geometry":{"type":"Point","coordinates":[212488.1757,556217.3004]},"properties":{"A0":"127.14142739017188","A1":"37.60545075538806","A2":"경기 구리시 건원대로34번길 31(인창동)","A3":"경기 구리시 인창동 671-2","A4":"4131010300106710002","A5":"919","A6":"경기북부청","A7":"구리","A8":"인창","A9":"지구대","A10":"031-567-0112","A11":"경기도 구리시  건원대로34번길 31"}},
{"type":"Feature","geometry":{"type":"Point","coordinates":[212470.2458,554651.7085]},"properties":{"A0":"127.14119768268597","A1":"37.59134519926343","A2":"경기 구리시 체육관로74번길 55(수택동)","A3":"경기 구리시 수택동 851-3","A4":"4131010500108510003","A5":"920","A6":"경기북부청","A7":"구리","A8":"토평","A9":"지구대","A10":"031-552-0112","A11":"경기도 구리시  체육관로74번길 55"}},
{"type":"Feature","geometry":{"type":"Point","coordinates":[210622.267,558893.9135]},"properties":{"A0":"127.12033505995517","A1":"37.6295901059604","A2":"경기 구리시 갈매순환로 112(갈매동)","A3":"경기 구리시 갈매동 654","A4":"4131010100106540000","A5":"921","A6":"경기북부청","A7":"구리","A8":"갈매","A9":"지구대","A10":"031-553-9112","A11":"경기도 구리시 갈매순환로 112"}},
{"type":"Feature","geometry":{"type":"Point","coordinates":[212996.3683,555222.4225]},"properties":{"A0":"127.14716495157398","A1":"37.5964799921137","A2":"경기 구리시 검배로71번길 12-5(수택동)","A3":"경기 구리시 수택동 493-5","A4":"4131010500104930005","A5":"922","A6":"경기북부청","A7":"구리","A8":"수택","A9":"파출소","A10":"031-551-6112","A11":"경기도 구리시  검배로71번길 12-5"}},
{"type":"Feature","geometry":{"type":"Point","coordinates":[217251.5224,588100.2602]},"properties":{"A0":"127.19612824408536","A1":"37.89262741126598","A2":"경기 포천시 원모루로1길 32(신읍동)","A3":"경기 포천시 신읍동 106-22","A4":"4165010100101060022","A5":"924","A6":"경기북부청","A7":"포천","A8":"포천","A9":"파출소","A10":"031-534-0112","A11":"경기도 포천시  원모루로1길 32"}},
{"type":"Feature","geometry":{"type":"Point","coordinates":[219191.6608,587544.2405]},"properties":{"A0":"127.21817029067716","A1":"37.88757914774459","A2":"경기 포천시 군내면 청군로 3280","A3":"경기 포천시 군내면 구읍리 214-3","A4":"4165031021102140003","A5":"925","A6":"경기북부청","A7":"포천","A8":"군내","A9":"파출소","A10":"031-534-5112","A11":"경기도 포천시 군내면 청군로 3280"}},
{"type":"Feature","geometry":{"type":"Point","coordinates":[213234.2025,584164.7587]},"properties":{"A0":"127.15038437213721","A1":"37.857237638438875","A2":"경기 포천시 송선로 279(선단동)","A3":"경기 포천시 선단동 834-2","A4":"4165010400108340002","A5":"926","A6":"경기북부청","A7":"포천","A8":"선단","A9":"파출소","A10":"031-541-3112","A11":"경기도 포천시  송선로 279"}},
{"type":"Feature","geometry":{"type":"Point","coordinates":[216634.8585,599003.393]},"properties":{"A0":"127.18936981861208","A1":"37.99086847004632","A2":"경기 포천시 창수면 메치골로 174","A3":"경기 포천시 창수면 주원리 249-2","A4":"4165035022102490002","A5":"927","A6":"경기북부청","A7":"포천","A8":"창수","A9":"파출소","A10":"031-533-0112","A11":"경기도 포천시 창수면 메치골로 174"}},
{"type":"Feature","geometry":{"type":"Point","coordinates":[202549.9868,550877.1686]},"properties":{"A0":"127.02885981611567","A1":"37.55741771928287","A2":"서울 성동구 행당로 89(행당동)","A3":"서울 성동구 행당동 317-1994","A4":"1120010700103171994","A5":"90","A6":"서울청","A7":"서울성동","A8":"행당","A9":"파출소","A10":"02-2292-1812","A11":"서울특별시 성동구  행당로 89"}},
{"type":"Feature","geometry":{"type":"Point","coordinates":[220023.3277,576215.8671]},"properties":{"A0":"127.22731115063823","A1":"37.78549856123365","A2":"경기 포천시 내촌면 내촌로 62","A3":"경기 포천시 내촌면 내리 389-3","A4":"4165032024103890003","A5":"928","A6":"경기북부청","A7":"포천","A8":"내촌","A9":"파출소","A10":"031-534-2112","A11":"경기도 포천시 내촌면 내촌로 62"}},
{"type":"Feature","geometry":{"type":"Point","coordinates":[227745.7438,595073.4025]},"properties":{"A0":"127.31570101944428","A1":"37.9551910675173","A2":"경기 포천시 일동면 화동로 1023","A3":"경기 포천시 일동면 기산리 285-6","A4":"4165037023102850006","A5":"929","A6":"경기북부청","A7":"포천","A8":"일동","A9":"파출소","A10":"031-532-3112","A11":"경기도 포천시 일동면 화동로 1023"}},
{"type":"Feature","geometry":{"type":"Point","coordinates":[221956.7188,617503.3349]},"properties":{"A0":"127.25051985331942","A1":"38.15742372382492","A2":"경기 포천시 관인면 관인로 15","A3":"경기 포천시 관인면 탄동리 664-2","A4":"4165040024106640002","A5":"930","A6":"경기북부청","A7":"포천","A8":"관인","A9":"파출소","A10":"031-533-1112","A11":"경기도 포천시 관인면 관인로 15"}},
{"type":"Feature","geometry":{"type":"Point","coordinates":[219913.2156,592633.1786]},"properties":{"A0":"127.22651356918772","A1":"37.93341208470038","A2":"경기 포천시 신북면 호국로 2059","A3":"경기 포천시 신북면 기지리 893-2","A4":"4165034022108930002","A5":"931","A6":"경기북부청","A7":"포천","A8":"신북","A9":"파출소","A10":"031-534-4112","A11":"경기도 포천시  호국로 2059"}},
{"type":"Feature","geometry":{"type":"Point","coordinates":[216254.5676,582959.5419]},"properties":{"A0":"127.18467831437749","A1":"37.84633068738353","A2":"경기 포천시 가산면 가산로309번길 13","A3":"경기 포천시 가산면 마산리 425-1","A4":"4165033021104250001","A5":"932","A6":"경기북부청","A7":"포천","A8":"가산","A9":"파출소","A10":"031-544-2112","A11":"경기도 포천시 가산면 가산로309번길 13"}},
{"type":"Feature","geometry":{"type":"Point","coordinates":[226527.072,588602.7339]},"properties":{"A0":"127.30159703683229","A1":"37.896931707669424","A2":"경기 포천시 화현면 화동로 327","A3":"경기 포천시 화현면 화현리 810-19","A4":"4165041021108100019","A5":"933","A6":"경기북부청","A7":"포천","A8":"화현","A9":"파출소","A10":"031-532-4112","A11":"경기도 포천시 화현면 화동로 327"}},
{"type":"Feature","geometry":{"type":"Point","coordinates":[232166.2368,603743.908]},"properties":{"A0":"127.36638715538591","A1":"38.03315894041351","A2":"경기 포천시 이동면 화동로 2078","A3":"경기 포천시 이동면 장암리 219-2","A4":"4165038021102190002","A5":"934","A6":"경기북부청","A7":"포천","A8":"이동","A9":"파출소","A10":"031-534-1112","A11":"경기도 포천시 이동면 화동로 2078"}},
{"type":"Feature","geometry":{"type":"Point","coordinates":[224024.1378,610209.3139]},"properties":{"A0":"127.27386315669652","A1":"38.091659165695944","A2":"경기 포천시 영북면 운천로 4","A3":"경기 포천시 영북면 운천리 505-2","A4":"4165039021105050002","A5":"935","A6":"경기북부청","A7":"포천","A8":"영북","A9":"파출소","A10":"031-532-5112","A11":"경기도 포천시 영북면 운천로 4"}},
{"type":"Feature","geometry":{"type":"Point","coordinates":[221322.828,600319.7094]},"properties":{"A0":"127.24277557388564","A1":"38.00262948851524","A2":"경기 포천시 영중면 양문로 109","A3":"경기 포천시 영중면 양문리 847-7","A4":"4165036021108470007","A5":"936","A6":"경기북부청","A7":"포천","A8":"영중","A9":"파출소","A10":"031-532-6112","A11":"경기도 포천시 영중면 양문로 109"}},
{"type":"Feature","geometry":{"type":"Point","coordinates":[230635.6344,579928.7265]},"properties":{"A0":"127.34794074045007","A1":"37.818655369295186","A2":"경기 가평군 조종면 현창로 43","A3":"경기 가평군 조종면 현리 267-5","A4":"4182034521102670005","A5":"937","A6":"경기북부청","A7":"가평","A8":"조종","A9":"파출소","A10":"031-585-0112","A11":"경기도 가평군 조종면 현창로 43"}},
{"type":"Feature","geometry":{"type":"Point","coordinates":[196330.709,555607.3752]},"properties":{"A0":"126.95844863913807","A1":"37.60003281592813","A2":"서울 종로구 세검정로 226(홍지동)","A3":"서울 종로구 홍지동 95-1","A4":"1111018500100950001","A5":"10","A6":"서울청","A7":"서울종로","A8":"세검정","A9":"파출소","A10":"02-3701-4507","A11":"서울특별시 종로구  세검정로 226"}},
{"type":"Feature","geometry":{"type":"Point","coordinates":[201212.0092,549513.83]},"properties":{"A0":"127.01371458474001","A1":"37.54513658143868","A2":"서울 성동구 독서당로 211(옥수동)","A3":"서울 성동구 옥수동 561","A4":"1120011300105610000","A5":"91","A6":"서울청","A7":"서울성동","A8":"옥수","A9":"파출소","A10":"02-2297-5898","A11":"서울특별시 성동구  독서당로 211"}},
{"type":"Feature","geometry":{"type":"Point","coordinates":[231474.0165,578402.7549]},"properties":{"A0":"127.35739605381283","A1":"37.80487869658916","A2":"경기 가평군 상면 청군로 1101","A3":"경기 가평군 상면 연하리 171-31","A4":"4182033021101710031","A5":"938","A6":"경기북부청","A7":"가평","A8":"상면","A9":"파출소","A10":"031-585-2112","A11":"경기도 가평군 상면 청군로 1101"}},
{"type":"Feature","geometry":{"type":"Point","coordinates":[236868.798,570934.5666]},"properties":{"A0":"127.41827417707574","A1":"37.7373935817404","A2":"경기 가평군 청평면 청평중앙로 33","A3":"경기 가평군 청평면 청평리 462-3","A4":"4182032521104620003","A5":"939","A6":"경기북부청","A7":"가평","A8":"청평","A9":"파출소","A10":"031-584-0112","A11":"경기도 가평군 청평면 청평중앙로 33"}},
{"type":"Feature","geometry":{"type":"Point","coordinates":[245450.2127,580526.289]},"properties":{"A0":"127.51622780085586","A1":"37.823421714300906","A2":"경기 가평군 가평읍 가화로 38","A3":"경기 가평군 가평읍 대곡리 213-4","A4":"4182025022102130004","A5":"940","A6":"경기북부청","A7":"가평","A8":"읍내","A9":"파출소","A10":"031-582-2203","A11":"경기도 가평군 가평읍 가화로 38"}},
{"type":"Feature","geometry":{"type":"Point","coordinates":[248351.6049,587471.3143]},"properties":{"A0":"127.54964508209774","A1":"37.885841125080894","A2":"경기 가평군 북면 화악산로 6","A3":"경기 가평군 북면 목동리 848-4","A4":"4182035021108480004","A5":"941","A6":"경기북부청","A7":"가평","A8":"북면","A9":"파출소","A10":"031-582-0112","A11":"경기도 가평군 북면 화악산로 6"}},
{"type":"Feature","geometry":{"type":"Point","coordinates":[243288.2984,564346.0251]},"properties":{"A0":"127.4907097718496","A1":"37.67775319209426","A2":"경기 가평군 설악면 신천중앙로 115","A3":"경기 가평군 설악면 신천리 434-4","A4":"4182031021104340004","A5":"942","A6":"경기북부청","A7":"가평","A8":"설악","A9":"파출소","A10":"031-584-7112","A11":"경기도 가평군 설악면 신천중앙로 115"}},
{"type":"Feature","geometry":{"type":"Point","coordinates":[206456.7492,602839.1428]},"properties":{"A0":"127.07353762773948","A1":"38.02555562333286","A2":"경기 연천군 전곡읍 선사로 410","A3":"경기 연천군 전곡읍 전곡리 328-40","A4":"4180025321103280040","A5":"943","A6":"경기북부청","A7":"연천","A8":"전곡","A9":"파출소","A10":"031-832-2112","A11":"경기도 연천군 전곡읍 전곡읍 선사로 410"}},
{"type":"Feature","geometry":{"type":"Point","coordinates":[206125.6781,599342.8613]},"properties":{"A0":"127.06973706880098","A1":"37.99405896311802","A2":"경기 연천군 청산면 평화로 229","A3":"경기 연천군 청산면 초성리 187-7","A4":"4180032021101870007","A5":"944","A6":"경기북부청","A7":"연천","A8":"청산","A9":"파출소","A10":"031-832-4112","A11":"경기도 연천군 연천읍 평화로 229"}},
{"type":"Feature","geometry":{"type":"Point","coordinates":[206787.0272,611063.7249]},"properties":{"A0":"127.07737721778861","A1":"38.099649902854864","A2":"경기 연천군 연천읍 문화로 67-1","A3":"경기 연천군 연천읍 차탄리 649","A4":"4180025021106490000","A5":"945","A6":"경기북부청","A7":"연천","A8":"연천","A9":"파출소","A10":"031-834-1112","A11":"경기도 연천군 연천읍 문화로 67-1"}},
{"type":"Feature","geometry":{"type":"Point","coordinates":[209389.4603,620517.593]},"properties":{"A0":"127.10717142026257","A1":"38.184797225559244","A2":"경기 연천군 신서면 연신로 1153","A3":"경기 연천군 신서면 도신리 285-11","A4":"4180036022102850011","A5":"946","A6":"경기북부청","A7":"연천","A8":"신서","A9":"파출소","A10":"031-834-8142","A11":"경기도 연천군 신서면 연신로 1153"}},
{"type":"Feature","geometry":{"type":"Point","coordinates":[192795.9448,603298.5178]},"properties":{"A0":"126.91795782041436","A1":"38.02967820822994","A2":"경기 연천군 백학면 청정로 532-1","A3":"경기 연천군 백학면 두일리 370","A4":"4180033021103700000","A5":"947","A6":"경기북부청","A7":"연천","A8":"백학","A9":"파출소","A10":"031-835-5112","A11":"경기도 연천군 백학면 청정로 532-1"}},
{"type":"Feature","geometry":{"type":"Point","coordinates":[201733.789,550579.2079]},"properties":{"A0":"127.0196216797618","A1":"37.55473498234102","A2":"서울 성동구 금호로11길 2-1(금호동2가)","A3":"서울 성동구 금호동2가 224","A4":"1120011000102240000","A5":"92","A6":"서울청","A7":"서울성동","A8":"금호","A9":"파출소","A10":"02-2231-6253","A11":"서울특별시 성동구  금호로11길 2-1"}},
{"type":"Feature","geometry":{"type":"Point","coordinates":[201148.1755,606349]},"properties":{"A0":"127.0130825049404","A1":"38.05719903122692","A2":"경기 연천군 왕징면 왕산로28번길 3","A3":"경기 연천군 왕징면 무등리 17-2","A4":"4180035021100170002","A5":"948","A6":"경기북부청","A7":"연천","A8":"왕징","A9":"파출소","A10":"031-833-9112","A11":"경기도 연천군 왕징면 왕산로28번길 3"}},
{"type":"Feature","geometry":{"type":"Point","coordinates":[201646.7709,609387.171]},"properties":{"A0":"127.01877057761831","A1":"38.08456968389221","A2":"경기 연천군 군남면 군남로 413-6","A3":"경기 연천군 군남면 삼거리 400-16","A4":"4180031023104000016","A5":"949","A6":"경기북부청","A7":"연천","A8":"군남","A9":"파출소","A10":"031-833-8222","A11":"경기도 연천군 군남면 군남로 413-6"}},
{"type":"Feature","geometry":{"type":"Point","coordinates":[264867.5594,586467.897]},"properties":{"A0":"127.73729037860079","A1":"37.87577536486987","A2":"강원 춘천시 서부대성로 168(효자동) 603","A3":"강원 춘천시 효자동 603","A4":"5111011200106030000","A5":"950","A6":"강원청","A7":"춘천","A8":"중부","A9":"지구대","A10":"033-245-0711","A11":"강원도 춘천시  서부대성로 168(효자동603)"}},
{"type":"Feature","geometry":{"type":"Point","coordinates":[265826.8407,587256.547]},"properties":{"A0":"127.74826490494478","A1":"37.8828110911964","A2":"강원 춘천시 춘천로 325(후평동)","A3":"강원 춘천시 후평동 726-7","A4":"5111012000107260007","A5":"951","A6":"강원청","A7":"춘천","A8":"후평","A9":"지구대","A10":"033-245-0721","A11":"강원도 춘천시  춘천로 325"}},
{"type":"Feature","geometry":{"type":"Point","coordinates":[262751.4337,586295.1676]},"properties":{"A0":"127.71322506177543","A1":"37.874367442005756","A2":"강원 춘천시 영서로 2414(근화동)","A3":"강원 춘천시 근화동 785-1","A4":"5111011700107850001","A5":"952","A6":"강원청","A7":"춘천","A8":"서부","A9":"지구대","A10":"033-245-0731","A11":"강원도 춘천시 영서로 2414"}},
{"type":"Feature","geometry":{"type":"Point","coordinates":[265558.0755,584810.3919]},"properties":{"A0":"127.74498815887812","A1":"37.86079387558683","A2":"강원 춘천시 우석로4번길 21(석사동) 남부지구대","A3":"강원 춘천시 석사동 778-6","A4":"5111012400107780006","A5":"953","A6":"강원청","A7":"춘천","A8":"남부","A9":"지구대","A10":"033-245-0741","A11":"강원도 춘천시  우석로4번길 21 남부지구대"}},
{"type":"Feature","geometry":{"type":"Point","coordinates":[263010.3634,587240.9538]},"properties":{"A0":"127.71625036707977","A1":"37.88287010120327","A2":"강원 춘천시 공지로 571-1(근화동)","A3":"강원 춘천시 근화동 551-3","A4":"5111011700105510003","A5":"954","A6":"강원청","A7":"춘천","A8":"소양로","A9":"지구대","A10":"033-245-0761","A11":"강원도 춘천시  공지로 571-1"}},
{"type":"Feature","geometry":{"type":"Point","coordinates":[256941.1802,577052.3281]},"properties":{"A0":"127.64646275908765","A1":"37.79148109108679","A2":"강원 춘천시 남산면 한치로 77","A3":"강원 춘천시 남산면 창촌리 67-5","A4":"5111040025100670005","A5":"955","A6":"강원청","A7":"춘천","A8":"남산","A9":"파출소","A10":"033-245-0781","A11":"강원도 춘천시 남산면 한치로 77"}},
{"type":"Feature","geometry":{"type":"Point","coordinates":[262408.2212,591642.1489]},"properties":{"A0":"127.70978685895747","A1":"37.92256066256678","A2":"강원 춘천시 서면 박사로 1277 서면파출소","A3":"강원 춘천시 서면 신매리 812-2","A4":"5111035023108120002","A5":"956","A6":"강원청","A7":"춘천","A8":"서면","A9":"파출소","A10":"033-245-0791","A11":"강원도 춘천시 서면 박사로 1277서면파출소"}},
{"type":"Feature","geometry":{"type":"Point","coordinates":[256277.6499,603482.0953]},"properties":{"A0":"127.64099312389195","A1":"38.02962393393161","A2":"강원 춘천시 사북면 영서로 4715 사북파출소","A3":"강원 춘천시 사북면 신포리 395-9","A4":"5111036021103950009","A5":"957","A6":"강원청","A7":"춘천","A8":"사북","A9":"파출소","A10":"033-245-0701","A11":"강원도 춘천시 사북면 영서로 4715 사북파출소"}},
{"type":"Feature","geometry":{"type":"Point","coordinates":[202654.0398,550030.2217]},"properties":{"A0":"127.03003440080474","A1":"37.54978643727381","A2":"서울 성동구 독서당로 373(응봉동) 응봉파출소","A3":"서울 성동구 응봉동 275-8","A4":"1120010800102750008","A5":"93","A6":"서울청","A7":"서울성동","A8":"응봉","A9":"파출소","A10":"02-2293-7480","A11":"서울특별시 성동구  독서당로 373 응봉파출소"}},
{"type":"Feature","geometry":{"type":"Point","coordinates":[265644.0988,591997.9247]},"properties":{"A0":"127.74661926016901","A1":"37.92553855933856","A2":"강원 춘천시 신북읍 율문길 79","A3":"강원 춘천시 신북읍 율문리 288-1","A4":"5111025021102880001","A5":"958","A6":"강원청","A7":"춘천","A8":"신북","A9":"파출소","A10":"033-245-0771","A11":"강원도 춘천시 신북읍 율문길 79"}},
{"type":"Feature","geometry":{"type":"Point","coordinates":[264067.6728,589242.9364]},"properties":{"A0":"127.72844560564394","A1":"37.90083087216412","A2":"강원 춘천시 영서로2771번길 2(우두동)","A3":"강원 춘천시 우두동 1051-4","A4":"5111011800110510004","A5":"959","A6":"강원청","A7":"춘천","A8":"신사우","A9":"파출소","A10":"033-245-0751","A11":"강원도 춘천시  영서로2771번길 2"}},
{"type":"Feature","geometry":{"type":"Point","coordinates":[367449.9946,575441.5934]},"properties":{"A0":"128.9002953148977","A1":"37.76341601802325","A2":"강원 강릉시 용지로 172(교동) 중부지구대","A3":"강원 강릉시 교동 133-3","A4":"5115011000101330003","A5":"960","A6":"강원청","A7":"강릉","A8":"중부","A9":"지구대","A10":"033-646-4112","A11":"강원도 강릉시  용지로 172 중부지구대"}},
{"type":"Feature","geometry":{"type":"Point","coordinates":[369718.1371,576682.0716]},"properties":{"A0":"128.9263075711698","A1":"37.774171971824984","A2":"강원 강릉시 경강로 2439(송정동) 동부지구대","A3":"강원 강릉시 송정동 740-3","A4":"5115011400107400003","A5":"961","A6":"강원청","A7":"강릉","A8":"동부","A9":"지구대","A10":"033-650-9722","A11":"강원도 강릉시  경강로 2439 동부지구대"}},
{"type":"Feature","geometry":{"type":"Point","coordinates":[367197.8795,573833.3501]},"properties":{"A0":"128.8970637765441","A1":"37.74898156033015","A2":"강원 강릉시 임영로 74(노암동)","A3":"강원 강릉시 노암동 715-16","A4":"5115012100107150016","A5":"962","A6":"강원청","A7":"강릉","A8":"남부","A9":"지구대","A10":"033-650-9732","A11":"강원도 강릉시  임영로 74"}},
{"type":"Feature","geometry":{"type":"Point","coordinates":[360888.5503,589867.9765]},"properties":{"A0":"128.82907385443036","A1":"37.89450191672606","A2":"강원 강릉시 주문진읍 주문로 130","A3":"강원 강릉시 주문진읍 주문리 312-7","A4":"5115025021103120007","A5":"963","A6":"강원청","A7":"강릉","A8":"북부","A9":"지구대","A10":"033-662-2112","A11":"강원도 강릉시 주문진읍 주문로 130"}},
{"type":"Feature","geometry":{"type":"Point","coordinates":[365252.7738,576123.2755]},"properties":{"A0":"128.8755257519256","A1":"37.769955472799886","A2":"강원 강릉시 하슬라로 223(교동)","A3":"강원 강릉시 교동 1814-4","A4":"5115011000118140004","A5":"964","A6":"강원청","A7":"강릉","A8":"서부","A9":"지구대","A10":"033-650-9753","A11":"강원도 강릉시  하슬라로 223"}},
{"type":"Feature","geometry":{"type":"Point","coordinates":[374415.5341,572164.7921]},"properties":{"A0":"128.97863981568761","A1":"37.732613376419636","A2":"강원 강릉시 강동면 율곡로 1954","A3":"강원 강릉시 강동면 안인리 711","A4":"5115034023107110000","A5":"965","A6":"강원청","A7":"강릉","A8":"강동","A9":"파출소","A10":"033-650-9763","A11":"강원도 강릉시 강동면 율곡로 1954"}},
{"type":"Feature","geometry":{"type":"Point","coordinates":[379998.5914,558967.3729]},"properties":{"A0":"129.03855422000447","A1":"37.61270091514507","A2":"강원 강릉시 옥계면 현내시장길 26","A3":"강원 강릉시 옥계면 현내리 316-2","A4":"5115035021103160002","A5":"966","A6":"강원청","A7":"강릉","A8":"옥계","A9":"파출소","A10":"033-650-9772","A11":"강원도 강릉시 옥계면 현내시장길 26"}},
{"type":"Feature","geometry":{"type":"Point","coordinates":[285196.6749,526184.9547]},"properties":{"A0":"127.96131160766012","A1":"37.331035545125786","A2":"강원 원주시 강변로 263(단구동)","A3":"강원 원주시 단구동 200-1","A4":"5113010700102000001","A5":"967","A6":"강원청","A7":"원주","A8":"단관","A9":"지구대","A10":"033-761-8013","A11":"강원도 원주시  강변로 263"}},
{"type":"Feature","geometry":{"type":"Point","coordinates":[204572.0137,551694.5552]},"properties":{"A0":"127.0517494646109","A1":"37.564774532258554","A2":"서울 성동구 용답중앙길 49(용답동) 용답파출소","A3":"서울 성동구 용답동 83-5","A4":"1120012200100830005","A5":"94","A6":"서울청","A7":"서울성동","A8":"용답","A9":"파출소","A10":"02-2245-0189","A11":"서울특별시 성동구  용답중앙길 49 용답파출소"}},
{"type":"Feature","geometry":{"type":"Point","coordinates":[283420.6538,530925.715]},"properties":{"A0":"127.94180842405746","A1":"37.373906221841814","A2":"강원 원주시 우산공단길 9-1(우산동)","A3":"강원 원주시 우산동 411-23","A4":"5113011100104110023","A5":"968","A6":"강원청","A7":"원주","A8":"북원","A9":"지구대","A10":"033-742-8009","A11":"강원도 원주시  우산공단길 9-1"}},
{"type":"Feature","geometry":{"type":"Point","coordinates":[282792.5568,528519.6799]},"properties":{"A0":"127.93444940428137","A1":"37.352286201568305","A2":"강원 원주시 북원로 2317(단계동)","A3":"강원 원주시 단계동 1085-4","A4":"5113011000110850004","A5":"969","A6":"강원청","A7":"원주","A8":"단계","A9":"지구대","A10":"033-732-8015","A11":"강원도 원주시 북원로 2317"}},
{"type":"Feature","geometry":{"type":"Point","coordinates":[284251.7652,529793.6172]},"properties":{"A0":"127.95106155063306","A1":"37.363632481753996","A2":"강원 원주시 현충로 107-8(태장동)","A3":"강원 원주시 태장동 1346-132","A4":"5113011200113460132","A5":"970","A6":"강원청","A7":"원주","A8":"봉산","A9":"지구대","A10":"033-742-8007","A11":"강원도 원주시  현충로 107-8"}},
{"type":"Feature","geometry":{"type":"Point","coordinates":[281467.9134,522710.1981]},"properties":{"A0":"127.91886288439576","A1":"37.30006600334215","A2":"강원 원주시 흥업면 남원로 43","A3":"강원 원주시 흥업면 흥업리 601-1","A4":"5113037021106010001","A5":"971","A6":"강원청","A7":"원주","A8":"흥업","A9":"지구대","A10":"033-762-4112","A11":"강원도 원주시 흥업면 남원로 43"}},
{"type":"Feature","geometry":{"type":"Point","coordinates":[283642.6981,529044.1412]},"properties":{"A0":"127.9441037088355","A1":"37.35693498360223","A2":"강원 원주시 평원로 160(학성동)","A3":"강원 원주시 학성동 329-15","A4":"5113010900103290015","A5":"972","A6":"강원청","A7":"원주","A8":"중앙","A9":"지구대","A10":"033-742-8011","A11":"강원도 원주시 평원로 160(학성동)"}},
{"type":"Feature","geometry":{"type":"Point","coordinates":[272403.0792,523928.2458]},"properties":{"A0":"127.81674895175908","A1":"37.31178805975925","A2":"강원 원주시 문막읍 건등로 3","A3":"강원 원주시 문막읍 건등리 1717-6","A4":"5113025026117170006","A5":"973","A6":"강원청","A7":"원주","A8":"문막","A9":"파출소","A10":"033-734-7113","A11":"강원도 원주시 문막읍 건등로 3"}},
{"type":"Feature","geometry":{"type":"Point","coordinates":[266578.7127,512506.0934]},"properties":{"A0":"127.75003257326085","A1":"37.20931416718558","A2":"강원 원주시 부론면 법천시장길 33","A3":"강원 원주시 부론면 법천리 1449-2","A4":"5113035021114490002","A5":"974","A6":"강원청","A7":"원주","A8":"부론","A9":"파출소","A10":"033-738-0782","A11":"강원도 원주시 부론면 법천시장길 33"}},
{"type":"Feature","geometry":{"type":"Point","coordinates":[277662.5309,531236.6606]},"properties":{"A0":"127.87683967892872","A1":"37.37720751164946","A2":"강원 원주시 지정면 가곡로 63","A3":"강원 원주시 지정면 가곡리 1531-4","A4":"5113033023115310004","A5":"975","A6":"강원청","A7":"원주","A8":"지정","A9":"지구대","A10":"033-732-0102","A11":"강원도 원주시 지정면 가곡로 63"}},
{"type":"Feature","geometry":{"type":"Point","coordinates":[386208.1025,552191.1724]},"properties":{"A0":"129.10710970702195","A1":"37.550453269809324","A2":"강원 동해시 발한로 241(발한동)","A3":"강원 동해시 발한동 288-6","A4":"5117011100102880006","A5":"977","A6":"강원청","A7":"동해","A8":"묵호","A9":"지구대","A10":"033-539-3375","A11":"강원도 동해시  발한로 241"}},
{"type":"Feature","geometry":{"type":"Point","coordinates":[386264.8746,549347.7005]},"properties":{"A0":"129.1070379083331","A1":"37.52484156673587","A2":"강원 동해시 천곡로 16(천곡동)","A3":"강원 동해시 천곡동 1080-1","A4":"5117010100110800001","A5":"978","A6":"강원청","A7":"동해","A8":"천곡","A9":"지구대","A10":"033-539-3715","A11":"강원도 동해시  천곡로 16"}},
{"type":"Feature","geometry":{"type":"Point","coordinates":[198210.7769,542337.0822]},"properties":{"A0":"126.9797710103189","A1":"37.48047306090747","A2":"서울 동작구 동작대로9길 35(사당동)","A3":"서울 동작구 사당동 1028-1","A4":"1159010700110280001","A5":"95","A6":"서울청","A7":"서울동작","A8":"사당","A9":"지구대","A10":"02-811-9853","A11":"서울특별시 동작구  동작대로9길 35"}},
{"type":"Feature","geometry":{"type":"Point","coordinates":[386353.9496,545435.1482]},"properties":{"A0":"129.1070531867024","A1":"37.489596566280156","A2":"강원 동해시 효자남길 33-8(동회동)","A3":"강원 동해시 동회동 110-1","A4":"5117010700101100001","A5":"979","A6":"강원청","A7":"동해","A8":"북삼","A9":"지구대","A10":"033-539-3355","A11":"강원도 동해시  효자남길 33-8"}},
{"type":"Feature","geometry":{"type":"Point","coordinates":[388081.1548,544804.877]},"properties":{"A0":"129.12641228520857","A1":"37.483564856212666","A2":"강원 동해시 대동로 132(북평동)","A3":"강원 동해시 북평동 10-4","A4":"5117011200100100004","A5":"980","A6":"강원청","A7":"동해","A8":"북평","A9":"파출소","A10":"033-539-3345","A11":"강원도 동해시  대동로 132"}},
{"type":"Feature","geometry":{"type":"Point","coordinates":[376942.5189,509411.1628]},"properties":{"A0":"128.99211396489818","A1":"37.167052933677205","A2":"강원 태백시 황지로 94(황지동) 황지지구대","A3":"강원 태백시 황지동 62-2","A4":"5119010100100620002","A5":"981","A6":"강원청","A7":"태백","A8":"황지","A9":"지구대","A10":"033-552-2112","A11":"강원도 태백시  황지로 94(황지지구대)"}},
{"type":"Feature","geometry":{"type":"Point","coordinates":[378590.4648,502262.76]},"properties":{"A0":"129.00895311290344","A1":"37.10237031164429","A2":"강원 태백시 장성로 28(장성동)","A3":"강원 태백시 장성동 150-19","A4":"5119010200101500019","A5":"982","A6":"강원청","A7":"태백","A8":"장성","A9":"파출소","A10":"033-581-8112","A11":"강원도 태백시  장성로 28(장성동)"}},
{"type":"Feature","geometry":{"type":"Point","coordinates":[375854.2037,506628.2435]},"properties":{"A0":"128.97921593066064","A1":"37.14219993876232","A2":"강원 태백시 버들치길 51(황지동)","A3":"강원 태백시 황지동 655-6","A4":"5119010100106550006","A5":"983","A6":"강원청","A7":"태백","A8":"소도","A9":"파출소","A10":"033-552-8113","A11":"강원도 태백시  버들치길 태백시 버들치길 51"}},
{"type":"Feature","geometry":{"type":"Point","coordinates":[381793.8032,504890.9208]},"properties":{"A0":"129.0456086794876","A1":"37.12541800244908","A2":"강원 태백시 상철암길 28-6(철암동) 태백경찰서 철암파출소","A3":"강원 태백시 철암동 323-14","A4":"5119010400103230014","A5":"984","A6":"강원청","A7":"태백","A8":"철암","A9":"파출소","A10":"033-582-8113","A11":"강원도 태백시  상철암길 28-6 태백경찰서 철암파출소"}},
{"type":"Feature","geometry":{"type":"Point","coordinates":[381077.1274,510080.1048]},"properties":{"A0":"129.0387995434237","A1":"37.17228655148638","A2":"강원 태백시 통리1길 112(통동)","A3":"강원 태백시 통동 73-38","A4":"5119011200100730038","A5":"985","A6":"강원청","A7":"태백","A8":"통리","A9":"파출소","A10":"033-552-1112","A11":"강원도 태백시  통리1길 112"}},
{"type":"Feature","geometry":{"type":"Point","coordinates":[338445.9117,623180.8506]},"properties":{"A0":"128.58046434162927","A1":"38.19820038035476","A2":"강원 속초시 중앙로 22-9(교동)","A3":"강원 속초시 교동 668-29","A4":"5121010600106680029","A5":"986","A6":"강원청","A7":"속초","A8":"영랑","A9":"지구대","A10":"033-633-2362","A11":"강원도 속초시  중앙로 22-9"}},
{"type":"Feature","geometry":{"type":"Point","coordinates":[338938.079,622255.7168]},"properties":{"A0":"128.58590049840925","A1":"38.18979696940043","A2":"강원 속초시 동해대로 4100(조양동)","A3":"강원 속초시 조양동 1005-5","A4":"5121010800110050005","A5":"988","A6":"강원청","A7":"속초","A8":"청초","A9":"지구대","A10":"033-633-3264","A11":"강원도 속초시  동해대로 4100"}},
{"type":"Feature","geometry":{"type":"Point","coordinates":[354650.5736,598089.6992]},"properties":{"A0":"128.75995180575023","A1":"37.969623707796686","A2":"강원 양양군 현남면 인구중앙길 51 현남파출소","A3":"강원 양양군 현남면 인구리 16","A4":"5183034021100160000","A5":"989","A6":"강원청","A7":"속초","A8":"현남","A9":"파출소","A10":"033-671-6112","A11":"강원도 양양군 현남면 인구중앙길 51 현남파출소"}},
{"type":"Feature","geometry":{"type":"Point","coordinates":[194101.2863,545741.959]},"properties":{"A0":"126.93328174294112","A1":"37.51113411333277","A2":"서울 동작구 등용로12나길 2(대방동)","A3":"서울 동작구 대방동 68-55","A4":"1159010800100680055","A5":"96","A6":"서울청","A7":"서울동작","A8":"노량진","A9":"지구대","A10":"02-811-9813","A11":"서울특별시 동작구  등용로12나길 2"}},
{"type":"Feature","geometry":{"type":"Point","coordinates":[340955.0426,617959.1067]},"properties":{"A0":"128.60806536995813","A1":"38.15078597746883","A2":"강원 양양군 강현면 동해대로 3485-39 강현파출소","A3":"강원 양양군 강현면 정암리 448-1","A4":"5183035036104480001","A5":"991","A6":"강원청","A7":"속초","A8":"강현","A9":"파출소","A10":"033-671-5112","A11":"강원도 양양군 강현면 동해대로 3485-39 강현파출소"}},
{"type":"Feature","geometry":{"type":"Point","coordinates":[339143.4835,609123.8776]},"properties":{"A0":"128.5856859641666","A1":"38.071501588326264","A2":"강원 양양군 서면 물윗구미길 9","A3":"강원 양양군 서면 상평리 35-6","A4":"5183031029100350006","A5":"992","A6":"강원청","A7":"속초","A8":"서면","A9":"파출소","A10":"033-672-0112","A11":"강원도 양양군 서면 물윗구미길 9"}},
{"type":"Feature","geometry":{"type":"Point","coordinates":[372296.9699,529356.5674]},"properties":{"A0":"128.94445344069646","A1":"37.347533752228756","A2":"강원 삼척시 하장면 하장길 74","A3":"강원 삼척시 하장면 광동리 80-9","A4":"5123032024100800009","A5":"993","A6":"강원청","A7":"삼척","A8":"하장","A9":"파출소","A10":"033-552-0112","A11":"강원도 삼척시 하장면 하장길 74"}},
{"type":"Feature","geometry":{"type":"Point","coordinates":[407618.6631,510984.7442]},"properties":{"A0":"129.33767774027368","A1":"37.17491295182296","A2":"강원 삼척시 원덕읍 삼척로 418","A3":"강원 삼척시 원덕읍 호산리 256-2","A4":"5123025326102560002","A5":"994","A6":"강원청","A7":"삼척","A8":"원덕","A9":"파출소","A10":"033-572-6112","A11":"강원도 삼척시 원덕읍 삼척로 418"}},
{"type":"Feature","geometry":{"type":"Point","coordinates":[407970.7343,517422.8604]},"properties":{"A0":"129.3434295495965","A1":"37.232793291965336","A2":"강원 삼척시 원덕읍 삼척로 1214","A3":"강원 삼척시 원덕읍 임원리 345-2","A4":"5123025322103450002","A5":"995","A6":"강원청","A7":"삼척","A8":"임원","A9":"파출소","A10":"033-572-5112","A11":"강원도 삼척시 원덕읍 삼척로 1214"}},
{"type":"Feature","geometry":{"type":"Point","coordinates":[397118.533,533583.9897]},"properties":{"A0":"129.22551954394876","A1":"37.38066055504879","A2":"강원 삼척시 근덕면 삼척로 3655 근덕파출소","A3":"강원 삼척시 근덕면 교가리 656-4","A4":"5123031024106560004","A5":"996","A6":"강원청","A7":"삼척","A8":"근덕","A9":"파출소","A10":"033-572-3112","A11":"강원도 삼척시 근덕면 삼척로 3655 근덕파출소"}},
{"type":"Feature","geometry":{"type":"Point","coordinates":[387073.9757,537484.6243]},"properties":{"A0":"129.11317460600026","A1":"37.4178596930724","A2":"강원 삼척시 미로면 강원남부로 4033","A3":"강원 삼척시 미로면 하거노리 208","A4":"5123034023102080000","A5":"997","A6":"강원청","A7":"삼척","A8":"미로","A9":"파출소","A10":"033-573-2112","A11":"강원도 삼척시 미로면 강원남부로 4033"}},
{"type":"Feature","geometry":{"type":"Point","coordinates":[381532.0569,516793.5042]},"properties":{"A0":"129.04554950013852","A1":"37.23264822900305","A2":"강원 삼척시 도계읍 도계로 262 도계파출소","A3":"강원 삼척시 도계읍 도계리 262-3","A4":"5123025030102620003","A5":"998","A6":"강원청","A7":"삼척","A8":"도계","A9":"파출소","A10":"033-541-2112","A11":"강원도 삼척시 도계읍 도계로 262 도계파출소"}},
{"type":"Feature","geometry":{"type":"Point","coordinates":[391531.7645,540413.1911]},"properties":{"A0":"129.1642550111474","A1":"37.443319030745336","A2":"강원 삼척시 진주로 30(남양동) 성내파출소","A3":"강원 삼척시 남양동 34-8","A4":"5123012000100340008","A5":"999","A6":"강원청","A7":"삼척","A8":"성내","A9":"파출소","A10":"033-574-0112","A11":"강원도 삼척시  진주로 30 성내파출소"}},
{"type":"Feature","geometry":{"type":"Point","coordinates":[393548.5605,539801.1159]},"properties":{"A0":"129.18686867105995","A1":"37.437388761839784","A2":"강원 삼척시 새천년도로 40(정하동)","A3":"강원 삼척시 정하동 187-27","A4":"5123012600101870027","A5":"1000","A6":"강원청","A7":"삼척","A8":"정라","A9":"지구대","A10":"033-572-2113","A11":"강원도 삼척시  새천년도로 40"}},
{"type":"Feature","geometry":{"type":"Point","coordinates":[197634.7276,542739.8988]},"properties":{"A0":"126.97325688677606","A1":"37.484101194862816","A2":"서울 동작구 사당로17나길 4(사당동)","A3":"서울 동작구 사당동 257-25","A4":"1159010700102570025","A5":"98","A6":"서울청","A7":"서울동작","A8":"남성","A9":"지구대","A10":"02-811-9843","A11":"서울특별시 동작구 사당로17나길 4"}},
{"type":"Feature","geometry":{"type":"Point","coordinates":[330743.8911,510406.084]},"properties":{"A0":"128.4723438163885","A1":"37.183616118095074","A2":"강원 영월군 영월읍 중앙로 77","A3":"강원 영월군 영월읍 영흥리 845-5","A4":"5175025021108450005","A5":"1001","A6":"강원청","A7":"영월","A8":"영월","A9":"지구대","A10":"033-374-3112","A11":"강원도 영월군 영월읍 중앙로 77"}},
{"type":"Feature","geometry":{"type":"Point","coordinates":[324236.6177,510565.5585]},"properties":{"A0":"128.39911044165927","A1":"37.18594346233506","A2":"강원 영월군 남면 영월로 815 남면파출소","A3":"강원 영월군 남면 연당리 1107-9","A4":"5175034021111070009","A5":"1002","A6":"강원청","A7":"영월","A8":"남면","A9":"파출소","A10":"033-372-4112","A11":"강원도 영월군 남면 영월로 815 남면파출소"}},
{"type":"Feature","geometry":{"type":"Point","coordinates":[312397.2764,519777.0261]},"properties":{"A0":"128.267197115543","A1":"37.27041827112711","A2":"강원 영월군 주천면 주천로 75","A3":"강원 영월군 주천면 주천리 1235-2","A4":"5175036021112350002","A5":"1003","A6":"강원청","A7":"영월","A8":"주천","A9":"파출소","A10":"033-372-7112","A11":"강원도 영월군 주천면 주천로 75"}},
{"type":"Feature","geometry":{"type":"Point","coordinates":[317798.5553,516154.1529]},"properties":{"A0":"128.32750855891925","A1":"37.23711795777115","A2":"강원 영월군 한반도면 신천길 20-4","A3":"강원 영월군 한반도면 신천리 281","A4":"5175035523102810000","A5":"1004","A6":"강원청","A7":"영월","A8":"한반도","A9":"파출소","A10":"033-372-6112","A11":"강원도 영월군 한반도면 신천길 20-4"}},
{"type":"Feature","geometry":{"type":"Point","coordinates":[349307.4125,506496.0099]},"properties":{"A0":"128.68053517947953","A1":"37.14561709548906","A2":"강원 영월군 산솔면 태백산로 1198","A3":"강원 영월군 산솔면 녹전리 776-5","A4":"5175031221107760005","A5":"1005","A6":"강원청","A7":"영월","A8":"산솔","A9":"파출소","A10":"033-378-4112","A11":"강원도 영월군 중동면 태백산로 1198"}},
{"type":"Feature","geometry":{"type":"Point","coordinates":[339558.3739,504475.7459]},"properties":{"A0":"128.5704622906594","A1":"37.128924744600646","A2":"강원 영월군 김삿갓면 영월동로 1676","A3":"강원 영월군 김삿갓면 옥동리 412","A4":"5175032524104120000","A5":"1006","A6":"강원청","A7":"영월","A8":"김삿갓","A9":"파출소","A10":"033-372-9112","A11":"강원도 영월군 김삿갓면 영월동로 1676"}},
{"type":"Feature","geometry":{"type":"Point","coordinates":[354267.1885,520032.2559]},"properties":{"A0":"128.73913281335172","A1":"37.266726532281524","A2":"강원 정선군 남면 칠현로 45","A3":"강원 정선군 남면 문곡리 322-4","A4":"5177032021103220004","A5":"1007","A6":"강원청","A7":"정선","A8":"남면","A9":"파출소","A10":"033-560-5277","A11":"강원도 정선군 남면 칠현로 45"}},
{"type":"Feature","geometry":{"type":"Point","coordinates":[346010.0606,514718.4583]},"properties":{"A0":"128.6450400280076","A1":"37.22019982697685","A2":"강원 정선군 신동읍 의림로 321","A3":"강원 정선군 신동읍 예미리 616-8","A4":"5177025921106160008","A5":"1008","A6":"강원청","A7":"정선","A8":"신동","A9":"파출소","A10":"033-560-5278","A11":"강원도 정선군 신동읍 의림로 321"}},
{"type":"Feature","geometry":{"type":"Point","coordinates":[358502.2793,528026.8181]},"properties":{"A0":"128.78856159582665","A1":"37.3380106172213","A2":"강원 정선군 화암면 그림바위길 68 화암파출소","A3":"강원 정선군 화암면 화암리 358-1","A4":"5177036021103580001","A5":"1009","A6":"강원청","A7":"정선","A8":"화암","A9":"파출소","A10":"033-560-5273","A11":"강원도 정선군 화암면 그림바위길 68 화암파출소"}},
{"type":"Feature","geometry":{"type":"Point","coordinates":[363658.936,545549.6956]},"properties":{"A0":"128.85060473899583","A1":"37.494925141548464","A2":"강원 정선군 임계면 서동로 4559","A3":"강원 정선군 임계면 송계리 763-1","A4":"5177035025107630001","A5":"1010","A6":"강원청","A7":"정선","A8":"임계","A9":"파출소","A10":"033-560-5274","A11":"강원도 정선군 임계면 서동로 4559"}},
{"type":"Feature","geometry":{"type":"Point","coordinates":[196476.3708,545545.2319]},"properties":{"A0":"126.96014642897352","A1":"37.5093737194527","A2":"서울 동작구 흑석로13길 13(흑석동)","A3":"서울 동작구 흑석동 341-6","A4":"1159010500103410006","A5":"99","A6":"서울청","A7":"서울동작","A8":"흑석","A9":"지구대","A10":"02-811-9823","A11":"서울특별시 동작구 흑석로13길 13"}},
{"type":"Feature","geometry":{"type":"Point","coordinates":[361531.1384,515855.3645]},"properties":{"A0":"128.82008015878472","A1":"37.22787583975562","A2":"강원 정선군 사북읍 사북중앙로 49 정선경찰서 사북파출소","A3":"강원 정선군 사북읍 사북리 344-10","A4":"5177025622103440010","A5":"1011","A6":"강원청","A7":"정선","A8":"사북","A9":"파출소","A10":"033-560-5275","A11":"강원도 정선군 사북읍 사북중앙로 49 정선경찰서 사북파출소"}},
{"type":"Feature","geometry":{"type":"Point","coordinates":[364224,513264.8045]},"properties":{"A0":"128.84983906193747","A1":"37.204080023250214","A2":"강원 정선군 고한읍 고한2길 5","A3":"강원 정선군 고한읍 고한리 91-66","A4":"5177025321100910066","A5":"1012","A6":"강원청","A7":"정선","A8":"고한","A9":"파출소","A10":"033-560-5276","A11":"강원도 정선군 고한읍 고한2길 5"}},
{"type":"Feature","geometry":{"type":"Point","coordinates":[352516.4512,542788.6971]},"properties":{"A0":"128.7240900136836","A1":"37.4719633940654","A2":"강원 정선군 여량면 서동로 2921 정선경찰서 여량파출소","A3":"강원 정선군 여량면 여량리 115-3","A4":"5177037021101150003","A5":"1013","A6":"강원청","A7":"정선","A8":"여량","A9":"파출소","A10":"033-560-5272","A11":"강원도 정선군 여량면 서동로 2921 정선경찰서 여량파출소"}},
{"type":"Feature","geometry":{"type":"Point","coordinates":[347512.1385,532490.0028]},"properties":{"A0":"128.66547596668366","A1":"37.379987019117365","A2":"강원 정선군 정선읍 봉양7길 36","A3":"강원 정선군 정선읍 봉양리 348-6","A4":"5177025021103480006","A5":"1014","A6":"강원청","A7":"정선","A8":"정선","A9":"파출소","A10":"033-560-5271","A11":"강원도 정선군 정선읍 봉양7길 36"}},
{"type":"Feature","geometry":{"type":"Point","coordinates":[278398.3333,566334.8185]},"properties":{"A0":"127.88889166002878","A1":"37.69334248129114","A2":"강원 홍천군 홍천읍 진리로 31","A3":"강원 홍천군 홍천읍 진리 43-4","A4":"5172025021100430004","A5":"1015","A6":"강원청","A7":"홍천","A8":"희망","A9":"지구대","A10":"033-434-2386","A11":"강원도 홍천군 홍천읍 진리로 31"}},
{"type":"Feature","geometry":{"type":"Point","coordinates":[322473.0371,575856.6139]},"properties":{"A0":"128.3901072959525","A1":"37.774280500267395","A2":"강원 홍천군 내면 창촌로 65","A3":"강원 홍천군 내면 창촌리 1575-2","A4":"5172039021115750002","A5":"1016","A6":"강원청","A7":"홍천","A8":"내면","A9":"파출소","A10":"033-432-6112","A11":"강원도 홍천군 내면 창촌로 65"}},
{"type":"Feature","geometry":{"type":"Point","coordinates":[304469.8605,568834.7379]},"properties":{"A0":"128.18479190683752","A1":"37.71327401265544","A2":"강원 홍천군 서석면 구룡령로 2517","A3":"강원 홍천군 서석면 풍암리 486-2","A4":"5172034021104860002","A5":"1017","A6":"강원청","A7":"홍천","A8":"서석","A9":"파출소","A10":"033-433-4112","A11":"강원도 홍천군 서석면 구룡령로 2517"}},
{"type":"Feature","geometry":{"type":"Point","coordinates":[258435.2514,565051.7678]},"properties":{"A0":"127.66246108478434","A1":"37.68327355586225","A2":"강원 홍천군 서면 팔봉산로 555","A3":"강원 홍천군 서면 두미리 451-3","A4":"5172037032104510003","A5":"1018","A6":"강원청","A7":"홍천","A8":"서면","A9":"파출소","A10":"033-434-0330","A11":"강원도 홍천군 서면 팔봉산로 555"}},
{"type":"Feature","geometry":{"type":"Point","coordinates":[267849.499,557777.27]},"properties":{"A0":"127.76850318261057","A1":"37.61708817762274","A2":"강원 홍천군 남면 양덕원로 86","A3":"강원 홍천군 남면 양덕원리 194-9","A4":"5172036021101940009","A5":"1019","A6":"강원청","A7":"홍천","A8":"남면","A9":"파출소","A10":"033-432-4112","A11":"강원도 홍천군 남면 양덕원로 86"}},
{"type":"Feature","geometry":{"type":"Point","coordinates":[285237.3479,575067.7565]},"properties":{"A0":"127.9674479912306","A1":"37.771402540974066","A2":"강원 홍천군 화촌면 성산로 149","A3":"강원 홍천군 화촌면 성산리 460-5","A4":"5172031023104600005","A5":"1020","A6":"강원청","A7":"홍천","A8":"화촌","A9":"파출소","A10":"033-432-2112","A11":"강원도 홍천군 화촌면 성산로 149"}},
{"type":"Feature","geometry":{"type":"Point","coordinates":[191680.646,543026.2118]},"properties":{"A0":"126.90593352176636","A1":"37.48664646834918","A2":"서울 동작구 신대방1다길 24(신대방동)","A3":"서울 동작구 신대방동 719-2","A4":"1159010900107190002","A5":"100","A6":"서울청","A7":"서울동작","A8":"신대방","A9":"지구대","A10":"02-811-9863","A11":"서울특별시 동작구 신대방1다길 24"}},
{"type":"Feature","geometry":{"type":"Point","coordinates":[289711.3202,585919.1331]},"properties":{"A0":"128.01956281724338","A1":"37.86872552247108","A2":"강원 홍천군 두촌면 자은로 353","A3":"강원 홍천군 두촌면 자은리 815-7","A4":"5172032024108150007","A5":"1021","A6":"강원청","A7":"홍천","A8":"두촌","A9":"파출소","A10":"033-435-3112","A11":"강원도 홍천군 두촌면 자은로 353"}},
{"type":"Feature","geometry":{"type":"Point","coordinates":[295743.592,580149.9724]},"properties":{"A0":"128.08734655231436","A1":"37.81614545494314","A2":"강원 홍천군 내촌면 내촌길 29","A3":"강원 홍천군 내촌면 도관리 444-27","A4":"5172033024104440027","A5":"1022","A6":"강원청","A7":"홍천","A8":"내촌","A9":"파출소","A10":"033-433-3112","A11":"강원도 홍천군 내촌면 내촌길 29"}},
{"type":"Feature","geometry":{"type":"Point","coordinates":[323575.889,530583.2525]},"properties":{"A0":"128.39499565842453","A1":"37.36634420407636","A2":"강원 평창군 평창읍 평창중앙로 5","A3":"강원 평창군 평창읍 하리 50-12","A4":"5176025023100500012","A5":"1023","A6":"강원청","A7":"평창","A8":"평창","A9":"지구대","A10":"033-339-5372","A11":"강원도 평창군 평창읍 평창중앙로 5"}},
{"type":"Feature","geometry":{"type":"Point","coordinates":[321756.6467,556712.7083]},"properties":{"A0":"128.37878573439212","A1":"37.601943598662075","A2":"강원 평창군 봉평면 평온길 2","A3":"강원 평창군 봉평면 평촌리 546","A4":"5176034022105460000","A5":"1024","A6":"강원청","A7":"평창","A8":"중부","A9":"지구대","A10":"033-339-5376","A11":"강원도 평창군 봉평면 평온길 2"}},
{"type":"Feature","geometry":{"type":"Point","coordinates":[328730.1452,545392.1363]},"properties":{"A0":"128.45574461885855","A1":"37.499030256107176","A2":"강원 평창군 대화면 대화중앙로 112","A3":"강원 평창군 대화면 대화리 990-1","A4":"5176033021109900001","A5":"1025","A6":"강원청","A7":"평창","A8":"대화","A9":"파출소","A10":"033-339-5304","A11":"강원도 평창군 대화면 대화중앙로 112"}},
{"type":"Feature","geometry":{"type":"Point","coordinates":[337507.0438,560853.1665]},"properties":{"A0":"128.55786426249352","A1":"37.637017817791744","A2":"강원 평창군 진부면 청송로 103","A3":"강원 평창군 진부면 하진부리 143-1","A4":"5176036021101430001","A5":"1026","A6":"강원청","A7":"평창","A8":"진부","A9":"파출소","A10":"033-339-5275","A11":"강원도 평창군 진부면 청송로 103"}},
{"type":"Feature","geometry":{"type":"Point","coordinates":[350612.6405,565047.1236]},"properties":{"A0":"128.70717987900667","A1":"37.67284162024711","A2":"강원 평창군 대관령면 대관령로 95","A3":"강원 평창군 대관령면 횡계리 324-10","A4":"5176038024103240010","A5":"1027","A6":"강원청","A7":"평창","A8":"대관령","A9":"파출소","A10":"033-339-5284","A11":"강원도 평창군 대관령면 대관령로 대관령로 95"}},
{"type":"Feature","geometry":{"type":"Point","coordinates":[287123.2126,543619.2145]},"properties":{"A0":"127.98510166098957","A1":"37.487919732330056","A2":"강원 횡성군 횡성읍 횡성로 389","A3":"강원 횡성군 횡성읍 읍하리 119-3","A4":"5173025022101190003","A5":"1028","A6":"강원청","A7":"횡성","A8":"횡성","A9":"지구대","A10":"033-340-7415","A11":"강원도 횡성군 횡성읍 횡성로 389"}},
{"type":"Feature","geometry":{"type":"Point","coordinates":[307361.2795,546622.5682]},"properties":{"A0":"128.21432906003028","A1":"37.51284458329995","A2":"강원 횡성군 둔내면 둔내로 33","A3":"강원 횡성군 둔내면 둔방내리 84-5","A4":"5173033022100840005","A5":"1029","A6":"강원청","A7":"횡성","A8":"둔내","A9":"파출소","A10":"033-340-7421","A11":"강원도 횡성군 둔내면 둔내로 33"}},
{"type":"Feature","geometry":{"type":"Point","coordinates":[294446.3295,540292.5034]},"properties":{"A0":"128.06746380098326","A1":"37.45723355576623","A2":"강원 횡성군 우천면 수남로 390","A3":"강원 횡성군 우천면 우항리 545","A4":"5173031031105450000","A5":"1030","A6":"강원청","A7":"횡성","A8":"우천","A9":"파출소","A10":"033-340-7431","A11":"강원도 횡성군 우천면 수남로 390"}},
{"type":"Feature","geometry":{"type":"Point","coordinates":[192980.9172,544346.5526]},"properties":{"A0":"126.92062290493298","A1":"37.49855362164159","A2":"서울 동작구 여의대방로 130(대방동)","A3":"서울 동작구 대방동 417-4","A4":"1159010800104170004","A5":"101","A6":"서울청","A7":"서울동작","A8":"대방","A9":"파출소","A10":"02-811-9873","A11":"서울특별시 동작구 여의대방로 130"}},
{"type":"Feature","geometry":{"type":"Point","coordinates":[302466.1191,535495.5379]},"properties":{"A0":"128.157424709642","A1":"37.41316573916119","A2":"강원 횡성군 안흥면 안흥로 41","A3":"강원 횡성군 안흥면 안흥리 283-1","A4":"5173032021102830001","A5":"1031","A6":"강원청","A7":"횡성","A8":"안흥","A9":"파출소","A10":"033-340-7441","A11":"강원도 횡성군 안흥면 안흥로 41"}},
{"type":"Feature","geometry":{"type":"Point","coordinates":[301483.7719,554314.5574]},"properties":{"A0":"128.14892611082757","A1":"37.582800114878815","A2":"강원 횡성군 청일면 청정로 825","A3":"강원 횡성군 청일면 유동리 1043-1","A4":"5173035024110430001","A5":"1032","A6":"강원청","A7":"횡성","A8":"청일","A9":"파출소","A10":"033-340-7451","A11":"강원도 횡성군 청일면 청정로 825"}},
{"type":"Feature","geometry":{"type":"Point","coordinates":[275059.3832,543387.7711]},"properties":{"A0":"127.84868675877016","A1":"37.48689040202025","A2":"강원 횡성군 서원면 서원로 143","A3":"강원 횡성군 서원면 창촌리 588-1","A4":"5173037021105880001","A5":"1033","A6":"강원청","A7":"횡성","A8":"서원","A9":"파출소","A10":"033-340-7461","A11":"강원도 횡성군 서원면 서원로  143"}},
{"type":"Feature","geometry":{"type":"Point","coordinates":[327971.7867,643312.637]},"properties":{"A0":"128.46457274667637","A1":"38.381053743307014","A2":"강원 고성군 간성읍 간성로 104","A3":"강원 고성군 간성읍 상리 180","A4":"5182025025101800000","A5":"1034","A6":"강원청","A7":"고성","A8":"간성","A9":"파출소","A10":"033-682-0112","A11":"강원도 고성군 간성읍 간성로 104"}},
{"type":"Feature","geometry":{"type":"Point","coordinates":[336274.6318,629892.7457]},"properties":{"A0":"128.55697669515797","A1":"38.25897622273804","A2":"강원 고성군 토성면 토성로 165","A3":"강원 고성군 토성면 천진리 140","A4":"5182033021101400000","A5":"1035","A6":"강원청","A7":"고성","A8":"토성","A9":"파출소","A10":"033-632-0113","A11":"강원도 고성군 토성면 토성로 165"}},
{"type":"Feature","geometry":{"type":"Point","coordinates":[333463.5518,637262.5184]},"properties":{"A0":"128.52625942166657","A1":"38.32576822542879","A2":"강원 고성군 죽왕면 심층수길 15","A3":"강원 고성군 죽왕면 오호리 64-11","A4":"5182032021100640011","A5":"1036","A6":"강원청","A7":"고성","A8":"죽왕","A9":"파출소","A10":"033-632-6112","A11":"강원도 고성군 죽왕면 심층수길 15"}},
{"type":"Feature","geometry":{"type":"Point","coordinates":[327201.0918,650889.0782]},"properties":{"A0":"128.4571251472841","A1":"38.4493934372431","A2":"강원 고성군 거진읍 거진길 67","A3":"강원 고성군 거진읍 거진리 160-2","A4":"5182025321101600002","A5":"1037","A6":"강원청","A7":"고성","A8":"금강","A9":"파출소","A10":"033-682-2112","A11":"강원도 고성군 거진읍 거진길 67"}},
{"type":"Feature","geometry":{"type":"Point","coordinates":[302940.2033,607770.4559]},"properties":{"A0":"128.17300911653393","A1":"38.06415238544312","A2":"강원 인제군 인제읍 인제로178번길 52-6","A3":"강원 인제군 인제읍 상동리 427-3","A4":"5181025021104270003","A5":"1038","A6":"강원청","A7":"인제","A8":"상동","A9":"파출소","A10":"033-463-2112","A11":"강원도 인제군 인제읍 인제로 178번길 52-6"}},
{"type":"Feature","geometry":{"type":"Point","coordinates":[294817.4626,596952.9775]},"properties":{"A0":"128.07903475357853","A1":"37.96759755674622","A2":"강원 인제군 남면 신남로 49 남면파출소","A3":"강원 인제군 남면 신남리 368-1","A4":"5181031021103680001","A5":"1039","A6":"강원청","A7":"인제","A8":"남면","A9":"파출소","A10":"033-461-6112","A11":"강원도 인제군 남면 신남로 49 남면파출소"}},
{"type":"Feature","geometry":{"type":"Point","coordinates":[315862.4672,595786.4739]},"properties":{"A0":"128.31829864219492","A1":"37.95468193346934","A2":"강원 인제군 기린면 기린로 32","A3":"강원 인제군 기린면 현리 393-1","A4":"5181033021103930001","A5":"1040","A6":"강원청","A7":"인제","A8":"기린","A9":"파출소","A10":"033-461-5112","A11":"강원도 인제군 기린면 기린로 32"}}
]}